animal_id,animal_no,scientific_name,common_name_it,common_name_en,iucn_lookup_status,iucn_assessment_id,iucn_red_list_category,iucn_red_list_category_name,iucn_year_published,iucn_assessment_url,elevation_lower_m,elevation_upper_m,depth_upper_m,depth_lower_m
1,001,Anax Imperator,Libellula Imperatore,Emperor Dragonfly,ok,72311295,LC,Least Concern,2016,https://www.iucnredlist.org/species/59812/72311295,,,,
2,002,Passer Domesticus,Passero Comune,House Sparrow,ok,155522130,LC,Least Concern,2019,https://www.iucnredlist.org/species/103818789/155522130,,4500.0,,
3,003,Podarcis Muralis,Lucertola Muraiola,Common Wall Lizard,ok,12514105,LC,Least Concern,2009,https://www.iucnredlist.org/species/61550/12514105,0.0,2500.0,,
4,004,Vulpes Zerda,Fennec,Fennec Fox,ok,46173447,LC,Least Concern,2015,https://www.iucnredlist.org/species/41588/46173447,0.0,,,
5,005,Archilochus Colubris,Colibrì Golarubina,Ruby-Throated Hummingbird,ok,186910664,LC,Least Concern,2021,https://www.iucnredlist.org/species/22688193/186910664,,1900.0,,
6,006,Uromastyx Acanthinura,Uromastice Del Nord Africa,North African Spiny-Tailed Lizard,ok,2531202,NT,Near Threatened,2021,https://www.iucnredlist.org/species/198535/2531202,,,,
7,007,Pandinus Imperator,Scorpione Imperatore,Emperor Scorpion,assessment_not_found,,,,,,,,,
8,008,Canis Lupus,Lupo Grigio,Grey Wolf,ok,247624660,LC,Least Concern,2023,https://www.iucnredlist.org/species/3746/247624660,0.0,3000.0,,
9,009,Pyrrhocoris Apterus,Cavaliere Rosso,Firebug,assessment_not_found,,,,,,,,,
10,010,Gerbillus Gerbillus,Gerbillo Del Deserto,Lesser Egyptian Gerbil,ok,115090506,LC,Least Concern,2016,https://www.iucnredlist.org/species/9123/115090506,,,,
11,011,Brachypelma Hamorii,Tarantola Messicana Dalle Ginocchia Arancioni,Mexican Red-Knee Tarantula,ok,148726332,VU,Vulnerable,2019,https://www.iucnredlist.org/species/66081800/148726332,0.0,2110.0,,
12,012,Phycodurus Eques,Drago Foglia Fogliato,Leafy Seadragon,ok,67622420,LC,Least Concern,2017,https://www.iucnredlist.org/species/17096/67622420,,,0.0,30.0
13,013,Pica Pica,Gazza Comune,Eurasian Magpie,ok,264575751,LC,Least Concern,2024,https://www.iucnredlist.org/species/103727048/264575751,0.0,3200.0,,
14,014,Bubo Ascalaphus,Gufo Del Deserto,Desert Eagle-Owl,ok,263650483,LC,Least Concern,2024,https://www.iucnredlist.org/species/22688938/263650483,0.0,2800.0,,
15,015,Dermochelys Coriacea,Liuto,Leatherback Sea Turtle,ok,43526147,VU,Vulnerable,2013,https://www.iucnredlist.org/species/6494/43526147,,,0.0,1300.0
16,016,Ptilocercus Lowii,Toporagno Arboricolo Dalla Coda Piumata,Pen-Tailed Treeshrew,ok,229799507,LC,Least Concern,2023,https://www.iucnredlist.org/species/41491/229799507,0.0,1200.0,,
17,017,Varanus Griseus,Varano Del Deserto,Desert Monitor,ok,3110663,LC,Least Concern,2021,https://www.iucnredlist.org/species/62252/3110663,0.0,1300.0,,
18,018,Heloderma Suspectum,Lucertola Di Gila,Gila Monster,ok,13022716,NT,Near Threatened,2007,https://www.iucnredlist.org/species/9865/13022716,,,,
19,019,Sula Sula,Sula Dalle Zampe Rosse,Red-Footed Booby,ok,168988714,LC,Least Concern,2021,https://www.iucnredlist.org/species/22696694/168988714,0.0,100.0,,
20,020,Apis Mellifera,Ape Mellifera,Western Honey Bee,ok,277757621,DD,Data Deficient,2025,https://www.iucnredlist.org/species/42463639/277757621,,,,
21,021,Cerastes Cerastes,Vipera Cornuta Del Sahara,Saharan Horned Viper,ok,2486896,LC,Least Concern,2021,https://www.iucnredlist.org/species/197465/2486896,0.0,1500.0,,
22,022,Phrynosoma Cornutum,Rospo Cornuto Del Texas,Texas Horned Lizard,ok,12741535,LC,Least Concern,2007,https://www.iucnredlist.org/species/64072/12741535,,,,
23,023,Lanius Meridionalis,Averla Meridionale,Iberian Grey Shrike,ok,118845180,VU,Vulnerable,2017,https://www.iucnredlist.org/species/22729533/118845180,,1200.0,,
24,024,Vulpes Vulpes,Volpe Rossa,Red Fox,ok,193903628,LC,Least Concern,2021,https://www.iucnredlist.org/species/23062/193903628,0.0,4500.0,,
25,025,Ranoidea Caerulea,Raganella Verde Australiana,Australian Green Tree Frog,assessment_not_found,,,,,,,,,
26,026,Oecophylla Smaragdina,Formica Tessitrice Smeraldina,Weaver Ant,assessment_not_found,,,,,,,,,
27,027,Hirundo Rustica,Rondine Comune,Barn Swallow,ok,137668645,LC,Least Concern,2019,https://www.iucnredlist.org/species/22712252/137668645,,3000.0,,
28,028,Gazella Dorcas,Gazzella Di Dorcas,Dorcas Gazelle,ok,50186334,VU,Vulnerable,2017,https://www.iucnredlist.org/species/8969/50186334,,,,
29,029,Phyllobates Terribilis,Rana Dorata Velenosa,Golden Poison Frog,ok,85887889,EN,Endangered,2017,https://www.iucnredlist.org/species/55264/85887889,50.0,400.0,,
30,030,Turdus Migratorius,Tordo Migratore Americano,American Robin,ok,139392811,LC,Least Concern,2021,https://www.iucnredlist.org/species/103889499/139392811,1200.0,3500.0,,
31,031,Columba Livia,Piccione Selvatico,Rock Dove,ok,281965783,LC,Least Concern,2025,https://www.iucnredlist.org/species/22690066/281965783,0.0,4500.0,,
32,032,Felis Silvestris,Gatto Selvatico Africano,African Wildcat,ok,224982454,LC,Least Concern,2023,https://www.iucnredlist.org/species/181049859/224982454,0.0,2250.0,,
33,033,Proteus Anguinus,Proteo,Olm,ok,227229041,VU,Vulnerable,2024,https://www.iucnredlist.org/species/18377/227229041,,,,
34,034,Sciurus Carolinensis,Scoiattolo Grigio Americano,Eastern Grey Squirrel,ok,276917738,LC,Least Concern,2018,https://www.iucnredlist.org/species/42462/276917738,,,,
35,035,Erinaceus Europaeus,Riccio Europeo,European Hedgehog,ok,213411773,NT,Near Threatened,2024,https://www.iucnredlist.org/species/29650/213411773,0.0,2000.0,,
36,036,Hyaena Hyaena,Iena Striata,Striped Hyena,ok,45195080,NT,Near Threatened,2015,https://www.iucnredlist.org/species/10274/45195080,0.0,3300.0,,
37,037,Ahaetulla Nasuta,Serpente A Frusta Verde,Green Vine Snake,ok,286750830,LC,Least Concern,2025,https://www.iucnredlist.org/species/172707/286750830,10.0,1300.0,,
38,038,Procyon Lotor,Procione,Raccoon,ok,45216638,LC,Least Concern,2016,https://www.iucnredlist.org/species/41686/45216638,,,,
39,039,Turdus Merula,Merlo Comune,Common Blackbird,ok,264548442,LC,Least Concern,2024,https://www.iucnredlist.org/species/103888106/264548442,,2300.0,,
40,040,Ammotragus Lervia,Ammotrage,Aoudad,ok,214430287,VU,Vulnerable,2022,https://www.iucnredlist.org/species/1151/214430287,200.0,4100.0,,
41,041,Bitis Gabonica,Vipera Del Gabon,Gaboon Viper,ok,13300904,VU,Vulnerable,2021,https://www.iucnredlist.org/species/13300893/13300904,0.0,2100.0,,
42,042,Cyanocitta Cristata,Ghiandaia Blu,Blue Jay,ok,137739324,LC,Least Concern,2025,https://www.iucnredlist.org/species/22705611/137739324,0.0,3450.0,,
43,043,Cicada Orni,Cicala Comune,Ash Cicada,assessment_not_found,,,,,,,,,
44,044,Paraechinus Aethiopicus,Riccio Del Deserto Arabico,Ethiopian Hedgehog,ok,22326233,LC,Least Concern,2016,https://www.iucnredlist.org/species/40606/22326233,,,,
45,045,Canis Latrans,Coyote,Coyote,ok,163508579,LC,Least Concern,2018,https://www.iucnredlist.org/species/3745/163508579,,,,
46,046,Sus Scrofa,Cinghiale,Wild Boar,ok,44141833,LC,Least Concern,2019,https://www.iucnredlist.org/species/41775/44141833,0.0,,,
47,047,Chamaeleo Africanus,Camaleonte Africano,African Chameleon,ok,747133,LC,Least Concern,2014,https://www.iucnredlist.org/species/157273/747133,,,,
48,048,Hystrix Cristata,Porcospino Crestato,Crested Porcupine,ok,22232484,LC,Least Concern,2016,https://www.iucnredlist.org/species/10746/22232484,0.0,2550.0,,
49,049,Cathartes Aura,Avvoltoio Dalla Testa Rossa,Turkey Vulture,ok,131941613,LC,Least Concern,2018,https://www.iucnredlist.org/species/22697627/131941613,,4300.0,,
50,050,Ardea Cinerea,Airone Cenerino,Grey Heron,ok,154525233,LC,Least Concern,2019,https://www.iucnredlist.org/species/22696993/154525233,,4000.0,,
51,051,Corvus Ruficollis,Corvo Dal Collo Rossiccio,Brown-Necked Raven,ok,263853665,LC,Least Concern,2024,https://www.iucnredlist.org/species/22706064/263853665,,3700.0,,
52,052,Numida Meleagris,Faraona Comune,Helmeted Guineafowl,ok,132052202,LC,Least Concern,2018,https://www.iucnredlist.org/species/22679555/132052202,,3000.0,,
53,053,Pieris Brassicae,Cavolaia Maggiore,Large White Butterfly,ok,211399745,LC,Least Concern,2025,https://www.iucnredlist.org/species/174251/211399745,0.0,900.0,,
54,054,Atelerix Algirus,Riccio Algerino,North African Hedgehog,ok,22324424,LC,Least Concern,2022,https://www.iucnredlist.org/species/27926/22324424,0.0,900.0,,
55,055,Polyplectron Bicalcaratum,Fagiano Dai Due Speroni,Grey Peacock-Pheasant,ok,263601893,LC,Least Concern,2024,https://www.iucnredlist.org/species/22736199/263601893,0.0,2000.0,,
56,056,Bufo Bufo,Rospo Comune,Common Toad,ok,78902726,LC,Least Concern,2023,https://www.iucnredlist.org/species/88316072/78902726,0.0,3000.0,,
57,057,Ctenodactylus Gundi,Gundi,Gundi,ok,22191625,LC,Least Concern,2022,https://www.iucnredlist.org/species/5792/22191625,230.0,2900.0,,
58,058,Lophura Diardi,Fagiano Di Diard,Siamese Fireback,ok,274693356,NT,Near Threatened,2025,https://www.iucnredlist.org/species/22679274/274693356,0.0,800.0,,
59,059,Pterocles Exustus,Grancolino Del Senegal,Chestnut-Bellied Sandgrouse,ok,132063215,LC,Least Concern,2018,https://www.iucnredlist.org/species/22692990/132063215,,1500.0,,
60,060,Lanius Collurio,Averla Piccola,Red-Backed Shrike,ok,264579697,LC,Least Concern,2024,https://www.iucnredlist.org/species/22705001/264579697,,3200.0,,
61,061,Sturnus Vulgaris,Storno Comune,Common Starling,ok,137493608,LC,Least Concern,2019,https://www.iucnredlist.org/species/22710886/137493608,,2000.0,,
62,062,Scorpio Maurus,Scorpione Maurus,Large-Clawed Scorpion,assessment_not_found,,,,,,,,,
63,063,Sitta Europaea,Picchio Muratore Europeo,Eurasian Nuthatch,ok,132199203,LC,Least Concern,2018,https://www.iucnredlist.org/species/103879804/132199203,300.0,2400.0,,
64,064,Meles Meles,Tasso,European Badger,ok,45203002,LC,Least Concern,2016,https://www.iucnredlist.org/species/29673/45203002,0.0,3300.0,,
65,065,Torgos Tracheliotos,Avvoltoio Orecchiuto,Lappet-Faced Vulture,ok,205352949,EN,Endangered,2021,https://www.iucnredlist.org/species/22695238/205352949,0.0,3500.0,,
66,066,Upupa Epops,Upupa,Hoopoe,ok,181836360,LC,Least Concern,2020,https://www.iucnredlist.org/species/22682655/181836360,,3650.0,,
67,067,Papilio Machaon,Macaone,Swallowtail Butterfly,ok,211382700,LC,Least Concern,2025,https://www.iucnredlist.org/species/160213/211382700,0.0,1500.0,,
68,068,Loxodonta Africana,Elefante Africano Di Savana,African Bush Elephant,ok,223031019,EN,Endangered,2022,https://www.iucnredlist.org/species/181008073/223031019,0.0,2500.0,,
69,069,Alcedo Atthis,Martin Pescatore,Common Kingfisher,ok,264589271,LC,Least Concern,2024,https://www.iucnredlist.org/species/22683027/264589271,0.0,3100.0,,
70,070,Parus Major,Cinciallegra,Great Tit,ok,264577711,LC,Least Concern,2024,https://www.iucnredlist.org/species/22735990/264577711,,4420.0,,
71,071,Panthera Leo,Leone,Lion,ok,280792135,VU,Vulnerable,2025,https://www.iucnredlist.org/species/15951/280792135,0.0,4200.0,,
72,072,Merops Apiaster,Gruccione,European Bee-Eater,ok,264578444,LC,Least Concern,2024,https://www.iucnredlist.org/species/22683756/264578444,0.0,3000.0,,
73,073,Cyanistes Caeruleus,Cinciarella,Eurasian Blue Tit,ok,264532201,LC,Least Concern,2024,https://www.iucnredlist.org/species/103761667/264532201,,3500.0,,
74,074,Equus Quagga,Zebra Delle Pianure,Plains Zebra,ok,45172424,NT,Near Threatened,2016,https://www.iucnredlist.org/species/41013/45172424,0.0,4300.0,,
75,075,Coracias Garrulus,Ghiandaia Marina,European Roller,ok,154424974,LC,Least Concern,2019,https://www.iucnredlist.org/species/22682860/154424974,,2400.0,,
76,076,Erithacus Rubecula,Pettirosso,European Robin,ok,131953953,LC,Least Concern,2018,https://www.iucnredlist.org/species/22709675/131953953,,2000.0,,
77,077,Connochaetes Taurinus,Gnu Striato,Blue Wildebeest,ok,163322525,LC,Least Concern,2016,https://www.iucnredlist.org/species/5229/163322525,0.0,2500.0,,
78,078,Cinclus Cinclus,Merlo Acquaiolo,White-Throated Dipper,ok,131946814,LC,Least Concern,2018,https://www.iucnredlist.org/species/22708156/131946814,,,,
79,079,Sciurus Vulgaris,Scoiattolo Comune,Red Squirrel,ok,221731049,LC,Least Concern,2023,https://www.iucnredlist.org/species/221730864/221731049,0.0,3100.0,,
80,080,Crocuta Crocuta,Iena Maculata,Spotted Hyena,ok,45194782,LC,Least Concern,2015,https://www.iucnredlist.org/species/5674/45194782,0.0,4100.0,,
81,081,Tichodroma Muraria,Picchio Muraiolo,Wallcreeper,ok,155489183,LC,Least Concern,2019,https://www.iucnredlist.org/species/22711234/155489183,,,,
82,082,Capreolus Capreolus,Capriolo,Roe Deer,ok,22161386,LC,Least Concern,2016,https://www.iucnredlist.org/species/42395/22161386,0.0,2400.0,,
83,083,Giraffa Camelopardalis,Giraffa,Giraffe,ok,136266699,VU,Vulnerable,2018,https://www.iucnredlist.org/species/9194/136266699,,,,
84,084,Pteropus Vampyrus,Pipistrello Della Frutta Gigante,Large Flying Fox,ok,22088824,EN,Endangered,2022,https://www.iucnredlist.org/species/18766/22088824,0.0,1250.0,,
85,085,Alces Alces,Alce,Elk,ok,22157381,LC,Least Concern,2016,https://www.iucnredlist.org/species/56003281/22157381,0.0,2500.0,,
86,086,Phacochoerus Africanus,Facocero Comune,Common Warthog,ok,109669842,LC,Least Concern,2016,https://www.iucnredlist.org/species/41768/109669842,0.0,3500.0,,
87,087,Prionodon Linsang,Linsang Striato,Banded Linsang,ok,45219711,LC,Least Concern,2016,https://www.iucnredlist.org/species/41705/45219711,11.0,2700.0,,
88,088,Corvus Corone,Cornacchia Nera,Carrion Crow,ok,264543876,LC,Least Concern,2024,https://www.iucnredlist.org/species/22706016/264543876,0.0,3600.0,,
89,089,Hippopotamus Amphibius,Ippopotamo Comune,Common Hippopotamus,ok,18567364,VU,Vulnerable,2017,https://www.iucnredlist.org/species/10103/18567364,,,,
90,090,Neofelis Diardi,Leopardo Nebuloso Della Sonda,Sunda Clouded Leopard,ok,97212874,VU,Vulnerable,2015,https://www.iucnredlist.org/species/136603/97212874,0.0,1500.0,,
91,091,Larus Argentatus,Gabbiano Reale,European Herring Gull,ok,206585142,LC,Least Concern,2021,https://www.iucnredlist.org/species/62030608/206585142,0.0,2000.0,,
92,092,Struthio Camelus,Struzzo,Ostrich,ok,280828427,LC,Least Concern,2025,https://www.iucnredlist.org/species/45020636/280828427,0.0,3000.0,,
93,093,Helarctos Malayanus,Orso Del Sole,Sun Bear,ok,123798233,VU,Vulnerable,2017,https://www.iucnredlist.org/species/9760/123798233,1.0,3000.0,,
94,094,Troglodytes Troglodytes,Scricciolo,Eurasian Wren,ok,132200296,LC,Least Concern,2018,https://www.iucnredlist.org/species/103883277/132200296,0.0,4575.0,,
95,095,Aepyceros Melampus,Impala,Impala,ok,50180828,LC,Least Concern,2016,https://www.iucnredlist.org/species/550/50180828,0.0,1700.0,,
96,096,Catopuma Temminckii,Gatto Dorato Asiatico,Asian Golden Cat,ok,245236583,VU,Vulnerable,2025,https://www.iucnredlist.org/species/4038/245236583,0.0,4600.0,,
97,097,Fringilla Coelebs,Fringuello Comune,Common Chaffinch,ok,155432370,LC,Least Concern,2019,https://www.iucnredlist.org/species/22720030/155432370,,,,
98,098,Kobus Ellipsiprymnus,Cobo Ellipsiprimno,Waterbuck,ok,50189324,LC,Least Concern,2016,https://www.iucnredlist.org/species/11035/50189324,0.0,3000.0,,
99,099,Rucervus Duvaucelii,Cervo Di Duvaucel,Barasingha,ok,22167675,VU,Vulnerable,2015,https://www.iucnredlist.org/species/4257/22167675,100.0,300.0,,
100,100,Lepus Europaeus,Lepre Europea,European Hare,ok,45187424,LC,Least Concern,2019,https://www.iucnredlist.org/species/41280/45187424,0.0,2400.0,,
101,101,Tockus Erythrorhynchus,Calao Dal Becco Rosso,Red-Billed Hornbill,ok,263597040,LC,Least Concern,2024,https://www.iucnredlist.org/species/22725930/263597040,,2100.0,,
102,102,Elaphodus Cephalophus,Cervo Crestato,Tufted Deer,ok,22159620,NT,Near Threatened,2015,https://www.iucnredlist.org/species/7112/22159620,300.0,4750.0,,
103,103,Rana Temporaria,Rana Comune,Common Frog,ok,89705642,LC,Least Concern,2022,https://www.iucnredlist.org/species/173101508/89705642,0.0,2700.0,,
104,104,Papio Anubis,Babbuino Oliva,Olive Baboon,ok,17953200,LC,Least Concern,2020,https://www.iucnredlist.org/species/40647/17953200,360.0,2500.0,,
105,105,Hoolock Hoolock,Gibbone Hoolock,Western Hoolock Gibbon,ok,17968083,EN,Endangered,2019,https://www.iucnredlist.org/species/39876/17968083,,2500.0,,
106,106,Bombus Terrestris,Bombo Terrestre,Buff-Tailed Bumblebee,ok,221880274,LC,Least Concern,2025,https://www.iucnredlist.org/species/221880141/221880274,,,,
107,107,Chlorocebus Pygerythrus,Vervet Sudafricana,Vervet Monkey,ok,253491881,LC,Least Concern,2025,https://www.iucnredlist.org/species/253488653/253491881,0.0,2140.0,,
108,108,Pygathrix Nemaeus,Douc Rosso,Red-Shanked Douc,ok,17941247,CR,Critically Endangered,2020,https://www.iucnredlist.org/species/39826/17941247,0.0,1800.0,,
109,109,Anas Platyrhynchos,Germano Reale,Mallard,ok,281835571,LC,Least Concern,2025,https://www.iucnredlist.org/species/22680186/281835571,0.0,3350.0,,
110,110,Agama Agama,Agama Comune,Common Agama,ok,1374221,LC,Least Concern,2021,https://www.iucnredlist.org/species/172799/1374221,,,,
111,111,Leontopithecus Rosalia,Tamarino Dalla Criniera Dorata,Golden Lion Tamarin,ok,192327291,EN,Endangered,2021,https://www.iucnredlist.org/species/11506/192327291,0.0,800.0,,
112,112,Motacilla Alba,Ballerina Bianca,White Wagtail,ok,137417893,LC,Least Concern,2019,https://www.iucnredlist.org/species/22718348/137417893,,5000.0,,
113,113,Plectropterus Gambensis,Oca Speronata,Spur-Winged Goose,ok,154248872,LC,Least Concern,2025,https://www.iucnredlist.org/species/22680057/154248872,0.0,2000.0,,
114,114,Saguinus Imperator,Tamarino Imperatore,Emperor Tamarin,assessment_not_found,,,,,,,,,
115,115,Turdus Philomelos,Tordo Bottaccio,Song Thrush,ok,132076619,LC,Least Concern,2018,https://www.iucnredlist.org/species/22708822/132076619,,2800.0,,
116,116,Syncerus Caffer,Bufalo Africano,African Buffalo,ok,50195031,NT,Near Threatened,2019,https://www.iucnredlist.org/species/21251/50195031,0.0,4000.0,,
117,117,Cacajao Melanocephalus,Uakari Dalla Testa Nera,Black-Headed Uakari,ok,191697842,LC,Least Concern,2021,https://www.iucnredlist.org/species/160875418/191697842,,,,
118,118,Buteo Buteo,Poiana Comune,Common Buzzard,ok,206634667,LC,Least Concern,2021,https://www.iucnredlist.org/species/61695117/206634667,0.0,2000.0,,
119,119,Aquila Rapax,Aquila Rapace,Tawny Eagle,ok,203852137,VU,Vulnerable,2021,https://www.iucnredlist.org/species/22696033/203852137,0.0,3000.0,,
120,120,Speothos Venaticus,Cane Selvatico Sudamericano,Bush Dog,ok,9203243,NT,Near Threatened,2011,https://www.iucnredlist.org/species/20468/9203243,,1500.0,,
121,121,Aglais Io,Pavonia,European Peacock Butterfly,ok,211393858,LC,Least Concern,2025,https://www.iucnredlist.org/species/174218/211393858,0.0,700.0,,
122,122,Panthera Pardus,Leopardo,Leopard,ok,286153337,VU,Vulnerable,2025,https://www.iucnredlist.org/species/15954/286153337,0.0,5200.0,,
123,123,Chrysocyon Brachyurus,Lupo Dalla Criniera,Maned Wolf,ok,88135664,NT,Near Threatened,2015,https://www.iucnredlist.org/species/4819/88135664,0.0,2000.0,,
124,124,Castor Fiber,Castoro Europeo,Eurasian Beaver,ok,197499749,LC,Least Concern,2021,https://www.iucnredlist.org/species/4007/197499749,0.0,850.0,,
125,125,Python Sebae,Pitone Africano,African Rock Python,ok,13300582,NT,Near Threatened,2021,https://www.iucnredlist.org/species/13300572/13300582,0.0,1500.0,,
126,126,Conepatus Chinga,Moffetta Di Molina,Molina'S Hog-Nosed Skunk,ok,45210528,LC,Least Concern,2016,https://www.iucnredlist.org/species/41630/45210528,0.0,4100.0,,
127,127,Mustela Nivalis,Donnola,Least Weasel,ok,147993366,LC,Least Concern,2019,https://www.iucnredlist.org/species/70207409/147993366,0.0,3860.0,,
128,128,Spheniscus Demersus,Pinguino Africano,African Penguin,ok,256021744,CR,Critically Endangered,2024,https://www.iucnredlist.org/species/22697810/256021744,0.0,50.0,0.0,130.0
129,129,Myoprocta Pratti,Acouchi Verde,Green Acouchi,ok,22198733,LC,Least Concern,2016,https://www.iucnredlist.org/species/136663/22198733,50.0,1200.0,,
130,130,Danaus Plexippus,Farfalla Monarca,Monarch Butterfly,ok,219149911,LC,Least Concern,2022,https://www.iucnredlist.org/species/159971/219149911,,,,
131,131,Antidorcas Marsupialis,Springbok,Springbok,ok,115056763,LC,Least Concern,2016,https://www.iucnredlist.org/species/1676/115056763,0.0,2000.0,,
132,132,Dasyprocta Leporina,Aguti,Red-Rumped Agouti,ok,22197762,LC,Least Concern,2016,https://www.iucnredlist.org/species/89497102/22197762,,,,
133,133,Odocoileus Virginianus,Cervo Dalla Coda Bianca,White-Tailed Deer,ok,22162580,LC,Least Concern,2016,https://www.iucnredlist.org/species/42394/22162580,0.0,4500.0,,
134,134,Arctocephalus Pusillus,Otaria Orsina Del Capo,Brown Fur Seal,ok,45224212,LC,Least Concern,2015,https://www.iucnredlist.org/species/2060/45224212,,50.0,,204.0
135,135,Cuniculus Paca,Paca,Paca,ok,22197347,LC,Least Concern,2016,https://www.iucnredlist.org/species/699/22197347,,,,
136,136,Anax Junius,Libellula Imperatore Americana,Green Darner,ok,65831504,LC,Least Concern,2018,https://www.iucnredlist.org/species/165081/65831504,,,,
137,137,Pycnonotus Capensis,Bulbul Del Capo,Cape Bulbul,ok,263808552,LC,Least Concern,2024,https://www.iucnredlist.org/species/22712677/263808552,0.0,500.0,,
138,138,Dolichotis Patagonum,Mara Patagonica,Patagonian Mara,ok,22190337,NT,Near Threatened,2016,https://www.iucnredlist.org/species/6785/22190337,,,,
139,139,Lithobates Catesbeianus,Rana Toro Americana,American Bullfrog,assessment_not_found,,,,,,,,,
140,140,Promerops Cafer,Promero Del Capo,Cape Sugarbird,ok,263846978,LC,Least Concern,2024,https://www.iucnredlist.org/species/22717447/263846978,0.0,1940.0,,
141,141,Lagostomus Maximus,Viscacha Delle Pianure,Plains Viscacha,ok,78320596,LC,Least Concern,2016,https://www.iucnredlist.org/species/11170/78320596,,,,
142,142,Didelphis Virginiana,Opossum Della Virginia,Virginia Opossum,ok,22176259,LC,Least Concern,2016,https://www.iucnredlist.org/species/40502/22176259,0.0,3000.0,,
143,143,Suricata Suricatta,Suricato,Meerkat,ok,45209377,LC,Least Concern,2015,https://www.iucnredlist.org/species/41624/45209377,,,,
144,144,Chaetophractus Vellerosus,Armadillo Peloso Urlatore,Screaming Hairy Armadillo,ok,278015597,LC,Least Concern,2025,https://www.iucnredlist.org/species/89604632/278015597,0.0,4600.0,,
145,145,Meleagris Gallopavo,Tacchino Selvatico,Wild Turkey,ok,132051953,LC,Least Concern,2018,https://www.iucnredlist.org/species/22679525/132051953,300.0,2500.0,,
146,146,Stigmochelys Pardalis,Tartaruga Leopardo,Leopard Tortoise,ok,217761530,LC,Least Concern,2022,https://www.iucnredlist.org/species/163449/217761530,0.0,2900.0,,
147,147,Cyclopes Didactylus,Silky Anteater,Silky Anteater,ok,199899746,LC,Least Concern,2025,https://www.iucnredlist.org/species/199899729/199899746,0.0,1500.0,,
148,148,Marmota Monax,Marmotta Comune,Groundhog,ok,115189992,LC,Least Concern,2016,https://www.iucnredlist.org/species/42458/115189992,,,,
149,149,Acryllium Vulturinum,Faraona Vulturina,Vulturine Guineafowl,ok,263646126,LC,Least Concern,2024,https://www.iucnredlist.org/species/22679572/263646126,,1900.0,,
150,150,Tamandua Tetradactyla,Tamandua Minore,Southern Tamandua,ok,210445394,LC,Least Concern,2025,https://www.iucnredlist.org/species/21350/210445394,0.0,2000.0,,
151,151,Haliaeetus Leucocephalus,Aquila Di Mare Dalla Testa Bianca,Bald Eagle,ok,264598530,LC,Least Concern,2024,https://www.iucnredlist.org/species/22695144/264598530,,2000.0,,
152,152,Otocyon Megalotis,Volpe Delle Orecchie Grandi,Bat-Eared Fox,ok,46123809,LC,Least Concern,2014,https://www.iucnredlist.org/species/15642/46123809,,,,
153,153,Monodelphis Domestica,Topopossum Dalla Coda Corta,Grey Short-Tailed Opossum,ok,197307682,LC,Least Concern,2021,https://www.iucnredlist.org/species/40514/197307682,,,,
154,154,Gavia Immer,Strolago Maggiore,Great Northern Diver,ok,132607418,LC,Least Concern,2018,https://www.iucnredlist.org/species/22697842/132607418,,500.0,,
155,155,Damaliscus Pygargus,Bontebok,Bontebok,ok,50197331,LC,Least Concern,2019,https://www.iucnredlist.org/species/30208/50197331,0.0,2000.0,,
156,156,Macrotis Lagotis,Bilby Maggiore,Greater Bilby,ok,21967189,VU,Vulnerable,2016,https://www.iucnredlist.org/species/12650/21967189,,,,
157,157,Petauroides Volans,Petauro Maggiore,Greater Glider,ok,217036853,EN,Endangered,2025,https://www.iucnredlist.org/species/40579/217036853,0.0,1200.0,,
158,158,Ursus Americanus,Orso Nero Americano,American Black Bear,ok,114251609,LC,Least Concern,2016,https://www.iucnredlist.org/species/41687/114251609,0.0,3500.0,,
159,159,Bitis Arietans,Vipera Soffiante,Puff Adder,ok,2485974,LC,Least Concern,2021,https://www.iucnredlist.org/species/197461/2485974,0.0,3500.0,,
160,160,Setonix Brachyurus,Quokka,Quokka,ok,258663635,VU,Vulnerable,2025,https://www.iucnredlist.org/species/20165/258663635,,,,
161,161,Castor Canadensis,Castoro Canadese,North American Beaver,ok,22187946,LC,Least Concern,2016,https://www.iucnredlist.org/species/4003/22187946,,,,
162,162,Coracias Caudatus,Ghiandaia Marina Codavioletta,Lilac-Breasted Roller,ok,263602096,LC,Least Concern,2024,https://www.iucnredlist.org/species/22682874/263602096,0.0,3000.0,,
163,163,Dorcopsis Hageni,Dorcopside Di Hagen,White-Striped Dorcopsis,ok,21952491,LC,Least Concern,2016,https://www.iucnredlist.org/species/6795/21952491,0.0,400.0,,
164,164,Larus Delawarensis,Gabbiano Del Delaware,Ring-Billed Gull,ok,132541912,LC,Least Concern,2018,https://www.iucnredlist.org/species/22694317/132541912,,100.0,,
165,165,Proteles Cristata,Iena Terrestre,Aardwolf,assessment_not_found,,,,,,,,,
166,166,Zaglossus Bruijni,Echidna Dal Becco Lungo Di Bruijn,Western Long-Beaked Echidna,assessment_not_found,,,,,,,,,
167,167,Zenaida Macroura,Tortora Americana,Mourning Dove,ok,264596868,LC,Least Concern,2024,https://www.iucnredlist.org/species/22690736/264596868,,2500.0,,
168,168,Tragelaphus Strepsiceros,Grande Kudu,Greater Kudu,ok,166487759,LC,Least Concern,2020,https://www.iucnredlist.org/species/22054/166487759,0.0,2400.0,,
169,169,Suncus Murinus,Crocidura Muschiata,Asian House Shrew,ok,22287830,LC,Least Concern,2016,https://www.iucnredlist.org/species/41440/22287830,,,,
170,170,Mellivora Capensis,Miele Badger,Honey Badger,ok,45210107,LC,Least Concern,2016,https://www.iucnredlist.org/species/41629/45210107,0.0,4000.0,,
171,171,Condylura Cristata,Talpa Stellata,Star-Nosed Mole,ok,115187740,LC,Least Concern,2016,https://www.iucnredlist.org/species/41458/115187740,,,,
172,172,Ramphastos Sulfuratus,Tucano Dal Becco Carenato,Keel-Billed Toucan,ok,168670038,NT,Near Threatened,2021,https://www.iucnredlist.org/species/22682102/168670038,0.0,1500.0,,
173,173,Pelecanus Onocrotalus,Pellicano Bianco,Great White Pelican,ok,177120498,LC,Least Concern,2021,https://www.iucnredlist.org/species/22697590/177120498,,1372.0,,
174,174,Desmodus Rotundus,Vampiro Comune,Common Vampire Bat,ok,21979045,LC,Least Concern,2015,https://www.iucnredlist.org/species/6510/21979045,,2400.0,,
175,175,Alouatta Palliata,Scimmia Urlatrice Mantellata,Mantled Howler Monkey,ok,190425583,VU,Vulnerable,2021,https://www.iucnredlist.org/species/39960/190425583,0.0,2000.0,,
176,176,Oryx Gazella,Orice Del Capo,Gemsbok,ok,166485425,LC,Least Concern,2020,https://www.iucnredlist.org/species/15573/166485425,,,,
177,177,Macroderma Gigas,Fantasma Australiano,Ghost Bat,ok,209530568,VU,Vulnerable,2021,https://www.iucnredlist.org/species/12590/209530568,,,,
178,178,Leptoptilos Crumenifer,Marabù Africano,Marabou Stork,ok,268372173,LC,Least Concern,2025,https://www.iucnredlist.org/species/22697716/268372173,0.0,4200.0,,
179,179,Eumops Perotis,Pipistrello Mastino Gigante,Western Mastiff Bat,ok,97207171,LC,Least Concern,2015,https://www.iucnredlist.org/species/8247/97207171,,,,
180,180,Ara Macao,Ara Scarlatta,Scarlet Macaw,ok,163778999,LC,Least Concern,2022,https://www.iucnredlist.org/species/22685563/163778999,0.0,1000.0,,
181,181,Hystrix Africaeaustralis,Porcospino Del Capo,Cape Porcupine,ok,115099085,LC,Least Concern,2016,https://www.iucnredlist.org/species/10748/115099085,0.0,2000.0,,
182,182,Crocodylus Mindorensis,Coccodrillo Delle Filippine,Philippine Crocodile,ok,3048281,CR,Critically Endangered,2016,https://www.iucnredlist.org/species/5672/3048281,0.0,850.0,,
183,183,Cebus Imitator,Cappuccino Di Panama,Panamanian White-Faced Capuchin,ok,191708420,VU,Vulnerable,2021,https://www.iucnredlist.org/species/81265980/191708420,,1500.0,,
184,184,Lemur Catta,Lemure Dalla Coda Ad Anelli,Ring-Tailed Lemur,ok,115565760,EN,Endangered,2020,https://www.iucnredlist.org/species/11496/115565760,,2600.0,,
185,185,Tomistoma Schlegelii,Falso Gaviale Malese,False Gharial,ok,214287051,EN,Endangered,2023,https://www.iucnredlist.org/species/21981/214287051,0.0,200.0,,
186,186,Nasua Narica,Coati Dal Naso Bianco,White-Nosed Coati,ok,45216060,LC,Least Concern,2016,https://www.iucnredlist.org/species/41683/45216060,,,,
187,187,Propithecus Coquereli,Sifaka Di Coquerel,Coquerel'S Sifaka,ok,115572275,CR,Critically Endangered,2020,https://www.iucnredlist.org/species/18355/115572275,7.0,380.0,,
188,188,Paleosuchus Palpebrosus,Caimano Di Cuvier,Cuvier'S Dwarf Caiman,ok,3009946,LC,Least Concern,2019,https://www.iucnredlist.org/species/46587/3009946,100.0,500.0,,
189,189,Furcifer Pardalis,Camaleonte Pantera,Panther Chameleon,ok,6947909,LC,Least Concern,2011,https://www.iucnredlist.org/species/172955/6947909,0.0,950.0,,
190,190,Cyclura Lewisi,Iguana Blu Delle Cayman,Blue Iguana,ok,2994409,EN,Endangered,2012,https://www.iucnredlist.org/species/44275/2994409,1.0,6.0,,
191,191,Agalychnis Callidryas,Rana Dagli Occhi Rossi,Red-Eyed Tree Frog,ok,3028059,LC,Least Concern,2020,https://www.iucnredlist.org/species/55290/3028059,0.0,1700.0,,
192,192,Cryptoprocta Ferox,Fossa,Fossa,ok,45197189,VU,Vulnerable,2016,https://www.iucnredlist.org/species/5760/45197189,0.0,2600.0,,
193,193,Conolophus Subcristatus,Iguana Terrestre Delle Galápagos,Galápagos Land Iguana,ok,3014082,VU,Vulnerable,2020,https://www.iucnredlist.org/species/5240/3014082,0.0,1707.0,,
194,194,Morpho Peleides,Morfo Blu,Blue Morpho,assessment_not_found,,,,,,,,,
195,195,Uroplatus Fimbriatus,Geco Foglia Gigante Del Madagascar,Giant Leaf-Tailed Gecko,ok,6945080,LC,Least Concern,2011,https://www.iucnredlist.org/species/172939/6945080,0.0,800.0,,
196,196,Varanus Salvadorii,Varano Coccodrillo,Crocodile Monitor,ok,42485784,LC,Least Concern,2016,https://www.iucnredlist.org/species/42485775/42485784,0.0,740.0,,
197,197,Phelsuma Madagascariensis,Geco Diurno Del Madagascar,Madagascar Day Gecko,ok,6951710,LC,Least Concern,2011,https://www.iucnredlist.org/species/172977/6951710,0.0,1000.0,,
198,198,Varanus Albigularis,Varano Dalla Gola Bianca,White-Throated Monitor,ok,22473630,LC,Least Concern,2021,https://www.iucnredlist.org/species/22473612/22473630,0.0,2000.0,,
199,199,Didelphis Marsupialis,Opossum Comune,Common Opossum,ok,197310576,LC,Least Concern,2021,https://www.iucnredlist.org/species/40501/197310576,0.0,2000.0,,
200,200,Indri Indri,Indri,Indri,ok,115565566,CR,Critically Endangered,2020,https://www.iucnredlist.org/species/10826/115565566,10.0,1800.0,,
201,201,Chlamydosaurus Kingii,Drago Con Collare,Frilled Lizard,ok,21644690,LC,Least Concern,2017,https://www.iucnredlist.org/species/170384/21644690,,,,
202,202,Eulemur Fulvus,Lemure Bruno,Common Brown Lemur,ok,115562499,VU,Vulnerable,2020,https://www.iucnredlist.org/species/8207/115562499,0.0,1880.0,,
203,203,Moloch Horridus,Diavolo Spinoso,Thorny Devil,ok,83492039,LC,Least Concern,2017,https://www.iucnredlist.org/species/83492011/83492039,,,,
204,204,Trogon Massena,Trogon Di Massena,Slaty-Tailed Trogon,ok,152224279,LC,Least Concern,2022,https://www.iucnredlist.org/species/22682760/152224279,0.0,1550.0,,
205,205,Varecia Variegata,Lemure A Collare Bianco E Nero,Black-And-White Ruffed Lemur,ok,115574178,CR,Critically Endangered,2020,https://www.iucnredlist.org/species/22918/115574178,3.0,1319.0,,
206,206,Corucia Zebrata,Scinco Delle Salomone,Solomon Islands Skink,ok,2463961,NT,Near Threatened,2021,https://www.iucnredlist.org/species/196593/2463961,,,,
207,207,Sciurus Variegatoides,Scoiattolo Variegato Del Centroamerica,Variegated Squirrel,ok,22246448,LC,Least Concern,2016,https://www.iucnredlist.org/species/20024/22246448,,,,
208,208,Dromas Ardeola,Droma Granchiaiola,Crab-Plover,ok,265007778,LC,Least Concern,2024,https://www.iucnredlist.org/species/22694081/265007778,0.0,150.0,,
209,209,Tiliqua Rugosa,Scinco Dalla Lingua Blu Rugoso,Shingleback Skink,ok,109481530,LC,Least Concern,2017,https://www.iucnredlist.org/species/109481513/109481530,,,,
210,210,Mantella Aurantiaca,Mantella Dorata,Golden Mantella,ok,508612,EN,Endangered,2020,https://www.iucnredlist.org/species/12776/508612,867.0,1065.0,,
211,211,Ouroborus Cataphractus,Lucertola Armadillo,Armadillo Girdled Lizard,ok,197397829,NT,Near Threatened,2022,https://www.iucnredlist.org/species/5333/197397829,,,,
212,212,Amazona Albifrons,Pappagallo Dalla Fronte Bianca,White-Fronted Amazon,ok,131918643,LC,Least Concern,2018,https://www.iucnredlist.org/species/22686222/131918643,,1800.0,,
213,213,Tenrec Ecaudatus,Tenrec Comune,Common Tenrec,ok,97204107,LC,Least Concern,2016,https://www.iucnredlist.org/species/40595/97204107,0.0,2050.0,,
214,214,Malayopython Reticulatus,Pitone Reticolato,Reticulated Python,ok,1730027,LC,Least Concern,2018,https://www.iucnredlist.org/species/183151/1730027,0.0,1000.0,,
215,215,Lophotibis Cristata,Ibis Crestato Del Madagascar,Madagascar Crested Ibis,ok,254926243,VU,Vulnerable,2024,https://www.iucnredlist.org/species/22697504/254926243,0.0,2000.0,,
216,216,Morelia Viridis,Pitone Verde Arboriceo,Green Tree Python,ok,21649845,LC,Least Concern,2018,https://www.iucnredlist.org/species/177524/21649845,0.0,2000.0,,
217,217,Eira Barbara,Tayra,Tayra,ok,45212151,LC,Least Concern,2016,https://www.iucnredlist.org/species/41644/45212151,,1200.0,,
218,218,Microcebus Murinus,Microcebo Murino,Grey Mouse Lemur,ok,182239898,LC,Least Concern,2020,https://www.iucnredlist.org/species/163314248/182239898,,,,
219,219,Lichanura Trivirgata,Boa Rosato Del Deserto,Rosy Boa,ok,18977981,LC,Least Concern,2019,https://www.iucnredlist.org/species/91864513/18977981,0.0,2070.0,,
220,220,Pecari Tajacu,Pecari Dal Collare,Collared Peccary,ok,10562361,LC,Least Concern,2011,https://www.iucnredlist.org/species/41777/10562361,0.0,3000.0,,
221,221,Terpsiphone Mutata,Terpsifone Del Madagascar,Madagascar Paradise Flycatcher,ok,280923077,LC,Least Concern,2025,https://www.iucnredlist.org/species/22707126/280923077,0.0,2300.0,,
222,222,Dendroaspis Polylepis,Mamba Nero,Black Mamba,ok,15627370,LC,Least Concern,2021,https://www.iucnredlist.org/species/177584/15627370,0.0,1600.0,,
223,223,Hydrochoerus Hydrochaeris,Capibara,Capybara,ok,22190005,LC,Least Concern,2016,https://www.iucnredlist.org/species/10300/22190005,,,,
224,224,Astrochelys Radiata,Tartaruga Radiata Del Madagascar,Radiated Tortoise,ok,12950491,CR,Critically Endangered,2008,https://www.iucnredlist.org/species/9014/12950491,,,,
225,225,Notechis Scutatus,Serpente Tigre Australiano,Tiger Snake,ok,83767147,LC,Least Concern,2018,https://www.iucnredlist.org/species/169687/83767147,,,,
226,226,Saimiri Sciureus,Scimmia Scoiattolo Comune,Common Squirrel Monkey,ok,192584742,LC,Least Concern,2021,https://www.iucnredlist.org/species/43968/192584742,,,,
227,227,Foudia Madagascariensis,Fody Del Madagascar,Red Fody,ok,131884843,LC,Least Concern,2018,https://www.iucnredlist.org/species/22719132/131884843,,,,
228,228,Laticauda Colubrina,Serpente Di Mare Fasciato,Yellow-Lipped Sea Krait,ok,7296975,LC,Least Concern,2010,https://www.iucnredlist.org/species/176750/7296975,0.0,100.0,0.0,50.0
229,229,Coragyps Atratus,Avvoltoio Americano,Black Vulture,ok,281039099,LC,Least Concern,2025,https://www.iucnredlist.org/species/22697624/281039099,0.0,4790.0,,
230,230,Coracopsis Vasa,Vasa Maggiore,Greater Vasa Parrot,ok,131279943,LC,Least Concern,2018,https://www.iucnredlist.org/species/22685261/131279943,,1000.0,,
231,231,Chelodina Longicollis,Tartaruga Collo Lungo Orientale,Eastern Long-Necked Turtle,assessment_not_found,,,,,,,,,
232,232,Pitangus Sulphuratus,Pitango Solforato,Great Kiskadee,ok,132069895,LC,Least Concern,2018,https://www.iucnredlist.org/species/22700605/132069895,,1600.0,,
233,233,Brookesia Micra,Camaleonte Nano Di Nosy Hara,Nosy Hara Leaf Chameleon,ok,176092455,NT,Near Threatened,2020,https://www.iucnredlist.org/species/42687009/176092455,10.0,20.0,,
234,234,Macrochelys Temminckii,Tartaruga Alligatore,Alligator Snapping Turtle,ok,507158,EN,Endangered,2025,https://www.iucnredlist.org/species/232775771/507158,0.0,366.0,,
235,235,Pteropus Rufus,Volpe,Madagascan Flying Fox,ok,22087230,VU,Vulnerable,2016,https://www.iucnredlist.org/species/18756/22087230,0.0,1200.0,,
236,236,Malaclemys Terrapin,Tartaruga Diamantina,Diamondback Terrapin,ok,507698,VU,Vulnerable,2019,https://www.iucnredlist.org/species/12695/507698,0.0,5.0,0.0,10.0
237,237,Rhea Americana,Struzzo Americano,Greater Rhea,ok,219615764,NT,Near Threatened,2022,https://www.iucnredlist.org/species/22678073/219615764,0.0,1650.0,,
238,238,Pavo Cristatus,Pavone Indiano,Indian Peafowl,ok,154429562,LC,Least Concern,2025,https://www.iucnredlist.org/species/22679435/154429562,0.0,2250.0,,
239,239,Myrmecophaga Tridactyla,Formichiere Gigante,Giant Anteater,ok,210444314,VU,Vulnerable,2025,https://www.iucnredlist.org/species/14224/210444314,0.0,2000.0,,
240,240,Macaca Mulatta,Macaco Rhesus,Rhesus Macaque,ok,256057746,LC,Least Concern,2024,https://www.iucnredlist.org/species/12554/256057746,0.0,4000.0,,
241,241,Heosemys Spinosa,Tartaruga Spinosa,Spiny Turtle,ok,3152508,EN,Endangered,2021,https://www.iucnredlist.org/species/9942/3152508,,,,
242,242,Lontra Longicaudis,Lontra Neotropicale,Neotropical Otter,ok,219373698,NT,Near Threatened,2022,https://www.iucnredlist.org/species/12304/219373698,0.0,4000.0,0.0,14.0
243,243,Acridotheres Tristis,Myna Comune,Common Myna,ok,137492530,LC,Least Concern,2025,https://www.iucnredlist.org/species/22710921/137492530,0.0,3740.0,,
244,244,Pyxicephalus Adspersus,Rana Toro Africana,African Bullfrog,ok,3070700,LC,Least Concern,2013,https://www.iucnredlist.org/species/58535/3070700,,,,
245,245,Euphonia Violacea,Eufonia Violacea,Violaceous Euphonia,ok,264321179,LC,Least Concern,2024,https://www.iucnredlist.org/species/22722721/264321179,0.0,1420.0,,
246,246,Corvus Splendens,Cornacchia Grigia,House Crow,ok,131944731,LC,Least Concern,2018,https://www.iucnredlist.org/species/22705938/131944731,,,,
247,247,Ceratophrys Ornata,Rana Cornuta Ornata,Ornate Horned Frog,ok,263201909,VU,Vulnerable,2025,https://www.iucnredlist.org/species/56340/263201909,0.0,200.0,,
248,248,Semnopithecus Entellus,Langur Di Hanuman,Hanuman Langur,ok,17942050,LC,Least Concern,2020,https://www.iucnredlist.org/species/39832/17942050,0.0,400.0,,
249,249,Sapajus Libidinosus,Cappuccino Dal Ciuffo,Tufted Capuchin,ok,192593226,NT,Near Threatened,2021,https://www.iucnredlist.org/species/136346/192593226,,,,
250,250,Milvus Migrans,Nibbio Bruno,Black Kite,ok,206588554,LC,Least Concern,2021,https://www.iucnredlist.org/species/181568721/206588554,0.0,4900.0,,
251,251,Oophaga Pumilio,Rana Velenosa Fragola,Strawberry Poison-Dart Frog,ok,3025630,LC,Least Concern,2015,https://www.iucnredlist.org/species/55196/3025630,0.0,960.0,,
252,252,Vanellus Chilensis,Pavoncella Di Fronte Bianca,Southern Lapwing,ok,163620949,LC,Least Concern,2020,https://www.iucnredlist.org/species/22694075/163620949,,2600.0,,
253,253,Naja Naja,Cobra Indiano,Indian Cobra,ok,3110222,LC,Least Concern,2021,https://www.iucnredlist.org/species/62241/3110222,100.0,2000.0,,
254,254,Theloderma Corticale,Rana Muschiata Vietnamita,Vietnamese Mossy Frog,ok,219667057,LC,Least Concern,2022,https://www.iucnredlist.org/species/219709082/219667057,500.0,1320.0,,
255,255,Didelphis Albiventris,Opossum Dal Ventre Bianco,White-Eared Opossum,ok,197310863,LC,Least Concern,2021,https://www.iucnredlist.org/species/40489/197310863,,,,
256,256,Rusa Unicolor,Cervo Sambar,Sambar Deer,ok,85628124,VU,Vulnerable,2015,https://www.iucnredlist.org/species/41790/85628124,0.0,3900.0,,
257,257,Typhlonectes Natans,Cecilia Acquatica,Aquatic Caecilian,ok,85909110,LC,Least Concern,2020,https://www.iucnredlist.org/species/59601/85909110,0.0,1000.0,,
258,258,Psittacula Krameri,Parrocchetto Dal Collare,Rose-Ringed Parakeet,assessment_not_found,,,,,,,,,
259,259,Cerdocyon Thous,Volpe Del Granchio,Crab-Eating Fox,ok,81266293,LC,Least Concern,2015,https://www.iucnredlist.org/species/4248/81266293,0.0,3000.0,,
260,260,Varanus Bengalensis,Varano Del Bengala,Bengal Monitor,ok,1058949,NT,Near Threatened,2021,https://www.iucnredlist.org/species/164579/1058949,0.0,3000.0,,
261,261,Choloepus Didactylus,Bradipo Dalle Due Dita,Linnaeus'S Two-Toed Sloth,ok,210443323,LC,Least Concern,2022,https://www.iucnredlist.org/species/4777/210443323,0.0,2400.0,,
262,262,Herpestes Edwardsi,Mangusta Indiana,Indian Grey Mongoose,assessment_not_found,,,,,,,,,
263,263,Eudynamys Scolopaceus,Koel Orientale,Asian Koel,ok,280940326,LC,Least Concern,2025,https://www.iucnredlist.org/species/22684049/280940326,0.0,2380.0,,
264,264,Dendrocygna Autumnalis,Anatra Fischiante Dal Ventre Nero,Black-Bellied Whistling Duck,ok,138940651,LC,Least Concern,2021,https://www.iucnredlist.org/species/22679780/138940651,,1500.0,,
265,265,Ardeola Grayii,Sgarza Indiana,Indian Pond Heron,ok,265000155,LC,Least Concern,2024,https://www.iucnredlist.org/species/22697128/265000155,0.0,4050.0,,
266,266,Leopardus Pardalis,Ocelot,Ocelot,ok,97212355,LC,Least Concern,2015,https://www.iucnredlist.org/species/11509/97212355,0.0,3000.0,,
267,267,Canis Aureus,Sciacallo Dorato,Golden Jackal,ok,163507876,LC,Least Concern,2018,https://www.iucnredlist.org/species/118264161/163507876,0.0,2000.0,,
268,268,Guira Guira,Guira,Guira Cuckoo,ok,263682441,LC,Least Concern,2024,https://www.iucnredlist.org/species/22684441/263682441,0.0,1250.0,,
269,269,Axis Axis,Cervo Asse,Chital,ok,22158006,LC,Least Concern,2015,https://www.iucnredlist.org/species/41783/22158006,0.0,1100.0,,
270,270,Camelus Dromedarius,Dromedario,Dromedary,assessment_not_found,,,,,,,,,
271,271,Boselaphus Tragocamelus,Nilgai,Nilgai,ok,115064758,LC,Least Concern,2016,https://www.iucnredlist.org/species/2893/115064758,,,,
272,272,Gavialis Gangeticus,Gaviale Del Gange,Gharial,ok,149227430,CR,Critically Endangered,2019,https://www.iucnredlist.org/species/8966/149227430,0.0,750.0,,
273,273,Panthera Tigris,Tigre Del Bengala,Bengal Tiger,ok,214862019,EN,Endangered,2022,https://www.iucnredlist.org/species/15955/214862019,0.0,4500.0,,
274,274,Enypniastes Eximia,Cetriolo Di Mare Pelagico,Headless Chicken Fish,assessment_not_found,,,,,,,,,
275,275,Elephas Maximus,Elefante Asiatico,Asian Elephant,ok,45818198,EN,Endangered,2020,https://www.iucnredlist.org/species/7140/45818198,0.0,3000.0,,
276,276,Grimpoteuthis,Polpo Dumbo,Dumbo Octopus,invalid_scientific_name,,,,,,,,,
277,277,Pteropus Medius,Volpe Volante Indiana,Indian Flying Fox,ok,271209371,NT,Near Threatened,2025,https://www.iucnredlist.org/species/18725/271209371,0.0,2000.0,,
278,278,Bathynomus Giganteus,Isopode Gigante,Giant Isopod,assessment_not_found,,,,,,,,,
279,279,Oryx Leucoryx,Orice Arabico,Arabian Oryx,ok,50191626,VU,Vulnerable,2017,https://www.iucnredlist.org/species/15569/50191626,,,,
280,280,Kiwa Hirsuta,Granchio Yeti,Yeti Crab,assessment_not_found,,,,,,,,,
281,281,Gazella Gazella,Gazzella Di Montagna,Mountain Gazelle,ok,50186574,EN,Endangered,2017,https://www.iucnredlist.org/species/8989/50186574,0.0,1500.0,,
282,282,Paralithodes Camtschaticus,Granchio Reale Del Kamchatka,Red King Crab,assessment_not_found,,,,,,,,,
283,283,Papio Hamadryas,Babbuino Sacro,Hamadryas Baboon,ok,17953082,LC,Least Concern,2019,https://www.iucnredlist.org/species/16019/17953082,,,,
284,284,Goniopsis Pulchra,Granchio Delle Mangrovie Colorato,Mangrove Root Crab,assessment_not_found,,,,,,,,,
285,285,Uromastyx Aegyptia,Dei Più Grandi Agamidi Al Mondo,Egyptian Spiny-Tailed Lizard,ok,115304711,VU,Vulnerable,2012,https://www.iucnredlist.org/species/164729/115304711,0.0,1500.0,,
286,286,Hymenocera Picta,Gambero Arlecchino,Harlequin Shrimp,assessment_not_found,,,,,,,,,
287,287,Vulpes Cana,Volpe Di Blanford,Blanford'S Fox,ok,48075169,LC,Least Concern,2015,https://www.iucnredlist.org/species/23050/48075169,0.0,3000.0,,
288,288,Lysmata Amboinensis,Gamberetto Pulitore,Scarlet Cleaner Shrimp,assessment_not_found,,,,,,,,,
289,289,Caracal Caracal,Caracal,Caracal,ok,102424310,LC,Least Concern,2016,https://www.iucnredlist.org/species/3847/102424310,0.0,3300.0,,
290,290,Leptailurus Serval,Serval,Serval,ok,156536762,LC,Least Concern,2019,https://www.iucnredlist.org/species/11638/156536762,,3800.0,,
291,291,Felis Margarita,Gatto Delle Sabbie,Sand Cat,ok,50651884,LC,Least Concern,2016,https://www.iucnredlist.org/species/8541/50651884,,,,
292,292,Prionailurus Viverrinus,Gatto Pescatore,Fishing Cat,ok,268618387,VU,Vulnerable,2025,https://www.iucnredlist.org/species/18150/268618387,0.0,2277.0,,
293,293,Procavia Capensis,Irace Del Capo,Rock Hyrax,ok,21285876,LC,Least Concern,2015,https://www.iucnredlist.org/species/41766/21285876,0.0,4300.0,,
294,294,Pardofelis Marmorata,Gatto Marmorizzato,Marbled Cat,ok,97164299,NT,Near Threatened,2016,https://www.iucnredlist.org/species/16218/97164299,0.0,2500.0,,
295,295,Chlamydotis Macqueenii,Ubara Di Macqueen,Macqueen'S Bustard,ok,205364424,VU,Vulnerable,2021,https://www.iucnredlist.org/species/22733562/205364424,,,,
296,296,Felis Manul,Gatto Di Pallas,Pallas'S Cat,assessment_not_found,,,,,,,,,
297,297,Pterocles Lichtensteinii,Francolino Di Lichtenstein,Lichtenstein'S Sandgrouse,ok,263651821,LC,Least Concern,2024,https://www.iucnredlist.org/species/22693028/263651821,,1800.0,,
298,298,Chinchilla Lanigera,Cincillà,Long-Tailed Chinchilla,assessment_not_found,,,,,,,,,
299,299,Cerastes Gasperettii,Vipera Cornuta Araba,Arabian Horned Viper,ok,1060588,LC,Least Concern,2012,https://www.iucnredlist.org/species/164599/1060588,,1500.0,,
300,300,Octodon Degus,Degu,Degu,ok,78321302,LC,Least Concern,2016,https://www.iucnredlist.org/species/15088/78321302,0.0,1800.0,,
301,301,Lepus Capensis,Lepre Del Capo,Cape Hare,ok,45186750,LC,Least Concern,2019,https://www.iucnredlist.org/species/41277/45186750,0.0,1800.0,,
302,302,Cynocephalus Volans,Colugo Delle Filippine,Philippine Flying Lemur,ok,12410826,LC,Least Concern,2008,https://www.iucnredlist.org/species/6081/12410826,,,,
303,303,Solenodon Paradoxus,Solenodonte Di Hispaniola,Hispaniolan Solenodon,ok,22327218,LC,Least Concern,2020,https://www.iucnredlist.org/species/20321/22327218,13.0,2026.0,,
304,304,Alectoris Chukar,Coturnice Chukar,Chukar Partridge,ok,155454429,LC,Least Concern,2019,https://www.iucnredlist.org/species/22678691/155454429,,4500.0,,
305,305,Falco Concolor,Falco Concolore,Sooty Falcon,ok,180387681,VU,Vulnerable,2021,https://www.iucnredlist.org/species/22696446/180387681,0.0,1500.0,,
306,306,Eudyptes Chrysocome,Pinguino Saltarocce,Southern Rockhopper Penguin,ok,182762377,VU,Vulnerable,2020,https://www.iucnredlist.org/species/22735250/182762377,0.0,60.0,0.0,113.0
307,307,Naja Haje,Cobra Egiziano,Egyptian Cobra,ok,1748178,LC,Least Concern,2021,https://www.iucnredlist.org/species/184071/1748178,1000.0,1600.0,,
308,308,Morus Bassanus,Sula Bassana,Northern Gannet,ok,132587285,LC,Least Concern,2018,https://www.iucnredlist.org/species/22696657/132587285,,200.0,,
309,309,Passer Montanus,Passero Mattugio,Eurasian Tree Sparrow,ok,137421099,LC,Least Concern,2025,https://www.iucnredlist.org/species/22718270/137421099,0.0,4400.0,,
310,310,Sula Leucogaster,Sula Bruna,Brown Booby,ok,132590197,LC,Least Concern,2018,https://www.iucnredlist.org/species/22696698/132590197,,100.0,,
311,311,Pica Serica,Gazza Orientale,Oriental Magpie,assessment_not_found,,,,,,,,,
312,312,Phaethon Aethereus,Fetonte Beccorosso,Red-Billed Tropicbird,ok,155736224,LC,Least Concern,2019,https://www.iucnredlist.org/species/22696637/155736224,0.0,,,
313,313,Spilopelia Chinensis,Tortora Cinese,Spotted Dove,ok,264111548,LC,Least Concern,2024,https://www.iucnredlist.org/species/60482887/264111548,,2400.0,,
314,314,Alca Torda,Gazza Marina,Razorbill,ok,228697220,LC,Least Concern,2021,https://www.iucnredlist.org/species/22694852/228697220,0.0,,,
315,315,Pycnonotus Jocosus,Bulbul Orfeo,Red-Whiskered Bulbul,ok,263762446,LC,Least Concern,2024,https://www.iucnredlist.org/species/22712634/263762446,0.0,2000.0,,
316,316,Pelecanus Erythrorhynchos,Pellicano Bianco Americano,American White Pelican,ok,281856383,LC,Least Concern,2025,https://www.iucnredlist.org/species/22697611/281856383,0.0,150.0,,
317,317,Cochlearius Cochlearius,Airone Cucchiaio-Barca,Boat-Billed Heron,ok,130187930,LC,Least Concern,2018,https://www.iucnredlist.org/species/22697250/130187930,,800.0,,
318,318,Prionailurus Bengalensis,Gatto Leopardo,Leopard Cat,ok,226150742,LC,Least Concern,2023,https://www.iucnredlist.org/species/223138747/226150742,0.0,4474.0,,
319,319,Tigriornis Leucolopha,Airone Dalla Cresta Bianca,White-Crested Tiger Heron,ok,130188990,LC,Least Concern,2018,https://www.iucnredlist.org/species/22697277/130188990,,,,
320,320,Uncia Uncia,Leopardo Delle Nevi,Snow Leopard,assessment_not_found,,,,,,,,,
321,321,Eurypyga Helias,Tarabuso Del Sole,Sunbittern,ok,163625651,LC,Least Concern,2020,https://www.iucnredlist.org/species/22691893/163625651,,1830.0,,
322,322,Ailuropoda Melanoleuca,Panda Gigante,Giant Panda,ok,121745669,VU,Vulnerable,2016,https://www.iucnredlist.org/species/712/121745669,1200.0,4100.0,,
323,323,Cariama Cristata,Seriema Crestato,Red-Legged Seriema,ok,263629033,LC,Least Concern,2024,https://www.iucnredlist.org/species/22692205/263629033,,2100.0,,
324,324,Grus Japonensis,Gru Della Manciuria,Red-Crowned Crane,ok,213488064,VU,Vulnerable,2021,https://www.iucnredlist.org/species/22692167/213488064,0.0,300.0,,
325,325,Opisthocomus Hoazin,Hoatzin,Hoatzin,ok,264086808,LC,Least Concern,2024,https://www.iucnredlist.org/species/22684428/264086808,0.0,1050.0,,
326,326,Phasianus Colchicus,Fagiano Comune,Common Pheasant,ok,280926744,LC,Least Concern,2025,https://www.iucnredlist.org/species/45100023/280926744,0.0,700.0,,
327,327,Psophia Crepitans,Trombettiere Comune,Grey-Winged Trumpeter,ok,197834257,LC,Least Concern,2021,https://www.iucnredlist.org/species/45478181/197834257,0.0,750.0,,
328,328,Muntiacus Reevesi,Muntjac Di Reeves,Reeves'S Muntjac,ok,170905827,LC,Least Concern,2016,https://www.iucnredlist.org/species/42191/170905827,50.0,3500.0,,
329,329,Lophophorus Impejanus,Fagiano Monal Himalayano,Himalayan Monal,ok,264164432,LC,Least Concern,2024,https://www.iucnredlist.org/species/22679182/264164432,390.0,5240.0,,
330,330,Camelus Bactrianus,Cammello Della Battriana,Bactrian Camel,assessment_not_found,,,,,,,,,
331,331,Syrmaticus Reevesii,Fagiano Di Reeves,Reeves'S Pheasant,ok,131873938,VU,Vulnerable,2018,https://www.iucnredlist.org/species/22679346/131873938,400.0,2600.0,,
332,332,Gekko Chinensis,Geco Cinese,Chinese Gecko,ok,112325553,LC,Least Concern,2019,https://www.iucnredlist.org/species/178676/112325553,,,,
333,333,Acrocephalus Arundinaceus,Cannareccione,Great Reed Warbler,ok,281016358,LC,Least Concern,2025,https://www.iucnredlist.org/species/104317670/281016358,0.0,2400.0,,
334,334,Nipponia Nippon,Ibis Crestato Giapponese,Crested Ibis,ok,132069229,EN,Endangered,2018,https://www.iucnredlist.org/species/22697548/132069229,470.0,1300.0,,
335,335,Menura Novaehollandiae,Superbo Uccello Lira Maschio,Superb Lyrebird,ok,132071218,LC,Least Concern,2018,https://www.iucnredlist.org/species/22703605/132071218,,,,
336,336,Rhinopithecus Roxellana,Rinopiteco Dorato,Golden Snub-Nosed Monkey,ok,196491153,EN,Endangered,2021,https://www.iucnredlist.org/species/19596/196491153,1400.0,2800.0,,
337,337,Ptilonorhynchus Violaceus,Giardiniere Raso,Satin Bowerbird,ok,130219832,LC,Least Concern,2018,https://www.iucnredlist.org/species/22703679/130219832,,,,
338,338,Ursus Thibetanus,Orso Dell'Himalaya,Asian Black Bear,ok,166528664,VU,Vulnerable,2020,https://www.iucnredlist.org/species/22824/166528664,0.0,4300.0,,
339,339,Steatornis Caripensis,Guácharo,Oilbird,ok,137757943,LC,Least Concern,2021,https://www.iucnredlist.org/species/22689633/137757943,,3400.0,,
340,340,Equus Hemionus,Emione,Onager,ok,238881740,NT,Near Threatened,2025,https://www.iucnredlist.org/species/7951/238881740,-170.0,3000.0,,
341,341,Podargus Strigoides,Podargo Fulvo,Tawny Frogmouth,ok,253969296,LC,Least Concern,2024,https://www.iucnredlist.org/species/22689580/253969296,0.0,1560.0,,
342,342,Cervus Nippon,Cervo Sika,Sika Deer,ok,22155877,LC,Least Concern,2015,https://www.iucnredlist.org/species/41788/22155877,,,,
343,343,Hemiprocne Coronata,Trogone Crestato,Crested Treeswift,ok,130112154,LC,Least Concern,2018,https://www.iucnredlist.org/species/22686891/130112154,,1400.0,,
344,344,Ardea Alba,Airone Bianco Maggiore,Great Egret,ok,280949218,LC,Least Concern,2025,https://www.iucnredlist.org/species/22697043/280949218,0.0,4080.0,,
345,345,Buceros Bicornis,Grande Calao Indiano,Great Hornbill,ok,184603863,VU,Vulnerable,2020,https://www.iucnredlist.org/species/22682453/184603863,0.0,2000.0,,
346,346,Viverra Zibetha,Zibetto Indiano,Large Indian Civet,ok,259358081,LC,Least Concern,2024,https://www.iucnredlist.org/species/41709/259358081,0.0,3080.0,,
347,347,Momotus Momota,Motmot Amazzonico,Amazonian Motmot,ok,281038220,LC,Least Concern,2025,https://www.iucnredlist.org/species/61634607/281038220,0.0,2400.0,,
348,348,Macaca Fuscata,Macaco Giapponese,Japanese Macaque,ok,195347803,LC,Least Concern,2020,https://www.iucnredlist.org/species/12552/195347803,0.0,1500.0,,
349,349,Todus Todus,Tody Giamaicano,Jamaican Tody,ok,281010227,LC,Least Concern,2025,https://www.iucnredlist.org/species/22683018/281010227,0.0,1980.0,,
350,350,Corvus Macrorhynchos,Corvo Beccogrosso,Large-Billed Crow,ok,264280673,LC,Least Concern,2024,https://www.iucnredlist.org/species/103727590/264280673,0.0,4500.0,,
351,351,Galbula Dea,Jacamar Del Paradiso,Paradise Jacamar,ok,264155301,LC,Least Concern,2024,https://www.iucnredlist.org/species/22682221/264155301,,1100.0,,
352,352,Nyctereutes Procyonoides,Tanuki Giapponese,Raccoon Dog,ok,85658776,LC,Least Concern,2016,https://www.iucnredlist.org/species/14925/85658776,,,,
353,353,Eretmochelys Imbricata,Tartaruga Embricata,Hawksbill Sea Turtle,ok,12881238,CR,Critically Endangered,2008,https://www.iucnredlist.org/species/8005/12881238,,,,
354,354,Caretta Caretta,Tartaruga Caretta,Loggerhead Sea Turtle,ok,119333622,VU,Vulnerable,2017,https://www.iucnredlist.org/species/3897/119333622,,,,
355,355,Emberiza Cioides,Migliaio Di Cioides,Meadow Bunting,ok,263309780,LC,Least Concern,2024,https://www.iucnredlist.org/species/22720902/263309780,0.0,3100.0,,
356,356,Lepidochelys Olivacea,Tartaruga Olivacea,Olive Ridley Sea Turtle,ok,3292503,VU,Vulnerable,2008,https://www.iucnredlist.org/species/11534/3292503,,,,
357,357,Garrulus Lidthi,Ghiandaia Di Lidth,Lidth'S Jay,ok,265869468,LC,Least Concern,2025,https://www.iucnredlist.org/species/22705771/265869468,0.0,,,
358,358,Natator Depressus,Tartaruga Piatta Australiana,Flatback Sea Turtle,ok,210612474,DD,Data Deficient,1996,https://www.iucnredlist.org/species/14363/210612474,,,,
359,359,Niviventer Coninga,Ratto Di Coxing,Coxing'S White-Bellied Rat,ok,280138902,LC,Least Concern,2025,https://www.iucnredlist.org/species/14815/280138902,0.0,2000.0,,
360,360,Clemmys Guttata,Tartaruga Maculata,Spotted Turtle,ok,97411228,EN,Endangered,2011,https://www.iucnredlist.org/species/4968/97411228,,,,
361,361,Palea Steindachneri,Tartaruga Dal Guscio Molle Di Steindachner,Wattle-Necked Softshell Turtle,ok,794203,CR,Critically Endangered,2021,https://www.iucnredlist.org/species/15918/794203,0.0,436.0,,
362,362,Ursus Arctos,Orso Bruno Di Yezo,Brown Bear,ok,121229971,LC,Least Concern,2017,https://www.iucnredlist.org/species/41688/121229971,0.0,5000.0,,
363,363,Hydromedusa Tectifera,Tartaruga Collo-Serpente Sudamericana,South American Snake-Necked Turtle,assessment_not_found,,,,,,,,,
364,364,Capricornis Crispus,Serow Giapponese,Japanese Serow,ok,22151909,LC,Least Concern,2020,https://www.iucnredlist.org/species/3811/22151909,0.0,3000.0,,
365,365,Ambystoma Maculatum,Salamandra Maculata,Spotted Salamander,ok,193224401,LC,Least Concern,2022,https://www.iucnredlist.org/species/59064/193224401,,,,
366,366,Martes Melampus,Martora Giapponese,Japanese Marten,ok,45213228,LC,Least Concern,2015,https://www.iucnredlist.org/species/41650/45213228,0.0,2000.0,,
367,367,Notophthalmus Viridescens,Tritone Orientale,Eastern Newt,ok,193389835,LC,Least Concern,2022,https://www.iucnredlist.org/species/59453/193389835,,,,
368,368,Phasianus Versicolor,Fagiano Verde Giapponese,Green Pheasant,ok,280936637,LC,Least Concern,2025,https://www.iucnredlist.org/species/22732650/280936637,0.0,1000.0,,
369,369,Siren Lacertina,Sirena Gigante,Greater Siren,ok,53988286,LC,Least Concern,2022,https://www.iucnredlist.org/species/59492/53988286,,,,
370,370,Mamestra Brassicae,Nottua Del Cavolo,Cabbage Moth,assessment_not_found,,,,,,,,,
371,371,Amphiuma Means,Anfiuma A Due Dita,Two-Toed Amphiuma,ok,56562304,LC,Least Concern,2022,https://www.iucnredlist.org/species/59074/56562304,,,,
372,372,Aix Galericulata,Mandarino,Mandarin Duck,ok,131911544,LC,Least Concern,2018,https://www.iucnredlist.org/species/22680107/131911544,,,,
373,373,Dendrobates Auratus,Rana Freccia Verde E Nera,Green-And-Black Poison Dart Frog,ok,3024941,LC,Least Concern,2020,https://www.iucnredlist.org/species/55174/3024941,0.0,1000.0,,
374,374,Bufo Japonicus,Rospo Giapponese,Japanese Common Toad,ok,177177294,LC,Least Concern,2021,https://www.iucnredlist.org/species/54673/177177294,0.0,2500.0,,
375,375,Hyla Arborea,Raganella Europea,European Tree Frog,ok,228182338,LC,Least Concern,2024,https://www.iucnredlist.org/species/82496838/228182338,0.0,2300.0,,
376,376,Takydromus Tachydromoides,Lucertola Delle Erbe Giapponese,Japanese Grass Lizard,ok,96266321,LC,Least Concern,2017,https://www.iucnredlist.org/species/96266178/96266321,,,,
377,377,Xenopus Laevis,Rana Artigliata Africana,African Clawed Frog,ok,248905894,LC,Least Concern,2025,https://www.iucnredlist.org/species/110466172/248905894,0.0,3300.0,,
378,378,Gekko Japonicus,Geco Giapponese,Japanese Gecko,ok,96251724,LC,Least Concern,2019,https://www.iucnredlist.org/species/96251704/96251724,850.0,2030.0,,
379,379,Pipa Pipa,Rospo Di Suriname,Surinam Toad,ok,85900348,LC,Least Concern,2023,https://www.iucnredlist.org/species/58163/85900348,0.0,400.0,,
380,380,Parus Minor,Cinciallegra Orientale,Japanese Tit,assessment_not_found,,,,,,,,,
381,381,Nasikabatrachus Sahyadrensis,Rana Viola Indiana,Purple Frog,ok,166098621,NT,Near Threatened,2022,https://www.iucnredlist.org/species/58051/166098621,30.0,1400.0,,
382,382,Haliaeetus Pelagicus,Aquila Di Mare Di Steller,Steller'S Sea Eagle,ok,204871862,VU,Vulnerable,2021,https://www.iucnredlist.org/species/22695147/204871862,0.0,100.0,,
383,383,Macaca Fascicularis,Macaco Dalla Coda Lunga,Long-Tailed Macaque,ok,273015436,EN,Endangered,2025,https://www.iucnredlist.org/species/12551/273015436,0.0,2250.0,,
384,384,Varanus Salvator,Varano Acquatico,Asian Water Monitor,ok,113138439,LC,Least Concern,2021,https://www.iucnredlist.org/species/178214/113138439,,1800.0,,
385,385,Hippocampus Abdominalis,Cavalluccio Marino Panciuto,Big-Belly Seahorse,ok,54903879,LC,Least Concern,2017,https://www.iucnredlist.org/species/10057/54903879,,,0.0,104.0
386,386,Cynopterus Brachyotis,Pipistrello Della Frutta Dalle Orecchie Corte,Lesser Short-Nosed Fruit Bat,ok,22113381,LC,Least Concern,2019,https://www.iucnredlist.org/species/6103/22113381,0.0,1600.0,,
387,387,Phyllopteryx Taeniolatus,Drago Marino Comune,Common Seadragon,ok,263199517,VU,Vulnerable,2025,https://www.iucnredlist.org/species/17177/263199517,,,0.0,50.0
388,388,Pycnonotus Aurigaster,Bulbul Codarossa,Sooty-Headed Bulbul,ok,263801596,LC,Least Concern,2024,https://www.iucnredlist.org/species/22712699/263801596,0.0,2550.0,,
389,389,Aulostomus Maculatus,Pesce Tromba Atlantico,Western Atlantic Trumpetfish,ok,16509812,LC,Least Concern,2015,https://www.iucnredlist.org/species/16421352/16509812,,,2.0,50.0
390,390,Hemidactylus Frenatus,Geco Comune Delle Case,Common House Gecko,ok,1434103,LC,Least Concern,2021,https://www.iucnredlist.org/species/99156022/1434103,0.0,1600.0,,
391,391,Trimeresurus Albolabris,Vipera Verde Dalle Labbra Bianche,White-Lipped Pit Viper,ok,1534017,LC,Least Concern,2012,https://www.iucnredlist.org/species/178433/1534017,0.0,1200.0,,
392,392,Hylobates Lar,Gibbone Lar,Lar Gibbon,ok,17967253,EN,Endangered,2020,https://www.iucnredlist.org/species/10548/17967253,0.0,1500.0,,
393,393,Presbytis Femoralis,Presbite Fasciato,Banded Surili,ok,215090780,CR,Critically Endangered,2022,https://www.iucnredlist.org/species/39801/215090780,0.0,200.0,,
394,394,Gallus Gallus,Gallo Domestico,Red Junglefowl,ok,263732457,LC,Least Concern,2024,https://www.iucnredlist.org/species/22679199/263732457,0.0,3050.0,,
395,395,Gracula Religiosa,Mino Religioso,Common Hill Myna,ok,264220054,LC,Least Concern,2024,https://www.iucnredlist.org/species/103878755/264220054,0.0,2000.0,,
396,396,Ascarosepion Latimanus,Seppia A Mazza Larga,Broadclub Cuttlefish,assessment_not_found,,,,,,,,,
397,397,Crocodylus Porosus,Coccodrillo Marino,Saltwater Crocodile,ok,268788998,LC,Least Concern,2021,https://www.iucnredlist.org/species/5668/268788998,0.0,500.0,,
398,398,Hapalochlaena Maculosa,Polpo Dagli Anelli Blu,Southern Blue-Ringed Octopus,ok,957595,LC,Least Concern,2018,https://www.iucnredlist.org/species/162954/957595,,,0.0,50.0
399,399,Enteroctopus Dofleini,Polpo Gigante Del Pacifico,Giant Pacific Octopus,ok,958049,LC,Least Concern,2018,https://www.iucnredlist.org/species/162958/958049,,,0.0,1500.0
400,400,Pongo Abelii,Orango Di Sumatra,Sumatran Orangutan,ok,259045437,CR,Critically Endangered,2024,https://www.iucnredlist.org/species/121097935/259045437,0.0,1500.0,,
401,401,Aliger Gigas,Conchiglia Regina,Queen Conch,ok,138190717,NT,Near Threatened,2025,https://www.iucnredlist.org/species/138190680/138190717,,,0.0,90.0
402,402,Tupaia Glis,Tupaia Comune,Common Treeshrew,ok,259374586,LC,Least Concern,2024,https://www.iucnredlist.org/species/111872341/259374586,0.0,,,
403,403,Conus Geographus,Cono Geografico,Geography Cone,ok,2158685,LC,Least Concern,2013,https://www.iucnredlist.org/species/192772/2158685,,,0.0,20.0
404,404,Manis Javanica,Pangolino Malese,Sunda Pangolin,ok,123584856,CR,Critically Endangered,2019,https://www.iucnredlist.org/species/12763/123584856,0.0,1700.0,,
405,405,Limax Maximus,Lumaca Leopardo,Leopard Slug,ok,85577040,LC,Least Concern,2017,https://www.iucnredlist.org/species/170900/85577040,0.0,1900.0,,
406,406,Lissachatina Fulica,Chiocciola Gigante Africana,Giant African Land Snail,assessment_not_found,,,,,,,,,
407,407,Cypraea Tigris,Ciprea Tigre,Tiger Cowrie,assessment_not_found,,,,,,,,,
408,408,Acrocodia Indica,Tapiro Malese,Malayan Tapir,assessment_not_found,,,,,,,,,
409,409,Murex Pecten,Murice Pettine Di Venere,Venus Comb Murex,assessment_not_found,,,,,,,,,
410,410,Butastur Indicus,Poiana Grigia,Grey Buzzard,ok,202433645,LC,Least Concern,2021,https://www.iucnredlist.org/species/22695726/202433645,0.0,2000.0,,
411,411,Argonauta Argo,Argonauta,Paper Nautilus,ok,969616,LC,Least Concern,2014,https://www.iucnredlist.org/species/163080/969616,,,,
412,412,Naja Kaouthia,Cobra Monocellato,Monocled Cobra,ok,1488122,LC,Least Concern,2012,https://www.iucnredlist.org/species/177487/1488122,,1000.0,,
413,413,Minuca Pugnax,Granchio Violinista,Atlantic Marsh Fiddler Crab,assessment_not_found,,,,,,,,,
414,414,Gymnorhina Tibicen,Gazza Flauto Australiana,Australian Magpie,ok,131945700,LC,Least Concern,2018,https://www.iucnredlist.org/species/22706288/131945700,,,,
415,415,Gonodactylus Smithii,Gambero Mantide Di Smith,Smith'S Mantis Shrimp,assessment_not_found,,,,,,,,,
416,416,Dacelo Novaeguineae,Kookaburra Gigante,Laughing Kookaburra,ok,253968941,LC,Least Concern,2024,https://www.iucnredlist.org/species/22683189/253968941,0.0,900.0,,
417,417,Phascolarctos Cinereus,Koala,Koala,ok,166496779,VU,Vulnerable,2020,https://www.iucnredlist.org/species/16892/166496779,,,,
418,418,Ovis Aries,Pecora Domestica,Domestic Sheep,ok,215862263,NA,Not Applicable,2025,https://www.iucnredlist.org/species/136720/215862263,0.0,2000.0,,
419,419,Macropus Giganteus,Canguro Grigio Orientale,Eastern Grey Kangaroo,ok,21952954,LC,Least Concern,2016,https://www.iucnredlist.org/species/41513/21952954,,,,
420,420,Capra Hircus,Capra Domestica,Domestic Goat,ok,215862148,NA,Not Applicable,2025,https://www.iucnredlist.org/species/136383/215862148,0.0,1450.0,,
421,421,Malurus Cyaneus,Maschio,Superb Fairywren,ok,253995896,LC,Least Concern,2024,https://www.iucnredlist.org/species/22703736/253995896,0.0,1630.0,,
422,422,Equus Caballus,Cavallo Domestico,Domestic Horse,assessment_not_found,,,,,,,,,
423,423,Trichosurus Vulpecula,Possum In Coda A Pennacchio,Common Brushtail Possum,ok,21952080,LC,Least Concern,2016,https://www.iucnredlist.org/species/40585/21952080,,,,
424,424,Bos Taurus,Bovino Domestico,Domestic Cattle,assessment_not_found,,,,,,,,,
425,425,Cacatua Galerita,Cacatua Dello Zolfo,Sulphur-Crested Cockatoo,ok,131914971,LC,Least Concern,2018,https://www.iucnredlist.org/species/22684781/131914971,,1400.0,,
426,426,Oryctolagus Cuniculus,Coniglio Selvatico,European Rabbit,ok,170619657,EN,Endangered,2019,https://www.iucnredlist.org/species/41291/170619657,0.0,3000.0,,
427,427,Eolophus Roseicapilla,Cacatua Rosato,Galah,ok,131874469,LC,Least Concern,2018,https://www.iucnredlist.org/species/22684758/131874469,,,,
428,428,Cavia Porcellus,Porcellino D'India,Guinea Pig,ok,16818660,NE,Not Evaluated,2012,https://www.iucnredlist.org/species/4067/16818660,,,,
429,429,Vombatus Ursinus,Vombato Comune,Common Wombat,ok,258654868,LC,Least Concern,2025,https://www.iucnredlist.org/species/40556/258654868,0.0,2200.0,,
430,430,Mesocricetus Auratus,Criceto Dorato,Golden Hamster,ok,107411865,EN,Endangered,2022,https://www.iucnredlist.org/species/13219/107411865,,,,
431,431,Tachyglossus Aculeatus,Echidna Dal Becco Corto,Short-Beaked Echidna,ok,21964662,LC,Least Concern,2016,https://www.iucnredlist.org/species/41312/21964662,,,,
432,432,Rattus Norvegicus,Ratto Bruno,Brown Rat,ok,165118026,LC,Least Concern,2016,https://www.iucnredlist.org/species/19353/165118026,,,,
433,433,Ornithorhynchus Anatinus,Platipus,Platypus,ok,21964009,NT,Near Threatened,2016,https://www.iucnredlist.org/species/40488/21964009,,,,
434,434,Gallinula Chloropus,Gallinella D'Acqua,Common Moorhen,ok,281847787,LC,Least Concern,2025,https://www.iucnredlist.org/species/62120190/281847787,0.0,4400.0,,
435,435,Tiliqua Scincoides,Scinco Dalla Lingua Blu Orientale,Eastern Blue-Tongued Skink,ok,109481555,LC,Least Concern,2017,https://www.iucnredlist.org/species/109481538/109481555,,,,
436,436,Cygnus Atratus,Cigno Nero,Black Swan,ok,131907524,LC,Least Concern,2018,https://www.iucnredlist.org/species/22679843/131907524,,,,
437,437,Pogona Vitticeps,Drago Barbuto Australiano,Central Bearded Dragon,ok,83494440,LC,Least Concern,2018,https://www.iucnredlist.org/species/83494364/83494440,,,,
438,438,Falco Tinnunculus,Gheppio,Common Kestrel,ok,206316110,LC,Least Concern,2021,https://www.iucnredlist.org/species/22696362/206316110,0.0,3500.0,,
439,439,Pseudechis Porphyriacus,Serpente Nero Australiano,Red-Bellied Black Snake,ok,42493282,LC,Least Concern,2018,https://www.iucnredlist.org/species/42493274/42493282,,,,
440,440,Tyto Alba,Barbagianni,Barn Owl,ok,280909370,LC,Least Concern,2025,https://www.iucnredlist.org/species/22688504/280909370,0.0,4300.0,,
441,441,Dromaius Novaehollandiae,Emù,Emu,ok,131902466,LC,Least Concern,2018,https://www.iucnredlist.org/species/22678117/131902466,,1600.0,,
442,442,Athene Noctua,Civetta Comune,Little Owl,ok,155470112,LC,Least Concern,2019,https://www.iucnredlist.org/species/22689328/155470112,,2600.0,,
443,443,Varanus Varius,Varano Vario,Lace Monitor,ok,101752385,LC,Least Concern,2018,https://www.iucnredlist.org/species/83779090/101752385,,,,
444,444,Talpa Europaea,Talpa Europea,European Mole,ok,221752008,LC,Least Concern,2023,https://www.iucnredlist.org/species/221751920/221752008,0.0,2700.0,,
445,445,Wallabia Bicolor,Wallaby Bicolore,Swamp Wallaby,ok,21952658,LC,Least Concern,2016,https://www.iucnredlist.org/species/40575/21952658,0.0,1800.0,,
446,446,Podarcis Siculus,Lucertola Campestre,Italian Wall Lizard,ok,217280511,LC,Least Concern,2024,https://www.iucnredlist.org/species/222915874/217280511,0.0,2200.0,,
447,447,Canis Dingo,Dingo,Dingo,assessment_not_found,,,,,,,,,
448,448,Natrix Natrix,Biacco D'Acqua,Grass Snake,ok,545209,LC,Least Concern,2021,https://www.iucnredlist.org/species/165594334/545209,0.0,3060.0,,
449,449,Chenonetta Jubata,Anatra Arboricola Australiana,Maned Duck,ok,253970179,LC,Least Concern,2024,https://www.iucnredlist.org/species/22680111/253970179,0.0,1800.0,,
450,450,Vipera Aspis,Vipera Aspide,Asp Viper,ok,260760059,VU,Vulnerable,2024,https://www.iucnredlist.org/species/61591/260760059,0.0,3300.0,,
451,451,Trichoglossus Haematodus,Lori Arcobaleno,Rainbow Lorikeet,ok,132177469,LC,Least Concern,2018,https://www.iucnredlist.org/species/22725310/132177469,,700.0,,
452,452,Bufotes Viridis,Rospo Smeraldino,European Green Toad,ok,730332,LC,Least Concern,2023,https://www.iucnredlist.org/species/182530066/730332,,,,
453,453,Diceros Bicornis,Rinoceronte Nero,Black Rhinoceros,ok,152728945,CR,Critically Endangered,2020,https://www.iucnredlist.org/species/6557/152728945,,,,
454,454,Pelophylax Lessonae,Rana Di Lessona,Pool Frog,ok,207983513,LC,Least Concern,2024,https://www.iucnredlist.org/species/88416883/207983513,0.0,1550.0,,
455,455,Rhinoceros Unicornis,Rinoceronte Indiano,Indian Rhinoceros,ok,18494149,VU,Vulnerable,2019,https://www.iucnredlist.org/species/19496/18494149,0.0,415.0,,
456,456,Salamandra Salamandra,Salamandra Pezzata,Fire Salamander,ok,219148292,VU,Vulnerable,2023,https://www.iucnredlist.org/species/59467/219148292,0.0,2500.0,,
457,457,Triturus Cristatus,Tritone Crestato,Great Crested Newt,ok,89706893,LC,Least Concern,2023,https://www.iucnredlist.org/species/22212/89706893,0.0,1750.0,,
458,458,Bubalus Bubalis,Bufalo D’Acqua,Water Buffalo,assessment_not_found,,,,,,,,,
459,459,Panthera Onca,Giaguaro,Jaguar,ok,123791436,NT,Near Threatened,2017,https://www.iucnredlist.org/species/15953/123791436,0.0,3000.0,,
460,460,Bradypus Variegatus,Bradipo Tridattilo,Brown-Throated Sloth,ok,210442893,LC,Least Concern,2022,https://www.iucnredlist.org/species/3038/210442893,0.0,2500.0,,
461,461,Lucanus Cervus,Cervo Volante,Stag Beetle,ok,213072777,NT,Near Threatened,2025,https://www.iucnredlist.org/species/239951016/213072777,0.0,2000.0,,
462,462,Melolontha Melolontha,Maggiolino Comune,Common Cockchafer,assessment_not_found,,,,,,,,,
463,463,Lynx Lynx,Lince Eurasiatica,Eurasian Lynx,ok,121707666,LC,Least Concern,2015,https://www.iucnredlist.org/species/12519/121707666,0.0,5500.0,,
464,464,Coccinella Septempunctata,Coccinella A Sette Punti,Seven-Spot Ladybird,assessment_not_found,,,,,,,,,
465,465,Gulo Gulo,Ghiottone,Wolverine,ok,45198537,LC,Least Concern,2016,https://www.iucnredlist.org/species/9561/45198537,300.0,2400.0,,
466,466,Gryllotalpa Gryllotalpa,Grillotalpa Europea,European Mole Cricket,ok,74521302,LC,Least Concern,2016,https://www.iucnredlist.org/species/68380889/74521302,,,,
467,467,Bison Bonasus,Bisonte Europeo,European Bison,ok,45156279,NT,Near Threatened,2020,https://www.iucnredlist.org/species/2814/45156279,0.0,2100.0,,
468,468,Mantidactylus Grandidieri,Rana Di Grandidier,Grandidier'S Madagascar Frog,ok,84171816,LC,Least Concern,2016,https://www.iucnredlist.org/species/57484/84171816,0.0,1500.0,,
469,469,Tachyglossidae,Echidna,Echidna,invalid_scientific_name,,,,,,,,,
470,470,Libellula Depressa,Libellula Panciapiatta,Broad-Bodied Chaser,ok,19167508,LC,Least Concern,2014,https://www.iucnredlist.org/species/165531/19167508,,,,
471,471,Ovis Dalli,Pecora Di Dall,Dall Sheep,ok,22149895,LC,Least Concern,2020,https://www.iucnredlist.org/species/39250/22149895,,,,
472,472,Eristalis Tenax,Mosca Drone,Drone Fly,ok,151663293,LC,Least Concern,2021,https://www.iucnredlist.org/species/149163763/151663293,,,,
473,473,Araneus Diadematus,Ragno Crociato,European Garden Spider,assessment_not_found,,,,,,,,,
474,474,Nasalis Larvatus,Nasico,Proboscis Monkey,ok,195372486,EN,Endangered,2021,https://www.iucnredlist.org/species/14352/195372486,0.0,350.0,,
475,475,Misumena Vatia,Ragno Granchio Dei Fiori,Goldenrod Crab Spider,assessment_not_found,,,,,,,,,
476,476,Pongo Pygmaeus,Orango Del Borneo,Bornean Orangutan,ok,259043172,CR,Critically Endangered,2024,https://www.iucnredlist.org/species/17975/259043172,0.0,500.0,,
477,477,Tegenaria Domestica,Tegenaria Domestica,Domestic House Spider,assessment_not_found,,,,,,,,,
478,478,Buceros Rhinoceros,Rinoceronte Hornbill,Rhinoceros Hornbill,ok,184960407,VU,Vulnerable,2020,https://www.iucnredlist.org/species/22682450/184960407,,1750.0,,
479,479,Euscorpius Italicus,Scorpione Italiano,Italian Scorpion,assessment_not_found,,,,,,,,,
480,480,Pteronura Brasiliensis,Lontra Gigante,Giant Otter,ok,244867206,EN,Endangered,2023,https://www.iucnredlist.org/species/18711/244867206,0.0,1000.0,0.0,0.0
481,481,Tapirus Terrestris,Tapiro Sudamericano,South American Tapir,ok,45174127,VU,Vulnerable,2019,https://www.iucnredlist.org/species/21474/45174127,,,,
482,482,Cornu Aspersum,Chiocciola Comune,Garden Snail,ok,5012868,LC,Least Concern,2011,https://www.iucnredlist.org/species/156890/5012868,,,,
483,483,Chelonoidis Niger,Tartaruga Gigante Delle Galápagos,Galápagos Giant Tortoise,ok,3149101,EX,Extinct,2017,https://www.iucnredlist.org/species/9023/3149101,,,,
484,484,Arion Vulgaris,Limaccia Spagnola,Spanish Slug,ok,85580914,LC,Least Concern,2017,https://www.iucnredlist.org/species/85541868/85580914,0.0,1700.0,,
485,485,Amblyrhynchus Cristatus,Iguana Marina Delle Galápagos,Marine Iguana,ok,177552193,VU,Vulnerable,2020,https://www.iucnredlist.org/species/1086/177552193,0.0,400.0,30.0,0.0
486,486,Ostrea Edulis,Ostrica Piatta Europea,European Flat Oyster,assessment_not_found,,,,,,,,,
487,487,Sula Nebouxii,Sula Piediazzurri,Blue-Footed Booby,ok,168988087,LC,Least Concern,2021,https://www.iucnredlist.org/species/22696683/168988087,0.0,100.0,0.0,20.0
488,488,Mytilus Edulis,Cozza Comune,Blue Mussel,assessment_not_found,,,,,,,,,
489,489,Zalophus Wollebaeki,Leone Marino Delle Galápagos,Galápagos Sea Lion,ok,45230540,EN,Endangered,2015,https://www.iucnredlist.org/species/41668/45230540,0.0,5.0,0.0,584.0
490,490,Palaemon Serratus,Gamberetto Comune,Common Prawn,assessment_not_found,,,,,,,,,
491,491,Fregata Magnificens,Fregata Magnifica,Magnificent Frigatebird,ok,168982712,LC,Least Concern,2020,https://www.iucnredlist.org/species/22697724/168982712,,,,
492,492,Carcinus Maenas,Granchio Verde Europeo,European Green Crab,assessment_not_found,,,,,,,,,
493,493,Bison Bison,Bisonte Americano,American Bison,ok,123789863,NT,Near Threatened,2017,https://www.iucnredlist.org/species/2815/123789863,180.0,2750.0,,
494,494,Crangon Crangon,Gamberetto Comune,Brown Shrimp,assessment_not_found,,,,,,,,,
495,495,Actinia Tenebrosa,Anemone Waratah,Waratah Anemone,assessment_not_found,,,,,,,,,
496,496,Alces Americanus,Alce Americano,Moose,assessment_not_found,,,,,,,,,
497,497,Paracentrotus Lividus,Riccio Di Mare Viola,Purple Sea Urchin,assessment_not_found,,,,,,,,,
498,498,Antilocapra Americana,Antilocapra,Pronghorn,ok,115056938,LC,Least Concern,2016,https://www.iucnredlist.org/species/1677/115056938,0.0,3350.0,,
499,499,Anemonia Viridis,Anemone Verde,Snakelocks Anemone,ok,51216661,LC,Least Concern,2015,https://www.iucnredlist.org/species/50113030/51216661,,,0.5,25.0
500,500,Vultur Gryphus,Condor Delle Ande,Andean Condor,ok,181325230,VU,Vulnerable,2020,https://www.iucnredlist.org/species/22697641/181325230,,5000.0,,
501,501,Phalacrocorax Carbo,Cormorano Comune,Great Cormorant,ok,155523636,LC,Least Concern,2019,https://www.iucnredlist.org/species/22696792/155523636,,,,
502,502,Tremarctos Ornatus,Orso Dagli Occhiali,Spectacled Bear,ok,123792952,VU,Vulnerable,2017,https://www.iucnredlist.org/species/22066/123792952,200.0,4750.0,,
503,503,Fulica Atra,Folaga Comune,Eurasian Coot,ok,154269531,LC,Least Concern,2019,https://www.iucnredlist.org/species/22692913/154269531,,3500.0,,
504,504,Vicugna Vicugna,Vicugna,Vicuña,ok,145360542,LC,Least Concern,2018,https://www.iucnredlist.org/species/22956/145360542,3000.0,5000.0,,
505,505,Rana Dalmatina,Rana Agile,Agile Frog,ok,89705029,LC,Least Concern,2023,https://www.iucnredlist.org/species/58584/89705029,0.0,1700.0,,
506,506,Puma Concolor,Puma,Cougar,ok,97216466,LC,Least Concern,2015,https://www.iucnredlist.org/species/18868/97216466,0.0,5800.0,,
507,507,Lacerta Bilineata,Ramarro Occidentale,Western Green Lizard,ok,137852254,LC,Least Concern,2024,https://www.iucnredlist.org/species/61519/137852254,0.0,2160.0,,
508,508,Tapirus Pinchaque,Tapiro Di Montagna,Mountain Tapir,ok,45173922,EN,Endangered,2016,https://www.iucnredlist.org/species/21473/45173922,1400.0,,,
509,509,Corvus Cornix,Cornacchia Mantellata,Hooded Crow,assessment_not_found,,,,,,,,,
510,510,Ursus Maritimus,Orso Polare,Polar Bear,ok,14871490,VU,Vulnerable,2015,https://www.iucnredlist.org/species/22823/14871490,,,,
511,511,Scolopax Rusticola,Beccaccia,Eurasian Woodcock,ok,281864591,LC,Least Concern,2025,https://www.iucnredlist.org/species/22693052/281864591,0.0,3900.0,,
512,512,Odobenus Rosmarus,Tricheco,Walrus,ok,272356023,VU,Vulnerable,2025,https://www.iucnredlist.org/species/15106/272356023,,5.0,,250.0
513,513,Garrulus Glandarius,Ghiandaia,Eurasian Jay,ok,153832514,LC,Least Concern,2025,https://www.iucnredlist.org/species/103723684/153832514,0.0,4000.0,,
514,514,Rangifer Tarandus,Renna,Reindeer,ok,22167140,VU,Vulnerable,2016,https://www.iucnredlist.org/species/29742/22167140,0.0,2000.0,,
515,515,Delichon Urbicum,Balestruccio,Common House Martin,ok,264561964,LC,Least Concern,2024,https://www.iucnredlist.org/species/103811886/264561964,,2000.0,,
516,516,Vulpes Lagopus,Volpe Artica,Arctic Fox,ok,57549321,LC,Least Concern,2014,https://www.iucnredlist.org/species/899/57549321,0.0,3000.0,,
517,517,Apus Apus,Rondone Comune,Common Swift,ok,281017590,LC,Least Concern,2025,https://www.iucnredlist.org/species/22686800/281017590,1410.0,3300.0,,
518,518,Monodon Monoceros,Narvalo,Narwhal,ok,50367651,LC,Least Concern,2017,https://www.iucnredlist.org/species/13704/50367651,0.0,0.0,0.0,1500.0
519,519,Rattus Rattus,Ratto Nero,Black Rat,ok,192565917,LC,Least Concern,2021,https://www.iucnredlist.org/species/19360/192565917,,,,
520,520,Eubalaena Australis,Balena Franca Australe,Southern Right Whale,ok,50354147,LC,Least Concern,2018,https://www.iucnredlist.org/species/8153/50354147,,,,
521,521,Apodemus Sylvaticus,Topo Selvatico,Wood Mouse,ok,197270811,LC,Least Concern,2021,https://www.iucnredlist.org/species/1904/197270811,0.0,3300.0,,
522,522,Tursiops Truncatus,Tursiope,Common Bottlenose Dolphin,ok,156932432,LC,Least Concern,2019,https://www.iucnredlist.org/species/22563/156932432,,,,
523,523,Microtus Arvalis,Arvicola Campestre,Common Vole,ok,221337633,LC,Least Concern,2024,https://www.iucnredlist.org/species/221687974/221337633,0.0,2600.0,,
524,524,Aquila Chrysaetos,Aquila Reale,Golden Eagle,ok,202078899,LC,Least Concern,2021,https://www.iucnredlist.org/species/22696060/202078899,0.0,4000.0,,
525,525,Pipistrellus Pipistrellus,Pipistrello Nano,Common Pipistrelle,ok,196581936,LC,Least Concern,2020,https://www.iucnredlist.org/species/85333513/196581936,-20.0,2000.0,,
526,526,Cervus Elaphus,Cervo Nobile,Red Deer,ok,142404453,LC,Least Concern,2018,https://www.iucnredlist.org/species/55997072/142404453,0.0,5000.0,,
527,527,Plecotus Auritus,Pipistrello Orecchione Rosso,Brown Long-Eared Bat,ok,211015413,LC,Least Concern,2023,https://www.iucnredlist.org/species/85535522/211015413,0.0,2350.0,,
528,528,Phoca Vitulina,Foca Comune,Harbour Seal,ok,45229114,LC,Least Concern,2016,https://www.iucnredlist.org/species/17013/45229114,,3.0,,480.0
529,529,Martes Martes,Martora Europea,European Pine Marten,ok,45199169,LC,Least Concern,2016,https://www.iucnredlist.org/species/12848/45199169,0.0,2300.0,,
530,530,Lutra Lutra,Lontra Eurasiatica,Eurasian Otter,ok,218069689,NT,Near Threatened,2022,https://www.iucnredlist.org/species/12419/218069689,0.0,4120.0,0.0,10.0
531,531,Mustela Putorius,Furetto Selvatico Europeo,European Polecat,ok,45214384,LC,Least Concern,2016,https://www.iucnredlist.org/species/41658/45214384,0.0,2400.0,,
532,532,Ailurus Fulgens,Panda Rosso,Red Panda,ok,110023718,EN,Endangered,2015,https://www.iucnredlist.org/species/714/110023718,2500.0,4800.0,,
533,533,Glis Glis,Ghiro,Edible Dormouse,ok,197292692,LC,Least Concern,2021,https://www.iucnredlist.org/species/39316/197292692,0.0,2000.0,,
534,534,Hydrurga Leptonyx,Leopardo Marino,Leopard Seal,ok,45226422,LC,Least Concern,2015,https://www.iucnredlist.org/species/10340/45226422,,3.0,,304.0
535,535,Muscardinus Avellanarius,Moscardino,Hazel Dormouse,ok,197519168,LC,Least Concern,2021,https://www.iucnredlist.org/species/13992/197519168,,1920.0,,
536,536,Pygoscelis Adeliae,Pinguino Di Adelia,Adélie Penguin,ok,157660553,LC,Least Concern,2020,https://www.iucnredlist.org/species/22697758/157660553,,,,180.0
537,537,Cricetus Cricetus,Criceto Selvatico Europeo,European Hamster,ok,111875852,CR,Critically Endangered,2020,https://www.iucnredlist.org/species/5529/111875852,0.0,650.0,,
538,538,Balaenoptera Physalus,Balenottera Comune,Fin Whale,ok,50349982,VU,Vulnerable,2018,https://www.iucnredlist.org/species/2478/50349982,,,,
539,539,Arvicola Amphibius,Topo D'Acqua Europeo,European Water Vole,ok,219451755,LC,Least Concern,2023,https://www.iucnredlist.org/species/219451656/219451755,0.0,3210.0,,
540,540,Orcinus Orca,Orca,Orca,ok,50368125,DD,Data Deficient,2017,https://www.iucnredlist.org/species/15421/50368125,0.0,0.0,1000.0,
541,541,Sorex Araneus,Toporagno Comune,Common Shrew,ok,115170489,LC,Least Concern,2016,https://www.iucnredlist.org/species/29661/115170489,0.0,2500.0,,
542,542,Diomedea Exulans,Albatros Urlatore,Wandering Albatross,ok,132640680,VU,Vulnerable,2018,https://www.iucnredlist.org/species/22698305/132640680,,,,
543,543,Dendrocopos Major,Picchio Rosso Maggiore,Great Spotted Woodpecker,ok,280946929,LC,Least Concern,2025,https://www.iucnredlist.org/species/22681124/280946929,0.0,2500.0,,
544,544,Budorcas Taxicolor,Takin,Takin,ok,9643719,VU,Vulnerable,2008,https://www.iucnredlist.org/species/3160/9643719,1000.0,4000.0,,
545,545,Dryocopus Martius,Picchio Nero,Black Woodpecker,ok,264542554,LC,Least Concern,2024,https://www.iucnredlist.org/species/22681382/264542554,0.0,2400.0,,
546,546,Prionailurus B. Iriomotensis,Gatto Di Iriomote,Iriomote Cat,assessment_not_found,,,,,,,,,
547,547,Strix Aluco,Allocco Comune,Tawny Owl,ok,264546097,LC,Least Concern,2024,https://www.iucnredlist.org/species/22725469/264546097,0.0,4250.0,,
548,548,Neomonachus Schauinslandi,Foca Monaca Hawaiana,Hawaiian Monk Seal,ok,272355581,VU,Vulnerable,2025,https://www.iucnredlist.org/species/13654/272355581,,3.0,,550.0
549,549,Asio Otus,Gufo Comune,Long-Eared Owl,ok,201150685,LC,Least Concern,2021,https://www.iucnredlist.org/species/22689507/201150685,0.0,2750.0,,
550,550,Chelonia Mydas,Tartaruga Verde,Green Sea Turtle,ok,285108125,LC,Least Concern,2025,https://www.iucnredlist.org/species/4615/285108125,,,,
551,551,Accipiter Nisus,Sparviero,Eurasian Sparrowhawk,ok,199751254,LC,Least Concern,2021,https://www.iucnredlist.org/species/22695624/199751254,0.0,4500.0,,
552,552,Megaptera Novaeangliae,Megattera,Humpback Whale,ok,50362794,LC,Least Concern,2018,https://www.iucnredlist.org/species/13006/50362794,,,,
553,553,Milvus Milvus,Nibbio Reale,Red Kite,ok,181651010,LC,Least Concern,2020,https://www.iucnredlist.org/species/22695072/181651010,0.0,1600.0,,
554,554,Branta Sandvicensis,Oca Delle Hawaii,Hawaiian Goose,ok,194369606,NT,Near Threatened,2021,https://www.iucnredlist.org/species/22679929/194369606,0.0,2700.0,,
555,555,Circus Aeruginosus,Falco Di Palude,Western Marsh Harrier,ok,203357709,LC,Least Concern,2021,https://www.iucnredlist.org/species/22695344/203357709,0.0,3000.0,,
556,556,Stenella Longirostris,Stenella Dal Lungo Rostro,Spinner Dolphin,ok,156927622,LC,Least Concern,2018,https://www.iucnredlist.org/species/20733/156927622,,,,
557,557,Alauda Arvensis,Allodola,Eurasian Skylark,ok,132039889,LC,Least Concern,2018,https://www.iucnredlist.org/species/102998555/132039889,,3500.0,,
558,558,Motacilla Flava,Cutrettola,Western Yellow Wagtail,ok,155602678,LC,Least Concern,2019,https://www.iucnredlist.org/species/103822349/155602678,,4500.0,,
559,559,Capra Nubiana,Stambecco Nubiano,Nubian Ibex,ok,22143385,VU,Vulnerable,2020,https://www.iucnredlist.org/species/3796/22143385,,,,
560,560,Luscinia Megarhynchos,Usignolo,Common Nightingale,ok,264563469,LC,Least Concern,2024,https://www.iucnredlist.org/species/22709696/264563469,0.0,2720.0,,
561,561,Gazella Marica,Gazzella Araba,Arabian Sand Gazelle,ok,50187738,VU,Vulnerable,2017,https://www.iucnredlist.org/species/8977/50187738,,,,
562,562,Phylloscopus Collybita,Luì Piccolo,Common Chiffchaff,ok,264567918,LC,Least Concern,2024,https://www.iucnredlist.org/species/103843725/264567918,,3300.0,,
563,563,Sylvia Atricapilla,Capinero Maschio,Eurasian Blackcap,ok,281023712,LC,Least Concern,2025,https://www.iucnredlist.org/species/22716901/281023712,0.0,2200.0,,
564,564,Oriolus Oriolus,Rigogolo,Eurasian Golden Oriole,ok,264564352,LC,Least Concern,2024,https://www.iucnredlist.org/species/103692938/264564352,,2400.0,,
565,565,Lanius Excubitor,Averla Maggiore,Great Grey Shrike,ok,264540897,LC,Least Concern,2024,https://www.iucnredlist.org/species/103718932/264540897,,2800.0,,
566,566,Pusa Sibirica,Foca Del Lago Baikal,Baikal Seal,ok,45231738,LC,Least Concern,2016,https://www.iucnredlist.org/species/41676/45231738,,,,
567,567,Coloeus Monedula,Taccola,Western Jackdaw,assessment_not_found,,,,,,,,,
568,568,Moschus Moschiferus,Cervo Muschiato Siberiano,Siberian Musk Deer,ok,61977573,VU,Vulnerable,2015,https://www.iucnredlist.org/species/13897/61977573,,,,
569,569,Corvus Frugilegus,Corvo Comune,Rook,ok,154484620,LC,Least Concern,2025,https://www.iucnredlist.org/species/22705983/154484620,0.0,2000.0,,
570,570,Sturnus Unicolor,Storno Nero,Spotless Starling,ok,264580865,LC,Least Concern,2024,https://www.iucnredlist.org/species/22710893/264580865,0.0,2500.0,,
571,571,Ciconia Ciconia,Cicogna Bianca,White Stork,ok,281839847,LC,Least Concern,2025,https://www.iucnredlist.org/species/22697691/281839847,0.0,3500.0,,
572,572,Ciconia Nigra,Cicogna Nera,Black Stork,ok,281840802,LC,Least Concern,2025,https://www.iucnredlist.org/species/22697669/281840802,0.0,2000.0,,
573,573,Platalea Leucorodia,Spatola Comune,Eurasian Spoonbill,ok,281857155,LC,Least Concern,2025,https://www.iucnredlist.org/species/22697555/281857155,0.0,2000.0,,
574,574,Egretta Garzetta,Garzetta,Little Egret,ok,154819214,LC,Least Concern,2025,https://www.iucnredlist.org/species/62774969/154819214,0.0,4200.0,,
575,575,Bubulcus Ibis,Airone Guardabuoi,Cattle Egret,ok,280979746,LC,Least Concern,2025,https://www.iucnredlist.org/species/22697109/280979746,0.0,4550.0,,
576,576,Tadorna Tadorna,Volpoca,Common Shelduck,ok,154560262,LC,Least Concern,2019,https://www.iucnredlist.org/species/22680024/154560262,,,,
577,577,Somateria Mollissima,Edredone Comune,Common Eider,ok,132525971,NT,Near Threatened,2018,https://www.iucnredlist.org/species/22680405/132525971,,,,
578,578,Mergus Merganser,Smergo Maggiore,Common Merganser,ok,132054083,LC,Least Concern,2018,https://www.iucnredlist.org/species/22680492/132054083,1900.0,1900.0,,
579,579,Vanellus Vanellus,Pavoncella,Northern Lapwing,ok,205921412,NT,Near Threatened,2025,https://www.iucnredlist.org/species/22693949/205921412,0.0,2200.0,,
580,580,Haematopus Ostralegus,Ostricaro Eurasiatico,Eurasian Oystercatcher,ok,154998347,NT,Near Threatened,2019,https://www.iucnredlist.org/species/22693613/154998347,,,,
581,581,Numenius Arquata,Chiurlo Eurasiatico,Eurasian Curlew,ok,117917038,NT,Near Threatened,2017,https://www.iucnredlist.org/species/22693190/117917038,,,,
582,582,Chroicocephalus Ridibundus,Gabbiano Comune,Black-Headed Gull,assessment_not_found,,,,,,,,,
583,583,Sterna Hirundo,Sterna Comune,Common Tern,ok,155537726,LC,Least Concern,2019,https://www.iucnredlist.org/species/22694623/155537726,0.0,4000.0,,
584,584,Uria Aalge,Uria Comune,Common Guillemot,ok,132577296,LC,Least Concern,2018,https://www.iucnredlist.org/species/22694841/132577296,,,,
585,585,Fulmarus Glacialis,Fulmaro Boreale,Northern Fulmar,ok,132609419,LC,Least Concern,2018,https://www.iucnredlist.org/species/22697866/132609419,,300.0,,
586,586,Phalacrocorax Aristotelis,Marangone Dal Ciuffo,European Shag,assessment_not_found,,,,,,,,,
587,587,Hippocampus Guttulatus,Ippocampo Maculato,Long-Snouted Seahorse,ok,67617766,DD,Data Deficient,2017,https://www.iucnredlist.org/species/41006/67617766,,,0.0,30.0
588,588,Syngnathus Acus,Pesce Ago Maggiore,Greater Pipefish,ok,250591963,LC,Least Concern,2025,https://www.iucnredlist.org/species/250588960/250591963,,,3.0,110.0
589,589,Loligo Vulgaris,Calamaro Comune,European Squid,ok,1961958,DD,Data Deficient,2019,https://www.iucnredlist.org/species/190946/1961958,,,0.0,500.0
590,590,Homarus Gammarus,Aragosta Europea,European Lobster,ok,69905303,LC,Least Concern,2011,https://www.iucnredlist.org/species/169955/69905303,,,0.0,150.0
591,591,Palinurus Elephas,Aragosta Europea,European Spiny Lobster,ok,1281221,VU,Vulnerable,2014,https://www.iucnredlist.org/species/169975/1281221,,,5.0,260.0
592,592,Cancer Pagurus,Granchio Edibile,Edible Crab,assessment_not_found,,,,,,,,,
593,593,Maja Squinado,Granchio Ragno Europeo,European Spider Crab,assessment_not_found,,,,,,,,,
594,594,Nephrops Norvegicus,Scampo,Norway Lobster,ok,85697412,LC,Least Concern,2015,https://www.iucnredlist.org/species/169967/85697412,,,20.0,800.0
595,595,Bolinus Brandaris,Murice Comune,Purple Dye Murex,assessment_not_found,,,,,,,,,
596,596,Mytilus Galloprovincialis,Cozza Mediterranea,Mediterranean Mussel,assessment_not_found,,,,,,,,,
597,597,Pecten Maximus,Capesante Reale,Great Scallop,assessment_not_found,,,,,,,,,
598,598,Coscinasterias Tenuispina,Stella Marina Spinosa,Spiny Starfish,assessment_not_found,,,,,,,,,
599,599,Rhizostoma Pulmo,Polmone Di Mare,Barrel Jellyfish,assessment_not_found,,,,,,,,,
600,600,Delphinus Delphis,Delfino Comune,Common Dolphin,ok,286179278,LC,Least Concern,2025,https://www.iucnredlist.org/species/134817215/286179278,,,,
601,601,Phocoena Phocoena,Focena Comune,Harbour Porpoise,ok,247632759,LC,Least Concern,2023,https://www.iucnredlist.org/species/17027/247632759,,,,
602,602,Balaena Mysticetus,Balena Della Groenlandia,Bowhead Whale,ok,50347659,LC,Least Concern,2018,https://www.iucnredlist.org/species/2467/50347659,,,,
603,603,Arctictis Binturong,Binturong,Binturong,ok,45217088,VU,Vulnerable,2016,https://www.iucnredlist.org/species/41690/45217088,0.0,3000.0,,
604,604,Potos Flavus,Kinkajou,Kinkajou,ok,45215631,LC,Least Concern,2016,https://www.iucnredlist.org/species/41679/45215631,0.0,2500.0,,
605,605,Dasyurus Maculatus,Quoll Maculato,Spotted-Tail Quoll,ok,21946847,NT,Near Threatened,2018,https://www.iucnredlist.org/species/6300/21946847,,,,
606,606,Ochotona Princeps,Pika Americano,American Pika,ok,45184315,LC,Least Concern,2016,https://www.iucnredlist.org/species/41267/45184315,30.0,4175.0,,
607,607,Saiga Tatarica,Saiga,Saiga,ok,233712210,NT,Near Threatened,2023,https://www.iucnredlist.org/species/19832/233712210,0.0,1600.0,,
608,608,Litocranius Walleri,Gerenuk,Gerenuk,ok,50190292,NT,Near Threatened,2016,https://www.iucnredlist.org/species/12142/50190292,0.0,1600.0,,
609,609,Madoqua Kirkii,Dik-Dik Di Kirk,Kirk'S Dik-Dik,ok,50190709,LC,Least Concern,2016,https://www.iucnredlist.org/species/12670/50190709,0.0,2000.0,,
610,610,Tragelaphus Eurycerus,Bongo,Bongo,ok,115164600,NT,Near Threatened,2016,https://www.iucnredlist.org/species/22047/115164600,0.0,4300.0,,
611,611,Bos Frontalis,Gayal,Gayal,assessment_not_found,,,,,,,,,
612,612,Bos Javanicus,Banteng,Banteng,ok,270543638,CR,Critically Endangered,2025,https://www.iucnredlist.org/species/2888/270543638,0.0,2100.0,,
613,613,Bubalus Depressicornis,Bufalo Nano Di Sulawesi,Anoa,ok,46364222,EN,Endangered,2016,https://www.iucnredlist.org/species/3126/46364222,0.0,1000.0,,
614,614,Babyrousa Babyrussa,Babirussa,Babirusa,ok,9441445,VU,Vulnerable,2008,https://www.iucnredlist.org/species/2461/9441445,,,,
615,615,Catagonus Wagneri,Pecari Del Chaco,Chacoan Peccary,ok,72587993,EN,Endangered,2015,https://www.iucnredlist.org/species/4015/72587993,,,,
616,616,Nycticebus Coucang,Lento Loris,Slow Loris,ok,17970966,EN,Endangered,2020,https://www.iucnredlist.org/species/163017685/17970966,0.0,100.0,,
617,617,Theropithecus Gelada,Gelada,Gelada,ok,274974485,LC,Least Concern,2025,https://www.iucnredlist.org/species/21744/274974485,1800.0,4400.0,,
618,618,Puma Yagouaroundi,Jaguarundi,Jaguarundi,assessment_not_found,,,,,,,,,
619,619,Leopardus Wiedii,Margay,Margay,ok,50654216,NT,Near Threatened,2015,https://www.iucnredlist.org/species/11511/50654216,0.0,1500.0,,
620,620,Lynx Canadensis,Lince Canadese,Canada Lynx,ok,275326314,LC,Least Concern,2025,https://www.iucnredlist.org/species/12518/275326314,0.0,4310.0,,
621,621,Phocoena Sinus,Vaquita,Vaquita,ok,214541137,CR,Critically Endangered,2022,https://www.iucnredlist.org/species/17028/214541137,0.0,0.0,0.0,50.0
622,622,Delphinapterus Leucas,Beluga,Beluga,ok,50352346,LC,Least Concern,2017,https://www.iucnredlist.org/species/6335/50352346,,0.0,0.0,956.0
623,623,Trichechus Manatus,Lamantino Dei Caraibi,West Indian Manatee,ok,43792740,VU,Vulnerable,2024,https://www.iucnredlist.org/species/22103/43792740,,,0.0,20.0
624,624,Dugong Dugon,Dugongo,Dugong,ok,160756767,VU,Vulnerable,2019,https://www.iucnredlist.org/species/6909/160756767,,,,
625,625,Tapirella Bairdii,Tapiro Di Baird,Baird'S Tapir,assessment_not_found,,,,,,,,,
626,626,Coendou Prehensilis,Porcospino Brasiliano,Brazilian Porcupine,ok,22214580,LC,Least Concern,2016,https://www.iucnredlist.org/species/101228458/22214580,,,,
627,627,Myocastor Coypus,Nutria,Coypu,ok,121734257,LC,Least Concern,2016,https://www.iucnredlist.org/species/14085/121734257,,,,
628,628,Heterocephalus Glaber,Topo Talpa Nudo,Naked Mole-Rat,ok,115095455,LC,Least Concern,2016,https://www.iucnredlist.org/species/9987/115095455,400.0,1500.0,,
629,629,Jaculus Jaculus,Gerboa Comune,Lesser Egyptian Jerboa,ok,197517244,LC,Least Concern,2021,https://www.iucnredlist.org/species/10912/197517244,,1500.0,,
630,630,Pedetes Capensis,Springlepre,Springhare,ok,115133584,LC,Least Concern,2016,https://www.iucnredlist.org/species/16467/115133584,,,,
631,631,Casuarius Casuarius,Casuario Meridionale,Southern Cassowary,ok,131902050,LC,Least Concern,2018,https://www.iucnredlist.org/species/22678108/131902050,,1400.0,,
632,632,Apteryx Australis,Kiwi Bruno,Southern Brown Kiwi,ok,214272214,VU,Vulnerable,2022,https://www.iucnredlist.org/species/22678122/214272214,0.0,1500.0,,
633,633,Strigops Habroptila,Kakapo,Kākāpō,assessment_not_found,,,,,,,,,
634,634,Nestor Notabilis,Kea,Kea,ok,119243358,EN,Endangered,2017,https://www.iucnredlist.org/species/22684831/119243358,,2400.0,,
635,635,Nymphicus Hollandicus,Cockatiel,Cockatiel,ok,132056250,LC,Least Concern,2018,https://www.iucnredlist.org/species/22684828/132056250,,,,
636,636,Erythrura Gouldiae,Diamante Di Gould,Gouldian Finch,assessment_not_found,,,,,,,,,
637,637,Taeniopygia Guttata,Diamante Mandarino,Zebra Finch,ok,132195948,LC,Least Concern,2018,https://www.iucnredlist.org/species/103817982/132195948,,,,
638,638,Harpia Harpyja,Aquila Arpia,Harpy Eagle,ok,197957213,VU,Vulnerable,2021,https://www.iucnredlist.org/species/22695998/197957213,0.0,900.0,,
639,639,Lophius Piscatorius,Rana Pescatrice Europea,Anglerfish,ok,21911225,LC,Least Concern,2015,https://www.iucnredlist.org/species/198610/21911225,,,0.0,600.0
640,640,Sagittarius Serpentarius,Segretario,Secretarybird,ok,173647556,EN,Endangered,2020,https://www.iucnredlist.org/species/22696221/173647556,,,,
641,641,Sarcoramphus Papa,Avvoltoio Reale,King Vulture,ok,228983760,LC,Least Concern,2023,https://www.iucnredlist.org/species/22697645/228983760,0.0,3180.0,,
642,642,Gypaetus Barbatus,Gipeto,Bearded Vulture,ok,154813652,NT,Near Threatened,2021,https://www.iucnredlist.org/species/22695174/154813652,1000.0,7500.0,,
643,643,Falco Peregrinus,Falco Pellegrino,Peregrine Falcon,ok,206217909,LC,Least Concern,2021,https://www.iucnredlist.org/species/45354964/206217909,0.0,3300.0,,
644,644,Pandion Haliaetus,Falco Pescatore,Osprey,ok,206628879,LC,Least Concern,2021,https://www.iucnredlist.org/species/22694938/206628879,0.0,1000.0,,
645,645,Bubo Scandiacus,Gufo Delle Nevi,Snowy Owl,ok,205475036,VU,Vulnerable,2021,https://www.iucnredlist.org/species/22689055/205475036,0.0,300.0,,
646,646,Strix Nebulosa,Allocco Di Lapponia,Great Grey Owl,ok,199144259,LC,Least Concern,2021,https://www.iucnredlist.org/species/22689118/199144259,,3200.0,,
647,647,Hippocampus Hippocampus,Cavallino Di Mare,Short-Snouted Seahorse,ok,67618259,DD,Data Deficient,2017,https://www.iucnredlist.org/species/10069/67618259,,,0.0,60.0
648,648,Athene Cunicularia,Civetta Delle Tane,Burrowing Owl,ok,281015958,LC,Least Concern,2025,https://www.iucnredlist.org/species/22689353/281015958,0.0,4500.0,,
649,649,Syngnathus Abaster,Pesce Ago Di Rio,Black-Striped Pipefish,ok,135092980,LC,Least Concern,2024,https://www.iucnredlist.org/species/21257/135092980,,,,
650,650,Nyctibius Grandis,Nittibio Maggiore,Great Potoo,ok,163599353,LC,Least Concern,2020,https://www.iucnredlist.org/species/22689636/163599353,,,,
651,651,Rupicola Peruvianus,Gallo-Di-Roccia Andino,Andean Cock-Of-The-Rock,ok,130267257,LC,Least Concern,2018,https://www.iucnredlist.org/species/22700974/130267257,500.0,2400.0,,
652,652,Pteroglossus Castanotis,Aracari Dalle Orecchie Castane,Chestnut-Eared Aracari,ok,264002330,LC,Least Concern,2024,https://www.iucnredlist.org/species/22682014/264002330,0.0,1600.0,,
653,653,Rhyticeros Undulatus,Calao Ondulato,Wreathed Hornbill,ok,132400385,VU,Vulnerable,2018,https://www.iucnredlist.org/species/22682528/132400385,,2560.0,,
654,654,Paradisaea Raggiana,Paradisea Di Raggiana,Raggiana Bird-Of-Paradise,ok,130413724,LC,Least Concern,2018,https://www.iucnredlist.org/species/22706253/130413724,,,,
655,655,Lophorina Superba,Maschio,Superb Bird-Of-Paradise,ok,182248687,LC,Least Concern,2020,https://www.iucnredlist.org/species/181524349/182248687,1650.0,1900.0,,
656,656,Amblyornis Inornata,Uccello Giardiniere Bruno,Vogelkop Bowerbird,ok,130219341,LC,Least Concern,2018,https://www.iucnredlist.org/species/22703644/130219341,1000.0,2075.0,,
657,657,Caloenas Nicobarica,Piccione Di Nicobar,Nicobar Pigeon,ok,178136167,NT,Near Threatened,2021,https://www.iucnredlist.org/species/22690974/178136167,,500.0,,
658,658,Rhynochetos Jubatus,Kagù,Kagu,ok,156666402,EN,Endangered,2019,https://www.iucnredlist.org/species/22692211/156666402,0.0,1400.0,,
659,659,Cinnyris Jugularis,Nettarinia Dorsoliva,Olive-Backed Sunbird,ok,263918424,LC,Least Concern,2024,https://www.iucnredlist.org/species/103804139/263918424,0.0,1960.0,,
660,660,Ensifera Ensifera,Colibrì Spada,Sword-Billed Hummingbird,ok,264054464,LC,Least Concern,2024,https://www.iucnredlist.org/species/22687854/264054464,1700.0,3500.0,,
661,661,Merops Nubicus,Gruccione Nubico,Northern Carmine Bee-Eater,ok,280975468,LC,Least Concern,2025,https://www.iucnredlist.org/species/22683768/280975468,0.0,1500.0,,
662,662,Ceryle Rudis,Martin Pescatore Pied,Pied Kingfisher,ok,280954102,LC,Least Concern,2025,https://www.iucnredlist.org/species/22683645/280954102,0.0,2500.0,,
663,663,Heloderma Horridum,Mostro Di Gila Messicano,Mexican Beaded Lizard,ok,181152647,LC,Least Concern,2021,https://www.iucnredlist.org/species/181152163/181152647,0.0,1861.0,,
664,664,Trioceros Jacksonii,Camaleonte Di Jackson,Jackson'S Chameleon,ok,109922526,LC,Least Concern,2014,https://www.iucnredlist.org/species/172531/109922526,1500.0,3200.0,,
665,665,Daubentonia Madagascariensis,Aye-Aye,Aye-Aye,ok,115560793,EN,Endangered,2020,https://www.iucnredlist.org/species/6302/115560793,10.0,1875.0,,
666,666,Draco Volans,Drago,Common Flying Dragon,ok,99929358,LC,Least Concern,2018,https://www.iucnredlist.org/species/99929352/99929358,0.0,1500.0,,
667,667,Ambystoma Mexicanum,Axolotl,Axolotl,ok,53947343,CR,Critically Endangered,2020,https://www.iucnredlist.org/species/1095/53947343,2240.0,2240.0,,
668,668,Rhacodactylus Auriculatus,Geco Gargoyle,Gargoyle Gecko,ok,123247650,LC,Least Concern,2021,https://www.iucnredlist.org/species/176132/123247650,,1100.0,,
669,669,Correlophus Ciliatus,Geco Crestato,Crested Gecko,ok,123253756,VU,Vulnerable,2021,https://www.iucnredlist.org/species/176173/123253756,150.0,1000.0,,
670,670,Atheris Hispida,Vipera Cespuglio Spinosa,Spiny Bush Viper,ok,44980134,LC,Least Concern,2021,https://www.iucnredlist.org/species/44980127/44980134,900.0,2500.0,,
671,671,Eublepharis Macularius,Geco Leopardo,Leopard Gecko,ok,1072324,LC,Least Concern,2021,https://www.iucnredlist.org/species/164745/1072324,,2500.0,,
672,672,Chlamyphorus Truncatus,Armadillo Rosa,Pink Fairy Armadillo,ok,244100423,DD,Data Deficient,2025,https://www.iucnredlist.org/species/4704/244100423,0.0,1500.0,,
673,673,Gekko Gecko,Geco Tokay,Tokay Gecko,ok,2378260,LC,Least Concern,2019,https://www.iucnredlist.org/species/195309/2378260,0.0,1100.0,,
674,674,Galeopterus Variegatus,Colugo Delle Sonde,Sunda Flying Lemur,ok,10479343,LC,Least Concern,2008,https://www.iucnredlist.org/species/41502/10479343,,1000.0,,
675,675,Ophiophagus Hannah,Cobra Reale,King Cobra,ok,1491874,VU,Vulnerable,2012,https://www.iucnredlist.org/species/177540/1491874,,2000.0,,
676,676,Hymenopus Coronatus,Mantide Orchidea,Orchid Mantis,assessment_not_found,,,,,,,,,
677,677,Oxyuranus Microlepidotus,Taipan Interno,Inland Taipan,ok,42493160,LC,Least Concern,2018,https://www.iucnredlist.org/species/42493150/42493160,,,,
678,678,Macrocheira Kaempferi,Granchio Ragno Gigante Giapponese,Japanese Spider Crab,assessment_not_found,,,,,,,,,
679,679,Dispholidus Typus,Boomslang,Boomslang,ok,15357215,LC,Least Concern,2021,https://www.iucnredlist.org/species/190603/15357215,0.0,2400.0,,
680,680,Glaucus Atlanticus,Drago Blu,Blue Dragon,assessment_not_found,,,,,,,,,
681,681,Bothriechis Schlegelii,Vipera Cigliata,Eyelash Viper,ok,2486599,LC,Least Concern,2019,https://www.iucnredlist.org/species/197463/2486599,0.0,2650.0,,
682,682,Uroplatus Phantasticus,Geco Dalla Coda Foglia Satanico,Satanic Leaf-Tailed Gecko,ok,177285160,LC,Least Concern,2020,https://www.iucnredlist.org/species/172906/177285160,400.0,1300.0,,
683,683,Heterodon Platirhinos,Serpente Naso Di Porco Orientale,Eastern Hognose Snake,ok,12718733,LC,Least Concern,2007,https://www.iucnredlist.org/species/63820/12718733,,,,
684,684,Picus Viridis,Picchio Verde,European Green Woodpecker,ok,264587872,LC,Least Concern,2024,https://www.iucnredlist.org/species/22725022/264587872,,3000.0,,
685,685,Erpeton Tentaculatum,Serpente Tentacolato,Tentacled Snake,ok,7285596,LC,Least Concern,2010,https://www.iucnredlist.org/species/176697/7285596,,,,
686,686,Basiliscus Plumifrons,Basilisca Verde,Green Basilisk,ok,2759302,LC,Least Concern,2013,https://www.iucnredlist.org/species/203046/2759302,1.0,775.0,,
687,687,Chelus Fimbriata,Matamata,Mata Mata,assessment_not_found,,,,,,,,,
688,688,Carlito Syrichta,Tarsio Delle Filippine,Philippine Tarsier,ok,17978520,NT,Near Threatened,2020,https://www.iucnredlist.org/species/21492/17978520,0.0,750.0,,
689,689,Apalone Spinifera,Tartaruga Dal Guscio Molle Spinosa,Spiny Softshell Turtle,ok,161722123,LC,Least Concern,2024,https://www.iucnredlist.org/species/163451/161722123,0.0,1320.0,,
690,690,Balaeniceps Rex,Becco A Scarpa,Shoebill,ok,133840708,VU,Vulnerable,2018,https://www.iucnredlist.org/species/22697583/133840708,,,,
691,691,Crocodylus Palustris,Coccodrillo Delle Paludi,Mugger Crocodile,ok,3046723,VU,Vulnerable,2013,https://www.iucnredlist.org/species/5667/3046723,,420.0,,
692,692,Cryptobranchus Alleganiensis,Salamandra Gigante Americana,Hellbender,ok,82473431,VU,Vulnerable,2022,https://www.iucnredlist.org/species/59077/82473431,,,,
693,693,Andrias Davidianus,Salamandra Gigante Cinese,Chinese Giant Salamander,ok,48438418,CR,Critically Endangered,2023,https://www.iucnredlist.org/species/179010104/48438418,100.0,1700.0,,
694,694,Siphonops Annulatus,Cecilia Anulata,Ringed Caecilian,ok,180649042,LC,Least Concern,2023,https://www.iucnredlist.org/species/59593/180649042,0.0,800.0,,
695,695,Hyalinobatrachium Flethamni,Rana Di Vetro Centroamericana,Fleischmann'S Glass Frog,assessment_not_found,,,,,,,,,
696,696,Conraua Goliath,Rana Goliath,Goliath Frog,ok,96062132,EN,Endangered,2019,https://www.iucnredlist.org/species/5263/96062132,,1000.0,,
697,697,Acinonyx Jubatus,Ghepardo,Cheetah,ok,259025524,VU,Vulnerable,2024,https://www.iucnredlist.org/species/219/259025524,0.0,4000.0,,
698,698,Rhacophorus Nigropalmatus,Rana Volante Di Wallace,Wallace'S Flying Frog,ok,64129329,LC,Least Concern,2022,https://www.iucnredlist.org/species/59008/64129329,0.0,600.0,,
699,699,Gorilla Beringei,Gorilla Di Montagna,Mountain Gorilla,ok,115576640,CR,Critically Endangered,2019,https://www.iucnredlist.org/species/39994/115576640,600.0,3800.0,,
700,700,Dyscophus Antongilii,Rana Pomodoro Del Madagascar,Tomato Frog,ok,84159360,LC,Least Concern,2017,https://www.iucnredlist.org/species/6937/84159360,0.0,600.0,,
701,701,Balaenoptera Musculus,Balenottera Azzurra,Blue Whale,ok,156923585,EN,Endangered,2018,https://www.iucnredlist.org/species/2477/156923585,,,,
702,702,Rhinoderma Darwinii,Rana Di Darwin,Darwin'S Frog,ok,79809372,EN,Endangered,2018,https://www.iucnredlist.org/species/19513/79809372,0.0,1340.0,,
703,703,Varanus Komodoensis,Drago Di Komodo,Komodo Dragon,ok,123633058,EN,Endangered,2021,https://www.iucnredlist.org/species/22884/123633058,,,,
704,704,Ramphastos Toco,Tucano Toco,Toco Toucan,ok,281011279,LC,Least Concern,2025,https://www.iucnredlist.org/species/22682164/281011279,0.0,1890.0,,
705,705,Anodorhynchus Hyacinthinus,Ara Giacinto,Hyacinth Macaw,ok,202613596,VU,Vulnerable,2025,https://www.iucnredlist.org/species/22685516/202613596,0.0,800.0,,
706,706,Architeuthis Dux,Calamaro Gigante,Giant Squid,ok,991505,LC,Least Concern,2014,https://www.iucnredlist.org/species/163265/991505,,,200.0,900.0
707,707,Mandrillus Sphinx,Mandrillo,Mandrill,ok,17952325,VU,Vulnerable,2019,https://www.iucnredlist.org/species/12754/17952325,,,,
708,708,Antennarius Maculatus,Pescatore Verrucoso,Warty Frogfish,ok,67970912,LC,Least Concern,2022,https://www.iucnredlist.org/species/67968705/67970912,,,0.0,20.0
709,709,Aptenodytes Forsteri,Pinguino Imperatore,Emperor Penguin,ok,157658053,NT,Near Threatened,2020,https://www.iucnredlist.org/species/22697752/157658053,0.0,500.0,0.0,560.0
710,710,Ogcocephalus Darwini,Pesce Pipistrello Dalle Labbra Rosse,Red-Lipped Batfish,ok,217631260,LC,Least Concern,2023,https://www.iucnredlist.org/species/183821/217631260,,,5.0,300.0
711,711,Physeter Macrocephalus,Capodoglio,Sperm Whale,ok,50382216,VU,Vulnerable,2025,https://www.iucnredlist.org/species/41755/50382216,,,,
712,712,Lycaon Pictus,Licaone,African Wild Dog,ok,221299510,EN,Endangered,2025,https://www.iucnredlist.org/species/12436/221299510,0.0,4000.0,,
713,713,Okapia Johnstoni,Okapi,Okapi,ok,51140517,EN,Endangered,2015,https://www.iucnredlist.org/species/15188/51140517,450.0,1500.0,,
714,714,Dendrobates Tinctorius,Rana Freccia Tintore,Dyeing Poison Dart Frog,ok,61395760,LC,Least Concern,2023,https://www.iucnredlist.org/species/55204/61395760,0.0,600.0,,
715,715,Dynastes Hercules,Coleottero Ercole,Hercules Beetle,assessment_not_found,,,,,,,,,
716,716,Mesonychoteuthis Hamiltoni,Calamaro Colossale,Colossal Squid,ok,980001,LC,Least Concern,2014,https://www.iucnredlist.org/species/163170/980001,,,20.0,2000.0
717,717,Thaumoctopus Mimicus,Polpo Mimo,Mimic Octopus,ok,87585525,LC,Least Concern,2019,https://www.iucnredlist.org/species/87585522/87585525,,,0.5,37.0
718,718,Theraphosidae Blondi,Ragno Uccello Di Golia,Goliath Birdeater,assessment_not_found,,,,,,,,,
719,719,Ascarosepion Pfefferi,Seppia Fiammeggiante,Flamboyant Cuttlefish,assessment_not_found,,,,,,,,,
720,720,Bitis Rhinoceros,Vipera Rinoceronte Del Gabon,West African Gaboon Viper,ok,13300932,LC,Least Concern,2013,https://www.iucnredlist.org/species/13300925/13300932,0.0,1520.0,,
721,721,Odontodactylus Scyllarus,Gambero Mantide Pavone,Peacock Mantis Shrimp,assessment_not_found,,,,,,,,,
722,722,Fratercula Arctica,Pulcinella Di Mare,Atlantic Puffin,ok,132581443,VU,Vulnerable,2018,https://www.iucnredlist.org/species/22694927/132581443,,,,
723,723,Alpheus Heterochaelis,Gamberetto Schioccatore Dalle Chele Grandi,Bigclaw Snapping Shrimp,assessment_not_found,,,,,,,,,
724,724,Trogon Resplendens,Quetzal Splendente,Resplendent Quetzal,assessment_not_found,,,,,,,,,
725,725,Pithecophaga Jefferyi,Aquila Delle Filippine,Philippine Eagle,ok,273773083,CR,Critically Endangered,2025,https://www.iucnredlist.org/species/22696012/273773083,0.0,2000.0,,
726,726,Desmana Moschata,Desmana Muschiata,Russian Desman,ok,231334630,CR,Critically Endangered,2023,https://www.iucnredlist.org/species/6506/231334630,,,,
727,727,Goura Victoria,Piccione Coronato Di Victoria,Victoria Crowned Pigeon,ok,181555952,NT,Near Threatened,2021,https://www.iucnredlist.org/species/22691874/181555952,0.0,600.0,,
728,728,Chironectes Minimus,Yapok,Water Opossum,ok,22173467,LC,Least Concern,2016,https://www.iucnredlist.org/species/4671/22173467,0.0,1860.0,,
729,729,Balearica Regulorum,Gru Coronata Africana,Grey Crowned Crane,ok,240198049,EN,Endangered,2024,https://www.iucnredlist.org/species/22692046/240198049,0.0,3000.0,,
730,730,Euchoreutes Naso,Gerboa Dalle Orecchie Lunghe,Long-Eared Jerboa,ok,115087272,LC,Least Concern,2016,https://www.iucnredlist.org/species/8162/115087272,,,,
731,731,Potamochoerus Porcus,Facocero Rosso Africano,Red River Hog,ok,100469961,LC,Least Concern,2016,https://www.iucnredlist.org/species/41771/100469961,,,,
732,732,Macroscelides Proboscideus,Toporagno Elefante Dalle Orecchie Corte,Short-Eared Elephant Shrew,ok,45435551,LC,Least Concern,2015,https://www.iucnredlist.org/species/45369602/45435551,0.0,1400.0,,
733,733,Orycteropus Afer,Oritteropo,Aardvark,ok,21286437,LC,Least Concern,2015,https://www.iucnredlist.org/species/41504/21286437,0.0,3200.0,,
734,734,Vormela Peregusna,Puzzola Marmorizzata,Marbled Polecat,ok,45203971,VU,Vulnerable,2016,https://www.iucnredlist.org/species/29680/45203971,0.0,3000.0,,
735,735,Phoenicopterus Roseus,Fenicottero Rosa,Greater Flamingo,ok,155527405,LC,Least Concern,2019,https://www.iucnredlist.org/species/22697360/155527405,,,,
736,736,Taxidea Taxus,Tasso Americano,American Badger,ok,45215410,LC,Least Concern,2016,https://www.iucnredlist.org/species/41663/45215410,0.0,3600.0,,
737,737,Cygnus Olor,Cigno Reale,Mute Swan,ok,281844289,LC,Least Concern,2025,https://www.iucnredlist.org/species/22679839/281844289,0.0,350.0,,
738,738,Bassariscus Astutus,Bassarischio,Ringtail,ok,45215881,LC,Least Concern,2016,https://www.iucnredlist.org/species/41680/45215881,0.0,2900.0,,
739,739,Paguma Larvata,Civetta Delle Palme Mascherata,Masked Palm Civet,ok,259351893,LC,Least Concern,2024,https://www.iucnredlist.org/species/41692/259351893,20.0,2700.0,,
740,740,Vespa Mandarinia,Calabrone Gigante Asiatico,Asian Giant Hornet,assessment_not_found,,,,,,,,,
741,741,Genetta Genetta,Genetta Comune,Common Genet,ok,45218636,LC,Least Concern,2015,https://www.iucnredlist.org/species/41698/45218636,0.0,3000.0,,
742,742,Pulchriphyllium Giganteum,Fasmide Foglia Gigante,Giant Leaf Insect,assessment_not_found,,,,,,,,,
743,743,Eupleres Goudotii,Falanuco Minore,Falanouc,ok,45204582,VU,Vulnerable,2016,https://www.iucnredlist.org/species/68336601/45204582,0.0,1000.0,,
744,744,Cynictis Penicillata,Mangusta Gialla,Yellow Mongoose,ok,45205726,LC,Least Concern,2015,https://www.iucnredlist.org/species/41597/45205726,0.0,,,
745,745,Rhinopithecus Bieti,Rinopiteco Di Bieti,Black Snub-Nosed Monkey,ok,17943738,EN,Endangered,2020,https://www.iucnredlist.org/species/19597/17943738,3000.0,4700.0,,
746,746,Hyaena Brunnea,Iena Bruna,Brown Hyena,assessment_not_found,,,,,,,,,
747,747,Naja Pallida,Cobra Rosso,Red Spitting Cobra,ok,20878789,LC,Least Concern,2021,https://www.iucnredlist.org/species/20878782/20878789,0.0,1200.0,,
748,748,Neofelis Nebulosa,Leopardo Nebuloso,Clouded Leopard,ok,198843258,VU,Vulnerable,2021,https://www.iucnredlist.org/species/14519/198843258,0.0,3500.0,,
749,749,Crotalus Adamanteus,Crotalo Diamantato Orientale,Eastern Diamondback Rattlesnake,ok,12762249,LC,Least Concern,2007,https://www.iucnredlist.org/species/64308/12762249,,,,
750,750,Leopardus Jacobitus,Gatto Delle Ande,Andean Mountain Cat,assessment_not_found,,,,,,,,,
751,751,Varanus Giganteus,Varano Gigante Australiano,Perentie,ok,101752310,LC,Least Concern,2018,https://www.iucnredlist.org/species/83777786/101752310,,,,
752,752,Felis Nigripes,Gatto Dai Piedi Neri,Black-Footed Cat,ok,177944648,VU,Vulnerable,2016,https://www.iucnredlist.org/species/8542/177944648,,,,
753,753,Dendrolagus Matschiei,Canguro Arboricolo Di Matschie,Matschie'S Tree-Kangaroo,ok,21956650,EN,Endangered,2016,https://www.iucnredlist.org/species/6433/21956650,1000.0,3300.0,,
754,754,Lynx Rufus,Lince Rosso,Bobcat,ok,50655874,LC,Least Concern,2016,https://www.iucnredlist.org/species/12521/50655874,0.0,3500.0,,
755,755,Sarcophilus Harrisii,Diavolo Della Tasmania,Tasmanian Devil,ok,10331066,EN,Endangered,2008,https://www.iucnredlist.org/species/40540/10331066,,,,
756,756,Eumetopias Jubatus,Leone Marino Di Steller,Steller Sea Lion,ok,45225749,NT,Near Threatened,2016,https://www.iucnredlist.org/species/8239/45225749,,5.0,,427.0
757,757,Myrmecobius Fasciatus,Numbat,Numbat,ok,21949380,EN,Endangered,2016,https://www.iucnredlist.org/species/14222/21949380,,,,
758,758,Cystophora Cristata,Foca Dal Cappuccio,Hooded Seal,ok,279892432,EN,Endangered,2025,https://www.iucnredlist.org/species/6204/279892432,,0.0,,1500.0
759,759,Ailuroedus Crassirostris,Gatto Uccello Verde,Green Catbird,ok,254014407,LC,Least Concern,2024,https://www.iucnredlist.org/species/22703624/254014407,0.0,1320.0,,
760,760,Platanista Gangetica,Delfino Del Gange,Ganges River Dolphin,ok,50383346,EN,Endangered,2022,https://www.iucnredlist.org/species/41756/50383346,,,,
761,761,Diphyllodes Respublica,Uccello Del Paradiso Di Wilson,Wilson'S Bird-Of-Paradise,assessment_not_found,,,,,,,,,
762,762,Orcaella Brevirostris,Delfino Del Fiume Irrawaddy,Irrawaddy Dolphin,ok,123790805,EN,Endangered,2017,https://www.iucnredlist.org/species/15419/123790805,,,0.0,50.0
763,763,Chrysolophus Pictus,Fagiano Dorato,Golden Pheasant,ok,131874282,LC,Least Concern,2018,https://www.iucnredlist.org/species/22679355/131874282,,,,
764,764,Equus Grevyi,Zebra Di Grévy,Grévy'S Zebra,ok,89624491,EN,Endangered,2016,https://www.iucnredlist.org/species/7950/89624491,300.0,2300.0,,
765,765,Manis Temminckii,Pangolino Di Temminck,Ground Pangolin,assessment_not_found,,,,,,,,,
766,766,Rhinoceros Sondaicus,Rinoceronte Di Giava,Javan Rhinoceros,ok,18493900,CR,Critically Endangered,2020,https://www.iucnredlist.org/species/19495/18493900,0.0,600.0,,
767,767,Bucorvus Leadbeateri,Calao Terrestre Meridionale,Southern Ground Hornbill,ok,266675349,VU,Vulnerable,2025,https://www.iucnredlist.org/species/22682638/266675349,0.0,3000.0,,
768,768,Ceratotherium Simum,Rinoceronte Bianco,White Rhinoceros,ok,45813880,NT,Near Threatened,2020,https://www.iucnredlist.org/species/4185/45813880,,,,
769,769,Ephippiorhynchus Senegalensis,Cicogna Sellata Africana,Saddle-Billed Stork,ok,224821959,NT,Near Threatened,2025,https://www.iucnredlist.org/species/22697706/224821959,0.0,3000.0,,
770,770,Hexaprotodon Liberiensis,Ippopotamo Pigmeo,Pygmy Hippopotamus,assessment_not_found,,,,,,,,,
771,771,Pavo Muticus,Pavone Verde,Green Peafowl,ok,131749282,EN,Endangered,2018,https://www.iucnredlist.org/species/22679440/131749282,0.0,2100.0,,
772,772,Vicugna Pacos,Alpaca,Alpaca,assessment_not_found,,,,,,,,,
773,773,Argusianus Argus,Fagiano Di Argus,Great Argus,ok,183255774,VU,Vulnerable,2020,https://www.iucnredlist.org/species/22725006/183255774,,1500.0,,
774,774,Lama Glama,Lama,Lama,assessment_not_found,,,,,,,,,
775,775,Tragopan Temminckii,Tragopano Di Temminck,Temminck'S Tragopan,ok,264164899,LC,Least Concern,2024,https://www.iucnredlist.org/species/22679169/264164899,2000.0,3600.0,,
776,776,Tragulus Kanchil,Cervo Topo Minore,Lesser Mouse-Deer,ok,61978576,LC,Least Concern,2015,https://www.iucnredlist.org/species/136297/61978576,0.0,600.0,,
777,777,Nasua Nasua,Coati Sudamericano,South American Coati,ok,45216227,LC,Least Concern,2016,https://www.iucnredlist.org/species/41684/45216227,0.0,2500.0,,
778,778,Taurotragus Oryx,Eland Comune,Common Eland,assessment_not_found,,,,,,,,,
779,779,Hydrochoerus Isthmius,Capibara Di Panama,Lesser Capybara,ok,22189896,DD,Data Deficient,2016,https://www.iucnredlist.org/species/136277/22189896,,,,
780,780,Ovibos Moschatus,Bue Muschiato,Musk Ox,ok,22149286,LC,Least Concern,2022,https://www.iucnredlist.org/species/29684/22149286,,,,
781,781,Cebus Capucinus,Cappuccino Dalla Faccia Bianca,White-Faced Capuchin,ok,191708164,VU,Vulnerable,2021,https://www.iucnredlist.org/species/81257277/191708164,,1800.0,,
782,782,Oreamnos Americanus,Capra Delle Nevi,Mountain Goat,ok,254517035,LC,Least Concern,2022,https://www.iucnredlist.org/species/42680/254517035,0.0,4000.0,,
783,783,Saimiri Oerstedii,Saimiri Di Oersted,Black-Crowned Central American Squirrel Monkey,ok,17940807,EN,Endangered,2021,https://www.iucnredlist.org/species/19836/17940807,0.0,1145.0,,
784,784,Rupicapra Rupicapra,Stambecco Alpino,Chamois,ok,195863093,LC,Least Concern,2021,https://www.iucnredlist.org/species/39255/195863093,200.0,3500.0,,
785,785,Ateles Geoffroyi,Ragno Di Geoffroy,Geoffroy'S Spider Monkey,ok,191688782,EN,Endangered,2021,https://www.iucnredlist.org/species/2279/191688782,0.0,2500.0,,
786,786,Capra Ibex,Stambecco Delle Alpi,Alpine Ibex,ok,219261343,LC,Least Concern,2024,https://www.iucnredlist.org/species/42397/219261343,700.0,3300.0,,
787,787,Priodontes Maximus,Gigante Tra Gli Armadilli,Giant Armadillo,ok,244101181,VU,Vulnerable,2025,https://www.iucnredlist.org/species/18144/244101181,0.0,500.0,,
788,788,Dasypus Novemcinctus,Armadillo A Nove Fasce,Nine-Banded Armadillo,ok,47440785,LC,Least Concern,2014,https://www.iucnredlist.org/species/6290/47440785,0.0,2000.0,,
789,789,Harpyhaliaetus Coronatus,Aquila Coronata Del Chaco,Chaco Eagle,assessment_not_found,,,,,,,,,
790,790,Tolypeutes Matacus,Mataco,Southern Three-Banded Armadillo,ok,278082690,NT,Near Threatened,2025,https://www.iucnredlist.org/species/21974/278082690,0.0,800.0,,
791,791,Eunectes Notaeus,Boa Giallo Del Sud America,Yellow Anaconda,ok,44580062,LC,Least Concern,2021,https://www.iucnredlist.org/species/44580058/44580062,10.0,500.0,,
792,792,Choloepus Hoffmanni,Bradipo Di Hoffmann,Hoffmann'S Two-Toed Sloth,ok,210443596,LC,Least Concern,2022,https://www.iucnredlist.org/species/4778/210443596,0.0,3300.0,,
793,793,Podocnemis Expansa,Tartaruga Dell'Amazzonia,Arrau Turtle,ok,97397263,LR/cd,Lower Risk/conservation dependent,1996,https://www.iucnredlist.org/species/17822/97397263,,,,
794,794,Buteo Jamaicensis,Poiana Dalla Coda Rossa,Red-Tailed Hawk,ok,264594226,LC,Least Concern,2024,https://www.iucnredlist.org/species/22695933/264594226,,3200.0,,
795,795,Falco Sparverius,Gheppio Americano,American Kestrel,ok,140950605,LC,Least Concern,2025,https://www.iucnredlist.org/species/22696395/140950605,0.0,4300.0,,
796,796,Haliaeetus Vocifer,Aquila Pescatrice Africana,African Fish Eagle,ok,174556979,LC,Least Concern,2020,https://www.iucnredlist.org/species/22695115/174556979,0.0,4000.0,,
797,797,Gymnogyps Californianus,Condor Della California,California Condor,ok,181151405,CR,Critically Endangered,2020,https://www.iucnredlist.org/species/22697636/181151405,450.0,2000.0,,
798,798,Corvus Corax,Corvo Imperiale,Common Raven,ok,281841771,LC,Least Concern,2025,https://www.iucnredlist.org/species/22706068/281841771,0.0,5000.0,,
799,799,Inia Geoffrensis,Delfino Dell’Araguaia,Amazon River Dolphin,ok,50358152,EN,Endangered,2018,https://www.iucnredlist.org/species/10831/50358152,,,,
800,800,Pelecanus Occidentalis,Pellicano Bruno,Brown Pelican,ok,132663224,LC,Least Concern,2018,https://www.iucnredlist.org/species/22733989/132663224,,,,
801,801,Galidia Elegans,Mangusta Dalla Coda Ad Anelli,Ring-Tailed Vontsira,ok,45204213,LC,Least Concern,2015,https://www.iucnredlist.org/species/39426/45204213,0.0,1950.0,,
802,802,Fregata Minor,Fregata Maggiore,Great Frigatebird,ok,163770613,LC,Least Concern,2020,https://www.iucnredlist.org/species/22697733/163770613,,150.0,,
803,803,Uroplatus Sikorae,Geco Dalla Coda Piatta Muschiosa,Mossy Leaf-Tailed Gecko,ok,6924215,LC,Least Concern,2011,https://www.iucnredlist.org/species/172820/6924215,379.0,1200.0,,
804,804,Sula Dactylatra,Sula Mascherato,Masked Booby,ok,132666363,LC,Least Concern,2018,https://www.iucnredlist.org/species/22736173/132666363,,,,
805,805,Paroedura Picta,Geco Pantera Del Madagascar,Madagascar Ground Gecko,ok,6951903,LC,Least Concern,2011,https://www.iucnredlist.org/species/172978/6951903,70.0,240.0,,
806,806,Phalacrocorax Auritus,Cormorano Dalla Cresta Doppia,Double-Crested Cormorant,assessment_not_found,,,,,,,,,
807,807,Aepyornis Maximus,Uccello Elefante,Elephant Bird,assessment_not_found,,,,,,,,,
808,808,Anhinga Anhinga,Aninga Americana,Anhinga,ok,281836797,LC,Least Concern,2025,https://www.iucnredlist.org/species/22696702/281836797,0.0,900.0,,
809,809,Raphus Cucullatus,Dodo,Dodo,ok,261916273,EX,Extinct,2024,https://www.iucnredlist.org/species/22690059/261916273,0.0,,,
810,810,Ardea Herodias,Airone Azzurro Maggiore,Great Blue Heron,ok,181565357,LC,Least Concern,2020,https://www.iucnredlist.org/species/181500967/181565357,,2600.0,,
811,811,Felis Fatalis,Smilodonte,Sabre-Toothed Cat,assessment_not_found,,,,,,,,,
812,812,Egretta Thula,Airone Nevoso,Snowy Egret,ok,281845566,LC,Least Concern,2025,https://www.iucnredlist.org/species/22696974/281845566,0.0,4000.0,,
813,813,Mammuthus Primigenius,Mammut Lanoso,Woolly Mammoth,assessment_not_found,,,,,,,,,
814,814,Mycteria Americana,Cicogna Americana,Wood Stork,ok,281855989,LC,Least Concern,2025,https://www.iucnredlist.org/species/22697648/281855989,0.0,3700.0,,
815,815,Coelodonta Antiquitatis,Rinoceronte Lanoso,Woolly Rhinoceros,assessment_not_found,,,,,,,,,
816,816,Threskiornis Aethiopicus,Ibis Sacro,African Sacred Ibis,ok,132068562,LC,Least Concern,2018,https://www.iucnredlist.org/species/22697510/132068562,,,,
817,817,Megaloceros Giganteus,Cervo Gigante Irlandese,Irish Elk,assessment_not_found,,,,,,,,,
818,818,Platalea Ajaja,Spatola Rosata,Roseate Spoonbill,ok,281037780,LC,Least Concern,2025,https://www.iucnredlist.org/species/22697574/281037780,0.0,1000.0,,
819,819,Thylacinus Cynocephalus,Tilacino,Thylacine,ok,258672491,EX,Extinct,2025,https://www.iucnredlist.org/species/21866/258672491,,,,
820,820,Branta Canadensis,Oca Del Canada,Canada Goose,ok,131909406,LC,Least Concern,2018,https://www.iucnredlist.org/species/22679935/131909406,,2000.0,,
821,821,Eschrichtius Robustus,Balena Grigia,Grey Whale,ok,50353881,LC,Least Concern,2018,https://www.iucnredlist.org/species/8097/50353881,,,,
822,822,Anas Crecca,Alzavola Comune,Eurasian Teal,ok,181692388,LC,Least Concern,2020,https://www.iucnredlist.org/species/22680321/181692388,,,,
823,823,Monachus Monachus,Foca Monaca Mediterranea,Mediterranean Monk Seal,ok,238637039,VU,Vulnerable,2023,https://www.iucnredlist.org/species/13653/238637039,0.0,5.0,0.0,429.0
824,824,Aix Sponsa,Anatra Dello Sposo,Wood Duck,ok,136999461,LC,Least Concern,2021,https://www.iucnredlist.org/species/22680104/136999461,0.0,900.0,,
825,825,Mirounga Leonina,Elefante Marino Del Sud,Southern Elephant Seal,ok,45227247,LC,Least Concern,2015,https://www.iucnredlist.org/species/13583/45227247,,50.0,,2133.0
826,826,Centrocercus Urophasianus,Gallo Della Salvia,Greater Sage-Grouse,ok,277362011,VU,Vulnerable,2025,https://www.iucnredlist.org/species/22679503/277362011,900.0,2900.0,,
827,827,Colinus Virginianus,Quaglia Di Virginia,Northern Bobwhite,ok,178045540,NT,Near Threatened,2021,https://www.iucnredlist.org/species/22728956/178045540,0.0,2500.0,,
828,828,Grus Canadensis,Gru Canadese,Sandhill Crane,ok,188597759,LC,Least Concern,2021,https://www.iucnredlist.org/species/22692078/188597759,,,,
829,829,Fulica Americana,Folaga Americana,American Coot,ok,281035771,LC,Least Concern,2025,https://www.iucnredlist.org/species/62169677/281035771,0.0,3500.0,,
830,830,Charadrius Vociferus,Corriere Vociferante,Killdeer,ok,256247816,NT,Near Threatened,2024,https://www.iucnredlist.org/species/22693777/256247816,0.0,2500.0,,
831,831,Recurvirostra Americana,Avocetta Americana,American Avocet,ok,262144636,LC,Least Concern,2024,https://www.iucnredlist.org/species/22693717/262144636,0.0,2500.0,,
832,832,Melanocetus Johnsonii,Rana Pescatrice Nera,Humpback Anglerfish,ok,21911455,LC,Least Concern,2015,https://www.iucnredlist.org/species/18127840/21911455,,,0.0,2700.0
833,833,Melopsittacus Undulatus,Parrocchetto Ondulato,Budgerigar,ok,132056957,LC,Least Concern,2018,https://www.iucnredlist.org/species/22685223/132056957,,,,
834,834,Alligator Mississippiensis,Coccodrillo Americano,American Alligator,ok,3009637,LC,Least Concern,2019,https://www.iucnredlist.org/species/46583/3009637,0.0,70.0,,
835,835,Crocodylus Niloticus,Coccodrillo Del Nilo,Nile Crocodile,ok,3010181,LC,Least Concern,2019,https://www.iucnredlist.org/species/45433088/3010181,0.0,1500.0,,
836,836,Hapalochlaena Lunulata,Polpo Dagli Anelli Blu Maggiore,Greater Blue-Ringed Octopus,ok,994503,LC,Least Concern,2018,https://www.iucnredlist.org/species/163293/994503,,,0.0,20.0
837,837,Iguana Delicatissima,Iguana Delle Antille Minori,Lesser Antillean Iguana,ok,122936983,CR,Critically Endangered,2018,https://www.iucnredlist.org/species/10800/122936983,0.0,700.0,,
838,838,Vampyroteuthis Infernalis,Vampiro Degli Abissi,Vampire Squid,assessment_not_found,,,,,,,,,
839,839,Phrynosoma Platyrhinos,Rospo Cornuto Del Deserto,Desert Horned Lizard,ok,89975571,LC,Least Concern,2019,https://www.iucnredlist.org/species/89974770/89975571,-80.0,1980.0,,
840,840,Aurelia Aurita,Medusa Quadrifoglio,Moon Jellyfish,assessment_not_found,,,,,,,,,
841,841,Varanus Prasinus,Varano Smeraldo,Emerald Tree Monitor,ok,101752115,LC,Least Concern,2018,https://www.iucnredlist.org/species/42485751/101752115,0.0,830.0,,
842,842,Physalia Physalis,Caravella Portoghese Non,Portuguese Man O' War,assessment_not_found,,,,,,,,,
843,843,Crotalus Atrox,Crotalo Diamantback Occidentale,Western Diamondback Rattlesnake,ok,12763519,LC,Least Concern,2007,https://www.iucnredlist.org/species/64311/12763519,,,,
844,844,Tridacna Gigas,Tridacna Gigante,Giant Clam,ok,119167161,CR,Critically Endangered,2024,https://www.iucnredlist.org/species/22137/119167161,,,0.0,20.0
845,845,Agkistrodon Contortrix,Copperhead,Eastern Copperhead,ok,12756101,LC,Least Concern,2007,https://www.iucnredlist.org/species/64297/12756101,,,,
846,846,Birgus Latro,Granchio Dei Cocchi,Coconut Crab,ok,126813586,VU,Vulnerable,2020,https://www.iucnredlist.org/species/2811/126813586,0.0,300.0,0.0,50.0
847,847,Agkistrodon Piscivorus,Cottonmouth,Cottonmouth,ok,12756313,LC,Least Concern,2007,https://www.iucnredlist.org/species/64298/12756313,,,,
848,848,Micrurus Fulvius,Serpente Corallo Orientale,Eastern Coral Snake,ok,12737582,LC,Least Concern,2007,https://www.iucnredlist.org/species/64025/12737582,,,,
849,849,Latrodectus Mactans,Femmina,Southern Black Widow,assessment_not_found,,,,,,,,,
850,850,Bitis Schneideri,Vipera Nano Del Namaqua,Namaqua Dwarf Adder,ok,147708662,LC,Least Concern,2019,https://www.iucnredlist.org/species/2818/147708662,1.0,300.0,,
851,851,Atrax Robustus,Ragno Dei Cunicoli Di Sydney,Sydney Funnel-Web Spider,assessment_not_found,,,,,,,,,
852,852,Echis Carinatus,Vipera Squamata,Saw-Scaled Viper,ok,1068235,LC,Least Concern,2021,https://www.iucnredlist.org/species/164694/1068235,0.0,2063.0,,
853,853,Pomacea Maculata,Lumaca Mela Gigante,Island Apple Snail,assessment_not_found,,,,,,,,,
854,854,Dendroaspis Angusticeps,Mamba Verde Orientale,Eastern Green Mamba,ok,13265778,LC,Least Concern,2021,https://www.iucnredlist.org/species/13265770/13265778,0.0,1700.0,,
855,855,Musca Domestica,Mosca Domestica,Housefly,assessment_not_found,,,,,,,,,
856,856,Hydrophis Platurus,Serpente Marino Pelagico,Yellow-Bellied Sea Snake,ok,115883818,LC,Least Concern,2017,https://www.iucnredlist.org/species/176738/115883818,,,0.0,10.0
857,857,Culex Pipiens,Zanzara Comune,Common House Mosquito,assessment_not_found,,,,,,,,,
858,858,Morelia Spilota,Pitone Tappeto,Carpet Python,ok,21649539,LC,Least Concern,2017,https://www.iucnredlist.org/species/62232/21649539,0.0,50.0,,
859,859,Blattella Germanica,Blatta Germanica,German Cockroach,assessment_not_found,,,,,,,,,
860,860,Boa Constrictor,Boa Constrictor,Boa Constrictor,ok,2486405,LC,Least Concern,2021,https://www.iucnredlist.org/species/197462/2486405,0.0,2000.0,,
861,861,Gryllus Bimaculatus,Grillo Bimaculato,Two-Spotted Cricket,ok,74519241,LC,Least Concern,2016,https://www.iucnredlist.org/species/68382951/74519241,,,,
862,862,Lepidochelys Kempii,Ridley Di Kemp,Kemp'S Ridley Sea Turtle,ok,155057916,CR,Critically Endangered,2019,https://www.iucnredlist.org/species/11533/155057916,,,,
863,863,Lepisma Saccharinum,Pesciolino D'Argento,Silverfish,assessment_not_found,,,,,,,,,
864,864,Chelydra Serpentina,Tartaruga Azzannatrice,Common Snapping Turtle,ok,251347989,LC,Least Concern,2025,https://www.iucnredlist.org/species/163424/251347989,0.0,2000.0,,
865,865,Vespula Germanica,Vespa Germanica,German Wasp,assessment_not_found,,,,,,,,,
866,866,Terrapene Carolina,Tartaruga Della Carolina,Common Box Turtle,ok,97428179,VU,Vulnerable,2011,https://www.iucnredlist.org/species/21641/97428179,,,,
867,867,Cimex Lectularius,Cimice Dei Letti,Bed Bug,assessment_not_found,,,,,,,,,
868,868,Gopherus Agassizii,Tartaruga Del Deserto Di Agassiz,Agassiz'S Desert Tortoise,ok,3150871,CR,Critically Endangered,2021,https://www.iucnredlist.org/species/97246272/3150871,,1570.0,,
869,869,Drosophila Melanogaster,Moscerino Della Frutta,Common Fruit Fly,assessment_not_found,,,,,,,,,
870,870,Geochelone Elegans,Tartaruga Stellata Indiana,Indian Star Tortoise,ok,123815345,VU,Vulnerable,2020,https://www.iucnredlist.org/species/39430/123815345,100.0,900.0,,
871,871,Tineola Bisselliella,Tarma Dei Vestiti,Common Clothes Moth,assessment_not_found,,,,,,,,,
872,872,Salamandra Atra,Salamandra Nera Alpina,Alpine Salamander,ok,227233771,LC,Least Concern,2024,https://www.iucnredlist.org/species/19843/227233771,400.0,2800.0,,
873,873,Harmonia Axyridis,Coccinella Asiatica,Harlequin Ladybird,assessment_not_found,,,,,,,,,
874,874,Triturus Marmoratus,Tritone Marmorizzato,Marbled Newt,ok,270778119,VU,Vulnerable,2025,https://www.iucnredlist.org/species/59477/270778119,0.0,2100.0,,
875,875,Lasius Niger,Formica Nera Del Giardino,Black Garden Ant,assessment_not_found,,,,,,,,,
876,876,Ambystoma Tigrinum,Salamandra Tigre,Tiger Salamander,ok,196342827,LC,Least Concern,2022,https://www.iucnredlist.org/species/83293207/196342827,0.0,3660.0,,
877,877,Forficula Auricularia,Forbicina,Common Earwig,assessment_not_found,,,,,,,,,
878,878,Epipedobates Tricolor,Rana Velenosa Tricolore,Phantasmal Poison Frog,ok,98647137,VU,Vulnerable,2019,https://www.iucnredlist.org/species/55239/98647137,600.0,1770.0,,
879,879,Pholcus Phalangioides,Ragno Di Cantina,Long-Bodied Cellar Spider,assessment_not_found,,,,,,,,,
880,880,Steatoda Grossa,Falsa Vedova Grossa,False Widow Spider,assessment_not_found,,,,,,,,,
881,881,Octopus Vulgaris,Polpo Comune,Common Octopus,ok,918906,LC,Least Concern,2018,https://www.iucnredlist.org/species/162571/918906,,,0.0,200.0
882,882,Sepia Officinalis,Seppia Comune,Common Cuttlefish,ok,939991,LC,Least Concern,2012,https://www.iucnredlist.org/species/162664/939991,,,,200.0
883,883,Nautilus Pompilius,Nautilo,Chambered Nautilus,assessment_not_found,,,,,,,,,
884,884,Asterias Rubens,Stella Marina Comune,Common Starfish,assessment_not_found,,,,,,,,,
885,885,Strongylocentrotus Purpuratus,Riccio Di Mare Viola,Purple Sea Urchin,assessment_not_found,,,,,,,,,
886,886,Hippocampus Bargibanti,Cavalluccio Marino Pigmeo,Bargibant'S Pygmy Seahorse,ok,250508253,LC,Least Concern,2024,https://www.iucnredlist.org/species/10060/250508253,,,4.0,40.0
887,887,Holothuria Edulis,Cetriolo Di Mare Commestibile,Edible Sea Cucumber,ok,1625901,LC,Least Concern,2013,https://www.iucnredlist.org/species/180400/1625901,,,0.0,45.0
888,888,Latrodectus Hasselti,Vedova Rossa Australiana,Redback Spider,assessment_not_found,,,,,,,,,
889,889,Chrysaora Quinquecirrha,Ortica Di Mare Atlantica,Atlantic Sea Nettle,assessment_not_found,,,,,,,,,
890,890,Loxosceles Reclusa,Ragno Violino,Brown Recluse Spider,assessment_not_found,,,,,,,,,
891,891,Actinia Equina,Pomodoro Di Mare,Beadlet Anemone,ok,51216645,LC,Least Concern,2015,https://www.iucnredlist.org/species/50107642/51216645,,,0.0,20.0
892,892,Phoneutria Nigriventer,Ragno Delle Banane Brasiliano,Brazilian Wandering Spider,assessment_not_found,,,,,,,,,
893,893,Diploria Labyrinthiformis,Corallo Cervello Scanalato,Grooved Brain Coral,ok,165799250,CR,Critically Endangered,2022,https://www.iucnredlist.org/species/133257/165799250,,,1.0,43.0
894,894,Heterometrus Spinifer,Scorpione Gigante Asiatico,Asian Forest Scorpion,assessment_not_found,,,,,,,,,
895,895,Homarus Americanus,Aragosta Americana,American Lobster,ok,6705155,LC,Least Concern,2011,https://www.iucnredlist.org/species/170009/6705155,,,1.0,700.0
896,896,Attacus Atlas,Falena Atlas,Atlas Moth,assessment_not_found,,,,,,,,,
897,897,Actias Luna,Falena Luna,Luna Moth,assessment_not_found,,,,,,,,,
898,898,Paraponera Clavata,Formica Proiettile,Bullet Ant,assessment_not_found,,,,,,,,,
899,899,Chrysochloris Asiatica,Talpa Dorata Del Capo,Cape Golden Mole,ok,21288387,LC,Least Concern,2015,https://www.iucnredlist.org/species/40600/21288387,,,,
900,900,Pteropus Poliocephalus,Pipistrello Della Frutta Dalla Testa Grigia,Grey-Headed Flying Fox,ok,22085511,VU,Vulnerable,2021,https://www.iucnredlist.org/species/18751/22085511,0.0,800.0,,
901,901,Pentalagus Furnessi,Coniglio Di Amami,Amami Rabbit,ok,45180151,EN,Endangered,2016,https://www.iucnredlist.org/species/16559/45180151,0.0,694.0,,
902,902,Lanthanotus Borneensis,Varano Senza Orecchie Del Borneo,Borneo Earless Monitor,ok,102342580,EN,Endangered,2021,https://www.iucnredlist.org/species/102342572/102342580,,,,
903,903,Abudefduf Saxatilis,Sergente Maggiore,Sergeant Major,ok,1896808,LC,Least Concern,2015,https://www.iucnredlist.org/species/188581/1896808,,,0.0,40.0
904,904,Acanthurus Coeruleus,Pesce Chirurgo Atlantico Blu,Blue Tang,ok,1501275,LC,Least Concern,2012,https://www.iucnredlist.org/species/177953/1501275,,,1.0,60.0
905,905,Acipenser Fulvescens,Storione Lago,Lake Sturgeon,ok,58134229,EN,Endangered,2022,https://www.iucnredlist.org/species/223/58134229,0.0,300.0,,
906,906,Acipenser Sturio,Storione Europeo,European Sea Sturgeon,ok,242530547,CR,Critically Endangered,2022,https://www.iucnredlist.org/species/230/242530547,,,,
907,907,Aetobatus Narinari,Manta Punteggiata,Spotted Eagle Ray,ok,201613657,EN,Endangered,2021,https://www.iucnredlist.org/species/42564343/201613657,,,0.0,60.0
908,908,Alopias Vulpinus,Volpe Di Mare,Common Thresher Shark,ok,212641186,VU,Vulnerable,2022,https://www.iucnredlist.org/species/39339/212641186,,,0.0,650.0
909,909,Ameiurus Melas,Pesce Gatto Nero,Black Bullhead,ok,2746540,LC,Least Concern,2013,https://www.iucnredlist.org/species/202674/2746540,,,,
910,910,Amia Calva,Pesce Testa Di Serpente Nordamericano,Bowfin,ok,2730796,LC,Least Concern,2013,https://www.iucnredlist.org/species/201942/2730796,,,,
911,911,Amphiprion Ocellaris,Pesce Pagliaccio,Ocellaris Clownfish,ok,1857718,LC,Least Concern,2022,https://www.iucnredlist.org/species/188321/1857718,,,1.0,15.0
912,912,Ancistrus Cirrhosus,Ancistrus Comune,Common Bristlenose Catfish,ok,164512524,LC,Least Concern,2023,https://www.iucnredlist.org/species/49830571/164512524,,,,
913,913,Anguilla Anguilla,Anguilla Europea,European Eel,ok,152845178,CR,Critically Endangered,2020,https://www.iucnredlist.org/species/60344/152845178,,,,
914,914,Anomalops Katoptron,Pesce Torcia,Splitfin Flashlightfish,ok,123356167,LC,Least Concern,2020,https://www.iucnredlist.org/species/123355696/123356167,,,1.0,365.0
915,915,Anoplogaster Cornuta,Fangtooth Comune,Common Fangtooth,ok,21910070,LC,Least Concern,2015,https://www.iucnredlist.org/species/18123960/21910070,,,75.0,5000.0
916,916,Arapaima Gigas,Arapaima Gigante,Giant Arapaima,ok,9110195,DD,Data Deficient,1996,https://www.iucnredlist.org/species/1991/9110195,,,,
917,917,Arapaima Leptosoma,Arapaima Snello,Slender Arapaima,ok,162701567,DD,Data Deficient,2022,https://www.iucnredlist.org/species/162701510/162701567,,,,
918,918,Archispirostreptus Gigas,Millepiedi Gigante Africano,Giant African Millipede,ok,103877116,LC,Least Concern,2021,https://www.iucnredlist.org/species/103866629/103877116,,,,
919,919,Astronotus Ocellatus,Oscar,Oscar,ok,159048790,LC,Least Concern,2023,https://www.iucnredlist.org/species/49830436/159048790,,,,
920,920,Atractosteus Spatula,Pesce Alligatore,Alligator Gar,ok,1966892,LC,Least Concern,2019,https://www.iucnredlist.org/species/191024/1966892,,,,
921,921,Balistoides Viridescens,Pesce Balestra Gigante,Titan Triggerfish,ok,2251503,LC,Least Concern,2022,https://www.iucnredlist.org/species/193639/2251503,,,1.0,50.0
922,922,Barbus Barbus,Barbo,Barbel,ok,58293571,LC,Least Concern,2024,https://www.iucnredlist.org/species/2561/58293571,,,,
923,923,Basiliscus Vittatus,Basilisco Bruno,Brown Basilisk,ok,2485788,LC,Least Concern,2016,https://www.iucnredlist.org/species/197460/2485788,0.0,1500.0,,
924,924,Betta Splendens,Pesce Combattente,Siamese Fighting Fish,ok,7653828,VU,Vulnerable,2011,https://www.iucnredlist.org/species/180889/7653828,5.0,190.0,,
925,925,Blennius Ocellaris,Bavosa Ocellata,Butterfly Blenny,ok,1768546,LC,Least Concern,2014,https://www.iucnredlist.org/species/185126/1768546,,,10.0,400.0
926,926,Boa Imperator,Boa Imperatore,Central American Boa,ok,2771951,LC,Least Concern,2018,https://www.iucnredlist.org/species/203879/2771951,0.0,1500.0,,
927,927,Bothrops Jararaca,Jararaca,Jararaca,ok,15203411,LC,Least Concern,2019,https://www.iucnredlist.org/species/15203324/15203411,0.0,1000.0,,
928,928,Caiman Crocodilus,Caimano Comune,Spectacled Caiman,ok,3009688,LC,Least Concern,2019,https://www.iucnredlist.org/species/46584/3009688,0.0,1000.0,,
930,930,Carassius Auratus,Pesce Rosso,Goldfish,ok,1110472,LC,Least Concern,2013,https://www.iucnredlist.org/species/166083/1110472,,,,
931,931,Carcharhinus Melanopterus,Squalo Pinna Nera Di Scogliera,Blacktip Reef Shark,ok,58303674,VU,Vulnerable,2020,https://www.iucnredlist.org/species/39375/58303674,,,0.0,75.0
932,932,Carcharias Taurus,Squalo Toro,Sand Tiger Shark,ok,232113997,CR,Critically Endangered,2025,https://www.iucnredlist.org/species/3854/232113997,,,0.0,232.0
933,933,Carcharodon Carcharias,Grande Squalo Bianco,Great White Shark,ok,212629880,VU,Vulnerable,2022,https://www.iucnredlist.org/species/3855/212629880,,,0.0,1200.0
934,934,Sapajus Libidinosus,Cappuccino Dal Ciuffo,Tufted Capuchin,ok,192593226,NT,Near Threatened,2021,https://www.iucnredlist.org/species/136346/192593226,,,,
935,935,Cetorhinus Maximus,Squalo Elefante,Basking Shark,ok,194720078,EN,Endangered,2021,https://www.iucnredlist.org/species/4292/194720078,,,0.0,1264.0
936,936,Chaetodon Auriga,Pesce Farfalla Auriga,Threadfin Butterflyfish,ok,6073721,LC,Least Concern,2010,https://www.iucnredlist.org/species/165631/6073721,,,1.0,61.0
937,937,Chaetodon Ornatissimus,Pesce Farfalla Ornato,Ornate Butterflyfish,ok,6078232,LC,Least Concern,2010,https://www.iucnredlist.org/species/165641/6078232,,,1.0,36.0
938,938,Channa Striata,Pesce Testa Di Serpente Striato,Striped Snakehead,ok,60591113,LC,Least Concern,2019,https://www.iucnredlist.org/species/166563/60591113,0.0,800.0,,
939,939,Chauliodus Sloani,Pesce Vipera Di Sloan,Sloane'S Viperfish,ok,21909314,LC,Least Concern,2015,https://www.iucnredlist.org/species/190324/21909314,,,200.0,4700.0
940,940,Chlamydoselachus Anguineus,Squalo Orlato,Frilled Shark,ok,124416882,LC,Least Concern,2024,https://www.iucnredlist.org/species/41794/124416882,,,17.0,1520.0
941,941,Clupea Harengus,Aringa Atlantica,Atlantic Herring,ok,4717767,LC,Least Concern,2010,https://www.iucnredlist.org/species/155123/4717767,,,0.0,200.0
942,942,Trichogaster Lalius,Gurami Nano,Dwarf Gourami,ok,6210533,LC,Least Concern,2010,https://www.iucnredlist.org/species/166445/6210533,,,,
943,943,Conger Conger,Grongo,European Conger,ok,2369649,LC,Least Concern,2015,https://www.iucnredlist.org/species/194969/2369649,,,0.0,1200.0
944,944,Corydoras Aeneus,Corydoras Bronzeo,Bronze Corydoras,ok,1813227,LC,Least Concern,2022,https://www.iucnredlist.org/species/186449/1813227,,,,
945,945,Coryphaena Hippurus,Lampuga,Common Dolphinfish,ok,4614989,LC,Least Concern,2011,https://www.iucnredlist.org/species/154712/4614989,,,0.0,85.0
946,946,Cromileptes Altivelis,Cernia Pavone,Humpback Grouper,assessment_not_found,,,,,,,,,
947,947,Crotalus Durissus,Serpente A Sonagli Tropicale,South American Rattlesnake,ok,44954627,LC,Least Concern,2021,https://www.iucnredlist.org/species/178477/44954627,0.0,2800.0,,
948,948,Ctenosaura Similis,Iguana Spinosa Nera,Black Spiny-Tailed Iguana,ok,73611567,LC,Least Concern,2015,https://www.iucnredlist.org/species/174480/73611567,0.0,1300.0,,
949,949,Cyprinus Carpio,Carpa Comune,Common Carp,ok,3107721,LC,Least Concern,2024,https://www.iucnredlist.org/species/6181/3107721,,,,
950,950,Danio Rerio,Danio Zebrato,Zebrafish,ok,6219667,LC,Least Concern,2010,https://www.iucnredlist.org/species/166487/6219667,,,,
951,951,Dasyatis Pastinaca,Pastinaca Comune,Common Stingray,ok,124488102,VU,Vulnerable,2021,https://www.iucnredlist.org/species/161453/124488102,,,0.0,200.0
952,952,Dermatemys Mawii,Tartaruga Di Fiume Centroamericana,Central American River Turtle,ok,97409830,CR,Critically Endangered,2006,https://www.iucnredlist.org/species/6493/97409830,,,,
953,953,Dicentrarchus Labrax,Branzino,European Seabass,ok,21912674,NT,Near Threatened,2024,https://www.iucnredlist.org/species/135606/21912674,,,,
954,954,Diodon Hystrix,Pesce Istrice,Porcupinefish,ok,97664783,LC,Least Concern,2015,https://www.iucnredlist.org/species/193668/97664783,,,2.0,50.0
955,955,Diplodus Sargus,Sarago Maggiore,White Seabream,ok,42736975,LC,Least Concern,2014,https://www.iucnredlist.org/species/170155/42736975,,,0.0,150.0
956,956,Echeneis Naucrates,Pesce Remora Striato,Live Sharksucker,ok,115317934,LC,Least Concern,2015,https://www.iucnredlist.org/species/190393/115317934,,,0.0,50.0
957,957,Electrophorus Electricus,Anguilla Elettrica,Electric Eel,ok,53826515,LC,Least Concern,2023,https://www.iucnredlist.org/species/167700/53826515,,,,
958,958,Engraulis Encrasicolus,Acciuga Europea,European Anchovy,ok,15546291,LC,Least Concern,2015,https://www.iucnredlist.org/species/198568/15546291,,,0.0,400.0
959,959,Epinephelus Marginatus,Cernia Bruna,Dusky Grouper,assessment_not_found,,,,,,,,,
960,960,Esox Lucius,Luccio,Northern Pike,ok,58312794,LC,Least Concern,2024,https://www.iucnredlist.org/species/135631/58312794,,,,
961,961,Eunectes Murinus,Anaconda Verde,Green Anaconda,ok,44580052,LC,Least Concern,2021,https://www.iucnredlist.org/species/44580041/44580052,0.0,1000.0,,
962,962,Eurypharynx Pelecanoides,Pesce Pellicano,Pelican Eel,ok,42691734,LC,Least Concern,2015,https://www.iucnredlist.org/species/18227119/42691734,,,500.0,7625.0
963,963,Exocoetus Volitans,Pesce,Tropical Two-Wing Flyingfish,ok,15550246,LC,Least Concern,2015,https://www.iucnredlist.org/species/198566/15550246,,,0.0,20.0
964,964,Gadus Morhua,Merluzzo Atlantico,Atlantic Cod,ok,12931575,VU,Vulnerable,1996,https://www.iucnredlist.org/species/8784/12931575,,,,
965,965,Galeocerdo Cuvier,Squalo Tigre,Tiger Shark,ok,2913541,NT,Near Threatened,2019,https://www.iucnredlist.org/species/39378/2913541,,,0.0,1136.0
966,966,Gasterosteus Aculeatus,Pesce Spinarello,Three-Spined Stickleback,ok,176077275,LC,Least Concern,2024,https://www.iucnredlist.org/species/225345695/176077275,,,0.0,
967,967,Glomeris Marginata,Glomeride Marginato,Common Pill Millipede,assessment_not_found,,,,,,,,,
968,968,Gobius Niger,Ghiozzo Nero,Black Goby,ok,21913403,LC,Least Concern,2015,https://www.iucnredlist.org/species/198570/21913403,,,50.0,75.0
969,969,Gymnothorax Funebris,Murena Verde,Green Moray,ok,2409410,LC,Least Concern,2015,https://www.iucnredlist.org/species/195731/2409410,,,0.0,50.0
970,970,Gymnothorax Javanicus,Murena Gigante Del Pacifico,Giant Moray,ok,2410981,LC,Least Concern,2019,https://www.iucnredlist.org/species/195741/2410981,,,0.0,50.0
971,971,Hippoglossus Hippoglossus,Rombo Gigante Dell'Atlantico,Atlantic Halibut,ok,148035632,NT,Near Threatened,2022,https://www.iucnredlist.org/species/10097/148035632,,,20.0,2000.0
972,972,Hirudo Medicinalis,Sanguisuga Medicinale Europea,European Medicinal Leech,ok,21415816,NT,Near Threatened,2014,https://www.iucnredlist.org/species/10190/21415816,,,,
973,973,Huso Huso,Beluga,Beluga Sturgeon,ok,135087846,CR,Critically Endangered,2022,https://www.iucnredlist.org/species/10269/135087846,,,,
974,974,Iguana Iguana,Iguana Verde,Green Iguana,ok,218317281,LC,Least Concern,2022,https://www.iucnredlist.org/species/174481/218317281,0.0,1000.0,,
975,975,Aglais Io,Pavonia,European Peacock Butterfly,ok,211393858,LC,Least Concern,2025,https://www.iucnredlist.org/species/174218/211393858,0.0,700.0,,
976,976,Istiophorus Platypterus,Pesce Vela,Indo-Pacific Sailfish,ok,46649664,VU,Vulnerable,2022,https://www.iucnredlist.org/species/170338/46649664,,,0.0,500.0
977,977,Labrus Bergylta,Tordo Labrax,Ballan Wrasse,ok,8525211,LC,Least Concern,2010,https://www.iucnredlist.org/species/187398/8525211,,,1.0,50.0
978,978,Latimeria Chalumnae,Celacanto,Coelacanth,ok,3274618,CR,Critically Endangered,2000,https://www.iucnredlist.org/species/11375/3274618,,,,
979,979,Lepisosteus Osseus,Luccio Dal Naso Lungo,Longnose Gar,ok,130013643,LC,Least Concern,2019,https://www.iucnredlist.org/species/191027/130013643,,,,
980,980,Lepisosteus Platyrhincus,Luccio Della Florida,Florida Gar,ok,18234213,LC,Least Concern,2013,https://www.iucnredlist.org/species/202412/18234213,,,,
981,981,Limulus Polyphemus,Granchio A Ferro Di Cavallo,Atlantic Horseshoe Crab,ok,80159830,VU,Vulnerable,2016,https://www.iucnredlist.org/species/11987/80159830,,,,
982,982,Lithognathus Mormyrus,Sarago Fasciato,Sand Steenbras,ok,1284573,LC,Least Concern,2014,https://www.iucnredlist.org/species/170160/1284573,,,0.0,150.0
983,983,Lumbricus Terrestris,Lombrico Comune,Common Earthworm,assessment_not_found,,,,,,,,,
984,984,Macropinna Microstoma,Pesce Dagli Occhi A Botte,Barreleye,assessment_not_found,,,,,,,,,
985,985,Makaira Nigricans,Marlin Blu,Blue Marlin,ok,46936155,VU,Vulnerable,2022,https://www.iucnredlist.org/species/170314/46936155,,,0.0,1000.0
986,986,Malacosteus Niger,Pesce Drago Nero,Black Dragonfish,ok,21909439,LC,Least Concern,2015,https://www.iucnredlist.org/species/190149/21909439,,,500.0,3886.0
987,987,Mobula Alfredi,Manta Di Barriera,Reef Manta Ray,ok,214395983,VU,Vulnerable,2022,https://www.iucnredlist.org/species/195459/214395983,,,0.0,432.0
988,988,Megachasma Pelagios,Squalo Bocca Grande,Megamouth Shark,ok,124402302,LC,Least Concern,2019,https://www.iucnredlist.org/species/39338/124402302,,,5.0,1500.0
989,989,Micropterus Salmoides,Persico Trota,Largemouth Bass,ok,58310038,LC,Least Concern,2019,https://www.iucnredlist.org/species/61265/58310038,,,,
990,990,Milnesium Tardigradum,Tardigrado Comune,Common Tardigrade,assessment_not_found,,,,,,,,,
991,991,Mitsukurina Owstoni,Squalo Folletto,Goblin Shark,ok,2994832,LC,Least Concern,2018,https://www.iucnredlist.org/species/44565/2994832,,,0.0,1300.0
992,992,Mobula Birostris,Manta Gigante,Giant Oceanic Manta Ray,ok,214397182,EN,Endangered,2022,https://www.iucnredlist.org/species/198921/214397182,,,0.0,1000.0
993,993,Mola Mola,Pesce Luna Gigante,Ocean Sunfish,ok,97667070,VU,Vulnerable,2015,https://www.iucnredlist.org/species/190422/97667070,,,0.0,400.0
994,994,Mola Mola,Pesce Luna,Ocean Sunfish,ok,97667070,VU,Vulnerable,2015,https://www.iucnredlist.org/species/190422/97667070,,,0.0,400.0
995,995,Monocentris Japonica,Pesce Pigna Giapponese,Japanese Pinecone Fish,ok,57157952,LC,Least Concern,2020,https://www.iucnredlist.org/species/56852135/57157952,,,20.0,200.0
996,996,Mugil Cephalus,Cefalo,Flathead Grey Mullet,ok,155662225,LC,Least Concern,2024,https://www.iucnredlist.org/species/135567/155662225,,,0.0,
997,997,Mullus Barbatus,Triglia Di Fango,Red Mullet,ok,42691799,LC,Least Concern,2015,https://www.iucnredlist.org/species/198673/42691799,,,10.0,328.0
998,998,Mullus Surmuletus,Triglia Di Scoglio,Striped Red Mullet,ok,42691804,LC,Least Concern,2015,https://www.iucnredlist.org/species/198674/42691804,,,0.0,300.0
999,999,Muraena Helena,Murena Mediterranea,Mediterranean Moray,ok,2370347,LC,Least Concern,2015,https://www.iucnredlist.org/species/194974/2370347,,,15.0,50.0
1000,1000,Myliobatis Aquila,Razza Aquila,Common Eagle Ray,ok,124508353,CR,Critically Endangered,2021,https://www.iucnredlist.org/species/161569/124508353,,,0.0,537.0
1001,1001,Natrix Helvetica,Colubro Di Barr,Barred Grass Snake,ok,165594282,LC,Least Concern,2024,https://www.iucnredlist.org/species/165594257/165594282,,,,
1002,1002,Oncorhynchus Mykiss,Trota Iridea,Rainbow Trout,ok,18229476,LC,Least Concern,2024,https://www.iucnredlist.org/species/166481/18229476,,,,
1003,1003,Oreochromis Niloticus,Tilapia Del Nilo,Nile Tilapia,ok,244856058,LC,Least Concern,2023,https://www.iucnredlist.org/species/166975/244856058,,,,
1004,1004,Osteoglossum Bicirrhosum,Pesce Arowana Argentato,Silver Arowana,ok,85282193,LC,Least Concern,2023,https://www.iucnredlist.org/species/49830060/85282193,,,,
1005,1005,Ostracion Cubicus,Pesce Scatola Giallo,Yellow Boxfish,assessment_not_found,,,,,,,,,
1006,1006,Pagrus Pagrus,Pagro Comune,Common Seabream,ok,788483,LC,Least Concern,2014,https://www.iucnredlist.org/species/15873/788483,,,0.0,250.0
1007,1007,Pangasianodon Hypophthalmus,Pesce Gatto Iridescente,Iridescent Shark,ok,7649971,EN,Endangered,2011,https://www.iucnredlist.org/species/180689/7649971,5.0,160.0,,
1008,1008,Paracanthurus Hepatus,Pesce Chirurgo Blu,Blue Tang,ok,1507676,LC,Least Concern,2012,https://www.iucnredlist.org/species/177972/1507676,,,2.0,40.0
1009,1009,Paracheirodon Innesi,Neon Tetra,Neon Tetra,ok,160186246,LC,Least Concern,2023,https://www.iucnredlist.org/species/49829801/160186246,,,,
1010,1010,Passer Sahari,Passero Del Sahara,Sahara Sparrow,assessment_not_found,,,,,,,,,
1011,1011,Perca Fluviatilis,Pesce Persico,European Perch,ok,58297645,LC,Least Concern,2024,https://www.iucnredlist.org/species/16580/58297645,,,,
1012,1012,Periophthalmus Barbarus,Mudskipper Atlantico,Atlantic Mudskipper,ok,21913503,LC,Least Concern,2020,https://www.iucnredlist.org/species/182285/21913503,,,,
1013,1013,Photoblepharon Palpebratum,Pesce Torcia Palpebrato,Eyelight Fish,ok,123356182,LC,Least Concern,2020,https://www.iucnredlist.org/species/123356060/123356182,,,1.0,50.0
1015,1015,Pleuronectes Platessa,Passera Di Mare,European Plaice,ok,135111216,LC,Least Concern,2024,https://www.iucnredlist.org/species/135690/135111216,,,500.0,
1016,1016,Poecilia Reticulata,Guppy,Guppy,ok,3100119,LC,Least Concern,2021,https://www.iucnredlist.org/species/60444/3100119,,,,
1017,1017,Pollachius Pollachius,Merluzzo Europeo,Pollack,ok,45098355,LC,Least Concern,2014,https://www.iucnredlist.org/species/18125103/45098355,,,1.0,200.0
1018,1018,Polyodon Spathula,Pesce Spatola,American Paddlefish,ok,81763841,VU,Vulnerable,2022,https://www.iucnredlist.org/species/17938/81763841,0.0,60.0,0.0,20.0
1019,1019,Polypterus Senegalus,Bichir Del Senegal,Senegal Bichir,ok,58331540,LC,Least Concern,2020,https://www.iucnredlist.org/species/182615/58331540,,,,
1020,1020,Pomacanthus Imperator,Pesce Angelo Imperatore,Emperor Angelfish,ok,6151184,LC,Least Concern,2010,https://www.iucnredlist.org/species/165862/6151184,,,1.0,100.0
1021,1021,Potamotrygon Motoro,Razza Ocellata,Ocellate River Stingray,ok,2923869,LC,Least Concern,2025,https://www.iucnredlist.org/species/39404/2923869,,,,
1022,1022,Prionace Glauca,Squalo Blu,Blue Shark,ok,2915850,NT,Near Threatened,2019,https://www.iucnredlist.org/species/39381/2915850,,,0.0,1000.0
1023,1023,Pristis Pectinata,Pesce Sega Smalltooth,Smalltooth Sawfish,ok,249881355,CR,Critically Endangered,2022,https://www.iucnredlist.org/species/18175/249881355,,,0.0,122.0
1024,1024,Pristis Pristis,Pesce Sega Gigante,Largetooth Sawfish,ok,249880242,CR,Critically Endangered,2022,https://www.iucnredlist.org/species/18584848/249880242,,,0.0,60.0
1025,1025,Scophthalmus Maximus,Rombo Chiodato,Turbot,ok,144939322,LC,Least Concern,2021,https://www.iucnredlist.org/species/198731/144939322,,,0.0,140.0
1026,1026,Psychrolutes Marcidus,Blobfish,Blobfish,assessment_not_found,,,,,,,,,
1027,1027,Pterois Volitans,Pesce Leone,Red Lionfish,ok,78940195,LC,Least Concern,2016,https://www.iucnredlist.org/species/190468/78940195,,,1.0,50.0
1028,1028,Pterophyllum Scalare,Pesce Angelo,Freshwater Angelfish,ok,160296386,LC,Least Concern,2023,https://www.iucnredlist.org/species/49830495/160296386,,,,
1029,1029,Pygocentrus Nattereri,Piranha Rosso,Red-Bellied Piranha,ok,1815617,LC,Least Concern,2024,https://www.iucnredlist.org/species/186604/1815617,,,,
1030,1030,Raja Clavata,Razza Chiodata,Thornback Ray,ok,183779744,NT,Near Threatened,2024,https://www.iucnredlist.org/species/39399/183779744,,,5.0,1020.0
1031,1031,Regalecus Glesne,Pesce Remo,Giant Oarfish,ok,115316206,LC,Least Concern,2015,https://www.iucnredlist.org/species/190378/115316206,,,15.0,1000.0
1032,1032,Remora Remora,Remora,Remora,ok,115343508,LC,Least Concern,2015,https://www.iucnredlist.org/species/198651/115343508,,,1.0,100.0
1033,1033,Rhincodon Typus,Squalo Balena,Whale Shark,ok,126673248,EN,Endangered,2025,https://www.iucnredlist.org/species/19488/126673248,,,0.0,1928.0
1034,1034,Rhinecanthus Aculeatus,Pesce Balestra Di Picasso,Picasso Triggerfish,ok,2264946,LC,Least Concern,2022,https://www.iucnredlist.org/species/193714/2264946,,,1.0,50.0
1036,1036,Rocio Octofasciata,Ciclide Jack Dempsey,Jack Dempsey Cichlid,ok,2179785,LC,Least Concern,2019,https://www.iucnredlist.org/species/192905/2179785,0.0,500.0,,
1037,1037,Rutilus Rutilus,Scardola,Common Roach,ok,58301083,LC,Least Concern,2024,https://www.iucnredlist.org/species/19787/58301083,,,,
1038,1038,Salmo Trutta,Trota Di Fiume,Brown Trout,ok,58301467,LC,Least Concern,2024,https://www.iucnredlist.org/species/19861/58301467,,,,
1039,1039,Salvator Merianae,Tegù Argentino,Argentine Black-And-White Tegu,ok,61322552,LC,Least Concern,2016,https://www.iucnredlist.org/species/178340/61322552,,,,
1040,1040,Sarda Sarda,Tonnetto Striato,Atlantic Bonito,ok,46927291,LC,Least Concern,2023,https://www.iucnredlist.org/species/155096/46927291,,,0.0,200.0
1041,1041,Sardina Pilchardus,Sardina,European Pilchard,ok,15542481,LC,Least Concern,2015,https://www.iucnredlist.org/species/198580/15542481,,,10.0,100.0
1042,1042,Sarpa Salpa,Salpa,Salema Porgy,ok,1286510,LC,Least Concern,2014,https://www.iucnredlist.org/species/170169/1286510,,,0.0,70.0
1043,1043,Scardinius Erythrophthalmus,Scardola,Common Rudd,ok,58302044,LC,Least Concern,2024,https://www.iucnredlist.org/species/19946/58302044,,,,
1044,1044,Scarus Guacamaia,Pappagallpesce Arcobaleno,Rainbow Parrotfish,ok,17627624,NT,Near Threatened,2012,https://www.iucnredlist.org/species/19950/17627624,,,1.0,25.0
1045,1045,Scleropages Formosus,Pesce Drago Asiatico,Asian Arowana,ok,89797267,EN,Endangered,2019,https://www.iucnredlist.org/species/152320185/89797267,,,,
1046,1046,Scolopendra Gigantea,Scolopendra Gigante Amazzonica,Amazonian Giant Centipede,assessment_not_found,,,,,,,,,
1047,1047,Scolopendra Polymorpha,Centopiedi Del Deserto,Desert Centipede,assessment_not_found,,,,,,,,,
1048,1048,Scomber Scombrus,Sgombro Atlantico,Atlantic Mackerel,ok,170089639,LC,Least Concern,2023,https://www.iucnredlist.org/species/170354/170089639,,,0.0,1000.0
1049,1049,Scophthalmus Maximus,Rombo Chiodato,Turbot,ok,144939322,LC,Least Concern,2021,https://www.iucnredlist.org/species/198731/144939322,,,0.0,140.0
1050,1050,Scorpaena Porcus,Scorfano Nero,Black Scorpionfish,ok,177149605,LC,Least Concern,2020,https://www.iucnredlist.org/species/198747/177149605,,,10.0,90.0
1051,1051,Scorpaena Scrofa,Pesce Scorfano Rosso,Red Scorpionfish,ok,15592127,LC,Least Concern,2015,https://www.iucnredlist.org/species/198748/15592127,,,10.0,500.0
1052,1052,Scutigera Coleoptrata,Centopiedi Domestico,House Centipede,assessment_not_found,,,,,,,,,
1053,1053,Scyliorhinus Canicula,Gattuccio,Small-Spotted Catshark,ok,124478351,LC,Least Concern,2021,https://www.iucnredlist.org/species/161307554/124478351,,,0.0,800.0
1054,1054,Serrasalmus Rhombeus,Piranha Nero,Redeye Piranha,ok,1822309,LC,Least Concern,2024,https://www.iucnredlist.org/species/187046/1822309,,,,
1055,1055,Silurus Glanis,Siluro Europeo,Wels Catfish,ok,58305522,LC,Least Concern,2024,https://www.iucnredlist.org/species/40713/58305522,,,,
1056,1056,Solea Solea,Sogliola Comune,Common Sole,ok,15595369,DD,Data Deficient,2015,https://www.iucnredlist.org/species/198739/15595369,,,0.0,200.0
1057,1057,Somniosus Microcephalus,Squalo Della Groenlandia,Greenland Shark,ok,124452872,VU,Vulnerable,2020,https://www.iucnredlist.org/species/60213/124452872,,,0.0,2647.0
1058,1058,Sparus Aurata,Orata,Gilthead Seabream,ok,1302459,LC,Least Concern,2014,https://www.iucnredlist.org/species/170253/1302459,,,1.0,150.0
1059,1059,Sphenodon Punctatus,Tuatara,Tuatara,ok,120191347,LC,Least Concern,2019,https://www.iucnredlist.org/species/131735762/120191347,1.0,722.0,,
1060,1060,Sphyraena Barracuda,Barracuda Gigante,Great Barracuda,ok,115319634,LC,Least Concern,2015,https://www.iucnredlist.org/species/190399/115319634,,,0.0,110.0
1061,1061,Sphyrna Lewini,Squalo Martello Smerlato,Scalloped Hammerhead,ok,2918526,CR,Critically Endangered,2019,https://www.iucnredlist.org/species/39385/2918526,,,0.0,1043.0
1062,1062,Sphyrna Mokarran,Squalo Martello Gigante,Great Hammerhead,ok,2920499,CR,Critically Endangered,2019,https://www.iucnredlist.org/species/39386/2920499,,,0.0,300.0
1063,1063,Sphyrna Zygaena,Squalo Martello Liscio,Smooth Hammerhead,ok,2921825,VU,Vulnerable,2019,https://www.iucnredlist.org/species/39388/2921825,,,1.0,200.0
1064,1064,Stegostoma Fasciatum,Squalo Zebra,Zebra Shark,assessment_not_found,,,,,,,,,
1065,1065,Symphysodon Aequifasciatus,Discus Azzurro,Blue Discus,ok,141105884,LC,Least Concern,2022,https://www.iucnredlist.org/species/49830657/141105884,,,,
1066,1066,Synanceia Verrucosa,Pesce Pietra,Reef Stonefish,ok,116389039,LC,Least Concern,2018,https://www.iucnredlist.org/species/114180058/116389039,,,1.0,20.0
1067,1067,Taeniura Lymma,Razza A Coda Blu,Bluespotted Ribbontail Ray,ok,116851089,LC,Least Concern,2021,https://www.iucnredlist.org/species/116850766/116851089,,,0.0,50.0
1068,1068,Takifugu Rubripes,Torafugu,Torafugu,ok,2247747,NT,Near Threatened,2014,https://www.iucnredlist.org/species/193612/2247747,,,10.0,135.0
1069,1069,Tarentola Mauritanica,Tarantola Muraiola,Moorish Gecko,ok,210764472,LC,Least Concern,2025,https://www.iucnredlist.org/species/248310890/210764472,0.0,2500.0,,
1070,1070,Tetraodon Lineatus,Pesce Palla Lineato,Fahaka Pufferfish,ok,135032367,LC,Least Concern,2020,https://www.iucnredlist.org/species/181807/135032367,,,,
1071,1071,Thalassoma Bifasciatum,Labride Testablu,Bluehead Wrasse,ok,8590861,LC,Least Concern,2010,https://www.iucnredlist.org/species/187652/8590861,,,0.0,40.0
1072,1072,Thamnophis Sirtalis,Serpente Giarrettiera,Common Garter Snake,ok,68308267,LC,Least Concern,2015,https://www.iucnredlist.org/species/62240/68308267,,,,
1073,1073,Thunnus Thynnus,Tonno Rosso,Atlantic Bluefin Tuna,ok,46913402,LC,Least Concern,2021,https://www.iucnredlist.org/species/21860/46913402,,,0.0,1015.0
1074,1074,Tinca Tinca,Tinca,Tench,ok,2780110,LC,Least Concern,2024,https://www.iucnredlist.org/species/21912/2780110,,,,
1075,1075,Torpedo Marmorata,Torpedine Marmorata,Marbled Electric Ray,ok,124466265,VU,Vulnerable,2021,https://www.iucnredlist.org/species/161328/124466265,,,0.0,370.0
1076,1076,Toxotes Jaculatrix,Pesce Arciere,Banded Archerfish,ok,2458352,LC,Least Concern,2012,https://www.iucnredlist.org/species/196451/2458352,,,,
1077,1077,Trachinus Draco,Pesce Ragno Maggiore,Greater Weever,ok,42691954,LC,Least Concern,2015,https://www.iucnredlist.org/species/198719/42691954,,,0.0,200.0
1078,1078,Trachurus Trachurus,Suro Atlantico,Atlantic Horse Mackerel,ok,43157137,VU,Vulnerable,2015,https://www.iucnredlist.org/species/198647/43157137,,,0.0,1050.0
1079,1079,Tupinambis Teguixin,Tegù Dorato,Gold Tegu,ok,44579792,LC,Least Concern,2021,https://www.iucnredlist.org/species/44579781/44579792,0.0,600.0,,
1082,1082,Uranoscopus Scaber,Pesce Prete,Atlantic Stargazer,ok,42691994,LC,Least Concern,2015,https://www.iucnredlist.org/species/198722/42691994,,,15.0,400.0
1083,1083,Xiphias Gladius,Pesce Spada,Swordfish,ok,46625751,NT,Near Threatened,2022,https://www.iucnredlist.org/species/23148/46625751,,,0.0,2878.0
1084,1084,Zanclus Cornutus,Pesce Idolo Moresco,Moorish Idol,ok,69742744,LC,Least Concern,2016,https://www.iucnredlist.org/species/69741115/69742744,,,1.0,180.0
1085,1085,Zeus Faber,Pesce San Pietro,John Dory,ok,42390771,DD,Data Deficient,2015,https://www.iucnredlist.org/species/198769/42390771,,,25.0,400.0
