animal_id,animal_no,scientific_name,common_name_it,common_name_en,iucn_assessment_id,iucn_lookup_status,habitat_code,habitat_name_it,habitat_suitability,major_importance,seasonality,elevation_lower_m,elevation_upper_m,depth_upper_m,depth_lower_m
1,001,Anax Imperator,Libellula Imperatore,Emperor Dragonfly,72311295,ok,5.9,Zone umide (interne) – Sorgenti di acqua dolce e oasi,suitable,no,unknown,,,,
1,001,Anax Imperator,Libellula Imperatore,Emperor Dragonfly,72311295,ok,5.7,Zone umide (interne) – Paludi/stagni d'acqua dolce permanenti (inferiori a 8 ettari),suitable,yes,unknown,,,,
1,001,Anax Imperator,Libellula Imperatore,Emperor Dragonfly,72311295,ok,5.6,Zone umide (interne) – Laghi d'acqua dolce stagionali/intermittenti (oltre 8 ha),suitable,no,unknown,,,,
1,001,Anax Imperator,Libellula Imperatore,Emperor Dragonfly,72311295,ok,5.5,Zone umide (interne) – Laghi permanenti di acqua dolce (oltre 8 ettari),suitable,yes,unknown,,,,
1,001,Anax Imperator,Libellula Imperatore,Emperor Dragonfly,72311295,ok,5.2,Zone umide (interne) – Fiumi/torrenti/canali stagionali/intermittenti/irregolari,suitable,no,unknown,,,,
1,001,Anax Imperator,Libellula Imperatore,Emperor Dragonfly,72311295,ok,15.2,Stagni sotto gli 8 ettari,suitable,no,unknown,,,,
1,001,Anax Imperator,Libellula Imperatore,Emperor Dragonfly,72311295,ok,15.1,Aree di stoccaggio dell'acqua oltre 8 ettari,marginal,unknown,unknown,,,,
2,002,Passer Domesticus,Passero Comune,House Sparrow,155522130,ok,1.5,Foresta – Subtropicale/tropicale secca,suitable,no,resident,,4500.0,,
2,002,Passer Domesticus,Passero Comune,House Sparrow,155522130,ok,6,Zone rocciose,suitable,no,resident,,4500.0,,
2,002,Passer Domesticus,Passero Comune,House Sparrow,155522130,ok,1.4,Foresta – Temperata,suitable,no,resident,,4500.0,,
2,002,Passer Domesticus,Passero Comune,House Sparrow,155522130,ok,5.4,"Zone umide (interne) – Paludi, acquitrini, torbiere",suitable,no,resident,,4500.0,,
2,002,Passer Domesticus,Passero Comune,House Sparrow,155522130,ok,5.1,Zone umide (interne) – Fiumi/torrenti/cascate permanenti,suitable,no,resident,,4500.0,,
2,002,Passer Domesticus,Passero Comune,House Sparrow,155522130,ok,4.5,Prateria – Subtropicale/tropicale arida,suitable,no,resident,,4500.0,,
2,002,Passer Domesticus,Passero Comune,House Sparrow,155522130,ok,14.1,Terreno arabile,suitable,no,resident,,4500.0,,
2,002,Passer Domesticus,Passero Comune,House Sparrow,155522130,ok,14.2,Pascoli,suitable,no,resident,,4500.0,,
2,002,Passer Domesticus,Passero Comune,House Sparrow,155522130,ok,14.3,Piantagioni,suitable,no,resident,,4500.0,,
2,002,Passer Domesticus,Passero Comune,House Sparrow,155522130,ok,14.4,Orti rurali,suitable,no,resident,,4500.0,,
2,002,Passer Domesticus,Passero Comune,House Sparrow,155522130,ok,14.5,Aree urbane,suitable,yes,resident,,4500.0,,
2,002,Passer Domesticus,Passero Comune,House Sparrow,155522130,ok,14.6,Foresta subtropicale/tropicale fortemente degradata,suitable,no,resident,,4500.0,,
2,002,Passer Domesticus,Passero Comune,House Sparrow,155522130,ok,15.7,"Terreni irrigati, compresi i canali di irrigazione",suitable,no,resident,,4500.0,,
2,002,Passer Domesticus,Passero Comune,House Sparrow,155522130,ok,3.4,Arbusti – Temperati,suitable,no,resident,,4500.0,,
2,002,Passer Domesticus,Passero Comune,House Sparrow,155522130,ok,3.5,Arbusti – Zona secca subtropicale/tropicale,suitable,no,resident,,4500.0,,
2,002,Passer Domesticus,Passero Comune,House Sparrow,155522130,ok,3.6,Arbusti – Subtropicale/tropicale umido,suitable,no,resident,,4500.0,,
2,002,Passer Domesticus,Passero Comune,House Sparrow,155522130,ok,3.8,Arbusti – Vegetazione arbustiva di tipo mediterraneo,suitable,no,resident,,4500.0,,
2,002,Passer Domesticus,Passero Comune,House Sparrow,155522130,ok,4.4,Prateria – Temperata,suitable,no,resident,,4500.0,,
3,003,Podarcis Muralis,Lucertola Muraiola,Common Wall Lizard,12514105,ok,3.4,Arbusti – Temperati,suitable,unknown,unknown,0.0,2500.0,,
3,003,Podarcis Muralis,Lucertola Muraiola,Common Wall Lizard,12514105,ok,14.3,Piantagioni,suitable,unknown,unknown,0.0,2500.0,,
3,003,Podarcis Muralis,Lucertola Muraiola,Common Wall Lizard,12514105,ok,14.2,Pascoli,suitable,unknown,unknown,0.0,2500.0,,
3,003,Podarcis Muralis,Lucertola Muraiola,Common Wall Lizard,12514105,ok,3.8,Arbusti – Vegetazione arbustiva di tipo mediterraneo,suitable,unknown,unknown,0.0,2500.0,,
3,003,Podarcis Muralis,Lucertola Muraiola,Common Wall Lizard,12514105,ok,14.1,Terreno arabile,marginal,unknown,unknown,0.0,2500.0,,
3,003,Podarcis Muralis,Lucertola Muraiola,Common Wall Lizard,12514105,ok,1.4,Foresta – Temperata,suitable,unknown,unknown,0.0,2500.0,,
3,003,Podarcis Muralis,Lucertola Muraiola,Common Wall Lizard,12514105,ok,6,Zone rocciose,suitable,unknown,unknown,0.0,2500.0,,
3,003,Podarcis Muralis,Lucertola Muraiola,Common Wall Lizard,12514105,ok,14.4,Orti rurali,suitable,unknown,unknown,0.0,2500.0,,
3,003,Podarcis Muralis,Lucertola Muraiola,Common Wall Lizard,12514105,ok,4.4,Prateria – Temperata,suitable,unknown,unknown,0.0,2500.0,,
3,003,Podarcis Muralis,Lucertola Muraiola,Common Wall Lizard,12514105,ok,14.5,Aree urbane,suitable,unknown,unknown,0.0,2500.0,,
4,004,Vulpes Zerda,Fennec,Fennec Fox,46173447,ok,8.1,Deserto – Caldo,suitable,yes,unknown,0.0,,,
4,004,Vulpes Zerda,Fennec,Fennec Fox,46173447,ok,13.3,Dune sabbiose costiere,suitable,yes,resident,0.0,,,
5,005,Archilochus Colubris,Colibrì Golarubina,Ruby-Throated Hummingbird,186910664,ok,1.9,Foresta – Subtropicale/tropicale umida montana,suitable,no,breeding,,1900.0,,
5,005,Archilochus Colubris,Colibrì Golarubina,Ruby-Throated Hummingbird,186910664,ok,14.4,Orti rurali,suitable,no,breeding,,1900.0,,
5,005,Archilochus Colubris,Colibrì Golarubina,Ruby-Throated Hummingbird,186910664,ok,14.5,Aree urbane,suitable,no,breeding,,1900.0,,
5,005,Archilochus Colubris,Colibrì Golarubina,Ruby-Throated Hummingbird,186910664,ok,14.6,Foresta subtropicale/tropicale fortemente degradata,suitable,yes,breeding,,1900.0,,
5,005,Archilochus Colubris,Colibrì Golarubina,Ruby-Throated Hummingbird,186910664,ok,3.5,Arbusti – Zona secca subtropicale/tropicale,suitable,no,breeding,,1900.0,,
5,005,Archilochus Colubris,Colibrì Golarubina,Ruby-Throated Hummingbird,186910664,ok,3.6,Arbusti – Subtropicale/tropicale umido,suitable,no,breeding,,1900.0,,
5,005,Archilochus Colubris,Colibrì Golarubina,Ruby-Throated Hummingbird,186910664,ok,1.4,Foresta – Temperata,suitable,no,breeding,,1900.0,,
5,005,Archilochus Colubris,Colibrì Golarubina,Ruby-Throated Hummingbird,186910664,ok,1.5,Foresta – Subtropicale/tropicale secca,suitable,yes,breeding,,1900.0,,
5,005,Archilochus Colubris,Colibrì Golarubina,Ruby-Throated Hummingbird,186910664,ok,1.6,Foresta – Pianura umida subtropicale/tropicale,suitable,yes,breeding,,1900.0,,
6,006,Uromastyx Acanthinura,Uromastice Del Nord Africa,North African Spiny-Tailed Lizard,2531202,ok,3.5,Arbusti – Zona secca subtropicale/tropicale,suitable,unknown,unknown,,,,
6,006,Uromastyx Acanthinura,Uromastice Del Nord Africa,North African Spiny-Tailed Lizard,2531202,ok,6,Zone rocciose,suitable,unknown,unknown,,,,
6,006,Uromastyx Acanthinura,Uromastice Del Nord Africa,North African Spiny-Tailed Lizard,2531202,ok,8.1,Deserto – Caldo,suitable,unknown,unknown,,,,
7,007,Pandinus Imperator,Scorpione Imperatore,Emperor Scorpion,,assessment_not_found,,,unknown,unknown,unknown,,,,
8,008,Canis Lupus,Lupo Grigio,Grey Wolf,247624660,ok,3.5,Arbusti – Zona secca subtropicale/tropicale,suitable,unknown,unknown,0.0,3000.0,,
8,008,Canis Lupus,Lupo Grigio,Grey Wolf,247624660,ok,14.2,Pascoli,suitable,unknown,unknown,0.0,3000.0,,
8,008,Canis Lupus,Lupo Grigio,Grey Wolf,247624660,ok,3.1,Arbusti – Subartico,suitable,unknown,unknown,0.0,3000.0,,
8,008,Canis Lupus,Lupo Grigio,Grey Wolf,247624660,ok,3.4,Arbusti – Temperati,suitable,unknown,unknown,0.0,3000.0,,
8,008,Canis Lupus,Lupo Grigio,Grey Wolf,247624660,ok,1.1,Foresta boreale,suitable,unknown,unknown,0.0,3000.0,,
8,008,Canis Lupus,Lupo Grigio,Grey Wolf,247624660,ok,8.1,Deserto – Caldo,suitable,unknown,unknown,0.0,3000.0,,
8,008,Canis Lupus,Lupo Grigio,Grey Wolf,247624660,ok,4.1,Prateria – Tundra,suitable,unknown,unknown,0.0,3000.0,,
8,008,Canis Lupus,Lupo Grigio,Grey Wolf,247624660,ok,4.2,Prateria – Subartico,suitable,unknown,unknown,0.0,3000.0,,
8,008,Canis Lupus,Lupo Grigio,Grey Wolf,247624660,ok,8.2,Deserto – Temperato,suitable,unknown,unknown,0.0,3000.0,,
8,008,Canis Lupus,Lupo Grigio,Grey Wolf,247624660,ok,4.4,Prateria – Temperata,suitable,unknown,unknown,0.0,3000.0,,
8,008,Canis Lupus,Lupo Grigio,Grey Wolf,247624660,ok,1.2,Foresta - Subartico,suitable,unknown,unknown,0.0,3000.0,,
8,008,Canis Lupus,Lupo Grigio,Grey Wolf,247624660,ok,5.4,"Zone umide (interne) – Paludi, acquitrini, torbiere",suitable,unknown,unknown,0.0,3000.0,,
8,008,Canis Lupus,Lupo Grigio,Grey Wolf,247624660,ok,1.5,Foresta – Subtropicale/tropicale secca,suitable,unknown,unknown,0.0,3000.0,,
8,008,Canis Lupus,Lupo Grigio,Grey Wolf,247624660,ok,1.4,Foresta – Temperata,suitable,unknown,unknown,0.0,3000.0,,
8,008,Canis Lupus,Lupo Grigio,Grey Wolf,247624660,ok,5.10,Zone umide (interne) – Zone umide della tundra,suitable,unknown,unknown,0.0,3000.0,,
8,008,Canis Lupus,Lupo Grigio,Grey Wolf,247624660,ok,6,Zone rocciose,suitable,unknown,unknown,0.0,3000.0,,
9,009,Pyrrhocoris Apterus,Cavaliere Rosso,Firebug,,assessment_not_found,,,unknown,unknown,unknown,,,,
10,010,Gerbillus Gerbillus,Gerbillo Del Deserto,Lesser Egyptian Gerbil,115090506,ok,14.1,Terreno arabile,marginal,unknown,unknown,,,,
10,010,Gerbillus Gerbillus,Gerbillo Del Deserto,Lesser Egyptian Gerbil,115090506,ok,13.3,Dune sabbiose costiere,suitable,unknown,unknown,,,,
10,010,Gerbillus Gerbillus,Gerbillo Del Deserto,Lesser Egyptian Gerbil,115090506,ok,8.1,Deserto – Caldo,suitable,unknown,unknown,,,,
11,011,Brachypelma Hamorii,Tarantola Messicana Dalle Ginocchia Arancioni,Mexican Red-Knee Tarantula,148726332,ok,1.5,Foresta – Subtropicale/tropicale secca,suitable,yes,resident,0.0,2110.0,,
12,012,Phycodurus Eques,Drago Foglia Fogliato,Leafy Seadragon,67622420,ok,9.9,Erba marina sommersa,suitable,unknown,unknown,,,0.0,30.0
12,012,Phycodurus Eques,Drago Foglia Fogliato,Leafy Seadragon,67622420,ok,10.1,Epipelagico (0–200 m),unknown,unknown,unknown,,,0.0,30.0
12,012,Phycodurus Eques,Drago Foglia Fogliato,Leafy Seadragon,67622420,ok,9.7,Neritico marino – Macroalghe/alghe,suitable,unknown,unknown,,,0.0,30.0
12,012,Phycodurus Eques,Drago Foglia Fogliato,Leafy Seadragon,67622420,ok,9.8,Neritica marina – Barriera corallina,unknown,unknown,unknown,,,0.0,30.0
12,012,Phycodurus Eques,Drago Foglia Fogliato,Leafy Seadragon,67622420,ok,9.1,Neritico marino – Pelagico,marginal,unknown,unknown,,,0.0,30.0
13,013,Pica Pica,Gazza Comune,Eurasian Magpie,264575751,ok,14.4,Orti rurali,suitable,no,breeding,0.0,3200.0,,
13,013,Pica Pica,Gazza Comune,Eurasian Magpie,264575751,ok,3.5,Arbusti – Zona secca subtropicale/tropicale,suitable,no,breeding,0.0,3200.0,,
13,013,Pica Pica,Gazza Comune,Eurasian Magpie,264575751,ok,14.1,Terreno arabile,suitable,no,breeding,0.0,3200.0,,
13,013,Pica Pica,Gazza Comune,Eurasian Magpie,264575751,ok,3.8,Arbusti – Vegetazione arbustiva di tipo mediterraneo,suitable,no,breeding,0.0,3200.0,,
13,013,Pica Pica,Gazza Comune,Eurasian Magpie,264575751,ok,14.2,Pascoli,suitable,no,breeding,0.0,3200.0,,
13,013,Pica Pica,Gazza Comune,Eurasian Magpie,264575751,ok,1.4,Foresta – Temperata,suitable,no,breeding,0.0,3200.0,,
13,013,Pica Pica,Gazza Comune,Eurasian Magpie,264575751,ok,3.4,Arbusti – Temperati,suitable,no,breeding,0.0,3200.0,,
13,013,Pica Pica,Gazza Comune,Eurasian Magpie,264575751,ok,1.5,Foresta – Subtropicale/tropicale secca,suitable,no,breeding,0.0,3200.0,,
13,013,Pica Pica,Gazza Comune,Eurasian Magpie,264575751,ok,6,Zone rocciose,suitable,no,breeding,0.0,3200.0,,
13,013,Pica Pica,Gazza Comune,Eurasian Magpie,264575751,ok,14.5,Aree urbane,suitable,no,breeding,0.0,3200.0,,
13,013,Pica Pica,Gazza Comune,Eurasian Magpie,264575751,ok,4.4,Prateria – Temperata,suitable,no,breeding,0.0,3200.0,,
13,013,Pica Pica,Gazza Comune,Eurasian Magpie,264575751,ok,4.5,Prateria – Subtropicale/tropicale arida,suitable,no,breeding,0.0,3200.0,,
14,014,Bubo Ascalaphus,Gufo Del Deserto,Desert Eagle-Owl,263650483,ok,2.1,Savana - Secca,suitable,no,resident,0.0,2800.0,,
14,014,Bubo Ascalaphus,Gufo Del Deserto,Desert Eagle-Owl,263650483,ok,6,Zone rocciose,suitable,no,resident,0.0,2800.0,,
14,014,Bubo Ascalaphus,Gufo Del Deserto,Desert Eagle-Owl,263650483,ok,3.5,Arbusti – Zona secca subtropicale/tropicale,suitable,no,resident,0.0,2800.0,,
14,014,Bubo Ascalaphus,Gufo Del Deserto,Desert Eagle-Owl,263650483,ok,8.1,Deserto – Caldo,suitable,no,resident,0.0,2800.0,,
14,014,Bubo Ascalaphus,Gufo Del Deserto,Desert Eagle-Owl,263650483,ok,14.5,Aree urbane,suitable,no,resident,0.0,2800.0,,
14,014,Bubo Ascalaphus,Gufo Del Deserto,Desert Eagle-Owl,263650483,ok,5.9,Zone umide (interne) – Sorgenti di acqua dolce e oasi,suitable,no,resident,0.0,2800.0,,
15,015,Dermochelys Coriacea,Liuto,Leatherback Sea Turtle,43526147,ok,12.2,"Coste sabbiose e/o spiagge, banchi di sabbia, lingue di sabbia",suitable,yes,unknown,,,0.0,1300.0
15,015,Dermochelys Coriacea,Liuto,Leatherback Sea Turtle,43526147,ok,10.1,Epipelagico (0–200 m),suitable,yes,unknown,,,0.0,1300.0
15,015,Dermochelys Coriacea,Liuto,Leatherback Sea Turtle,43526147,ok,13.3,Dune sabbiose costiere,suitable,yes,unknown,,,0.0,1300.0
16,016,Ptilocercus Lowii,Toporagno Arboricolo Dalla Coda Piumata,Pen-Tailed Treeshrew,229799507,ok,14.3,Piantagioni,marginal,unknown,unknown,0.0,1200.0,,
16,016,Ptilocercus Lowii,Toporagno Arboricolo Dalla Coda Piumata,Pen-Tailed Treeshrew,229799507,ok,14.4,Orti rurali,marginal,unknown,unknown,0.0,1200.0,,
16,016,Ptilocercus Lowii,Toporagno Arboricolo Dalla Coda Piumata,Pen-Tailed Treeshrew,229799507,ok,1.6,Foresta – Pianura umida subtropicale/tropicale,suitable,unknown,unknown,0.0,1200.0,,
17,017,Varanus Griseus,Varano Del Deserto,Desert Monitor,3110663,ok,3.5,Arbusti – Zona secca subtropicale/tropicale,suitable,unknown,unknown,0.0,1300.0,,
17,017,Varanus Griseus,Varano Del Deserto,Desert Monitor,3110663,ok,14.2,Pascoli,suitable,unknown,unknown,0.0,1300.0,,
17,017,Varanus Griseus,Varano Del Deserto,Desert Monitor,3110663,ok,14.1,Terreno arabile,marginal,unknown,unknown,0.0,1300.0,,
17,017,Varanus Griseus,Varano Del Deserto,Desert Monitor,3110663,ok,14.4,Orti rurali,marginal,unknown,unknown,0.0,1300.0,,
17,017,Varanus Griseus,Varano Del Deserto,Desert Monitor,3110663,ok,14.5,Aree urbane,marginal,unknown,unknown,0.0,1300.0,,
17,017,Varanus Griseus,Varano Del Deserto,Desert Monitor,3110663,ok,8.1,Deserto – Caldo,suitable,unknown,unknown,0.0,1300.0,,
18,018,Heloderma Suspectum,Lucertola Di Gila,Gila Monster,13022716,ok,3.5,Arbusti – Zona secca subtropicale/tropicale,suitable,unknown,unknown,,,,
18,018,Heloderma Suspectum,Lucertola Di Gila,Gila Monster,13022716,ok,3.4,Arbusti – Temperati,suitable,unknown,unknown,,,,
18,018,Heloderma Suspectum,Lucertola Di Gila,Gila Monster,13022716,ok,1.4,Foresta – Temperata,marginal,unknown,unknown,,,,
18,018,Heloderma Suspectum,Lucertola Di Gila,Gila Monster,13022716,ok,8.2,Deserto – Temperato,suitable,unknown,unknown,,,,
18,018,Heloderma Suspectum,Lucertola Di Gila,Gila Monster,13022716,ok,8.1,Deserto – Caldo,suitable,unknown,unknown,,,,
19,019,Sula Sula,Sula Dalle Zampe Rosse,Red-Footed Booby,168988714,ok,10.2,Mesopelagico (200–1.000 m),suitable,yes,breeding,0.0,100.0,,
19,019,Sula Sula,Sula Dalle Zampe Rosse,Red-Footed Booby,168988714,ok,10.1,Epipelagico (0–200 m),suitable,yes,breeding,0.0,100.0,,
19,019,Sula Sula,Sula Dalle Zampe Rosse,Red-Footed Booby,168988714,ok,9.9,Erba marina sommersa,suitable,yes,breeding,0.0,100.0,,
19,019,Sula Sula,Sula Dalle Zampe Rosse,Red-Footed Booby,168988714,ok,9.1,Neritico marino – Pelagico,suitable,yes,breeding,0.0,100.0,,
19,019,Sula Sula,Sula Dalle Zampe Rosse,Red-Footed Booby,168988714,ok,9.2,Neritica marina – Rocce e scogliere rocciose subtidali,suitable,yes,breeding,0.0,100.0,,
19,019,Sula Sula,Sula Dalle Zampe Rosse,Red-Footed Booby,168988714,ok,9.3,Neritico marino – Roccia/ciottoli/ghiaia sciolti subtidali,suitable,yes,breeding,0.0,100.0,,
19,019,Sula Sula,Sula Dalle Zampe Rosse,Red-Footed Booby,168988714,ok,9.4,Neritico marino – Sabbioso subtidale,suitable,yes,breeding,0.0,100.0,,
19,019,Sula Sula,Sula Dalle Zampe Rosse,Red-Footed Booby,168988714,ok,9.5,Neritico marino – Fango sabbioso subtidale,suitable,yes,breeding,0.0,100.0,,
19,019,Sula Sula,Sula Dalle Zampe Rosse,Red-Footed Booby,168988714,ok,9.7,Neritico marino – Macroalghe/alghe,suitable,yes,breeding,0.0,100.0,,
20,020,Apis Mellifera,Ape Mellifera,Western Honey Bee,277757621,ok,14.4,Orti rurali,suitable,no,resident,,,,
20,020,Apis Mellifera,Ape Mellifera,Western Honey Bee,277757621,ok,13.3,Dune sabbiose costiere,suitable,yes,resident,,,,
20,020,Apis Mellifera,Ape Mellifera,Western Honey Bee,277757621,ok,1.4,Foresta – Temperata,suitable,yes,resident,,,,
20,020,Apis Mellifera,Ape Mellifera,Western Honey Bee,277757621,ok,14.1,Terreno arabile,suitable,yes,resident,,,,
20,020,Apis Mellifera,Ape Mellifera,Western Honey Bee,277757621,ok,14.2,Pascoli,suitable,yes,resident,,,,
20,020,Apis Mellifera,Ape Mellifera,Western Honey Bee,277757621,ok,14.3,Piantagioni,suitable,yes,resident,,,,
20,020,Apis Mellifera,Ape Mellifera,Western Honey Bee,277757621,ok,17,Altri,unknown,unknown,resident,,,,
20,020,Apis Mellifera,Ape Mellifera,Western Honey Bee,277757621,ok,3.3,Arbusti – Boreale,suitable,yes,resident,,,,
20,020,Apis Mellifera,Ape Mellifera,Western Honey Bee,277757621,ok,3.4,Arbusti – Temperati,suitable,yes,resident,,,,
20,020,Apis Mellifera,Ape Mellifera,Western Honey Bee,277757621,ok,1.1,Foresta boreale,suitable,yes,resident,,,,
20,020,Apis Mellifera,Ape Mellifera,Western Honey Bee,277757621,ok,3.8,Arbusti – Vegetazione arbustiva di tipo mediterraneo,suitable,yes,resident,,,,
20,020,Apis Mellifera,Ape Mellifera,Western Honey Bee,277757621,ok,4.4,Prateria – Temperata,suitable,yes,resident,,,,
20,020,Apis Mellifera,Ape Mellifera,Western Honey Bee,277757621,ok,14.5,Aree urbane,suitable,yes,resident,,,,
20,020,Apis Mellifera,Ape Mellifera,Western Honey Bee,277757621,ok,5.3,Zone umide (interne) – Zone umide dominate da arbusti,suitable,yes,resident,,,,
21,021,Cerastes Cerastes,Vipera Cornuta Del Sahara,Saharan Horned Viper,2486896,ok,3.5,Arbusti – Zona secca subtropicale/tropicale,suitable,unknown,unknown,0.0,1500.0,,
21,021,Cerastes Cerastes,Vipera Cornuta Del Sahara,Saharan Horned Viper,2486896,ok,6,Zone rocciose,suitable,unknown,unknown,0.0,1500.0,,
21,021,Cerastes Cerastes,Vipera Cornuta Del Sahara,Saharan Horned Viper,2486896,ok,8.1,Deserto – Caldo,suitable,unknown,unknown,0.0,1500.0,,
22,022,Phrynosoma Cornutum,Rospo Cornuto Del Texas,Texas Horned Lizard,12741535,ok,4.4,Prateria – Temperata,suitable,unknown,unknown,,,,
22,022,Phrynosoma Cornutum,Rospo Cornuto Del Texas,Texas Horned Lizard,12741535,ok,8.2,Deserto – Temperato,suitable,unknown,unknown,,,,
22,022,Phrynosoma Cornutum,Rospo Cornuto Del Texas,Texas Horned Lizard,12741535,ok,8.1,Deserto – Caldo,suitable,unknown,unknown,,,,
23,023,Lanius Meridionalis,Averla Meridionale,Iberian Grey Shrike,118845180,ok,1.4,Foresta – Temperata,suitable,no,resident,,1200.0,,
23,023,Lanius Meridionalis,Averla Meridionale,Iberian Grey Shrike,118845180,ok,3.4,Arbusti – Temperati,suitable,no,resident,,1200.0,,
23,023,Lanius Meridionalis,Averla Meridionale,Iberian Grey Shrike,118845180,ok,3.8,Arbusti – Vegetazione arbustiva di tipo mediterraneo,suitable,no,resident,,1200.0,,
23,023,Lanius Meridionalis,Averla Meridionale,Iberian Grey Shrike,118845180,ok,14.1,Terreno arabile,suitable,no,resident,,1200.0,,
23,023,Lanius Meridionalis,Averla Meridionale,Iberian Grey Shrike,118845180,ok,14.2,Pascoli,suitable,no,resident,,1200.0,,
24,024,Vulpes Vulpes,Volpe Rossa,Red Fox,193903628,ok,14.1,Terreno arabile,suitable,yes,resident,0.0,4500.0,,
24,024,Vulpes Vulpes,Volpe Rossa,Red Fox,193903628,ok,14.3,Piantagioni,marginal,unknown,resident,0.0,4500.0,,
24,024,Vulpes Vulpes,Volpe Rossa,Red Fox,193903628,ok,8.2,Deserto – Temperato,suitable,yes,resident,0.0,4500.0,,
24,024,Vulpes Vulpes,Volpe Rossa,Red Fox,193903628,ok,14.2,Pascoli,suitable,yes,resident,0.0,4500.0,,
24,024,Vulpes Vulpes,Volpe Rossa,Red Fox,193903628,ok,14.4,Orti rurali,suitable,yes,resident,0.0,4500.0,,
24,024,Vulpes Vulpes,Volpe Rossa,Red Fox,193903628,ok,14.5,Aree urbane,suitable,no,resident,0.0,4500.0,,
24,024,Vulpes Vulpes,Volpe Rossa,Red Fox,193903628,ok,3.4,Arbusti – Temperati,suitable,yes,resident,0.0,4500.0,,
24,024,Vulpes Vulpes,Volpe Rossa,Red Fox,193903628,ok,4.1,Prateria – Tundra,suitable,yes,resident,0.0,4500.0,,
24,024,Vulpes Vulpes,Volpe Rossa,Red Fox,193903628,ok,4.2,Prateria – Subartico,suitable,yes,resident,0.0,4500.0,,
24,024,Vulpes Vulpes,Volpe Rossa,Red Fox,193903628,ok,4.4,Prateria – Temperata,suitable,yes,resident,0.0,4500.0,,
24,024,Vulpes Vulpes,Volpe Rossa,Red Fox,193903628,ok,5.3,Zone umide (interne) – Zone umide dominate da arbusti,suitable,yes,resident,0.0,4500.0,,
24,024,Vulpes Vulpes,Volpe Rossa,Red Fox,193903628,ok,1.4,Foresta – Temperata,suitable,yes,resident,0.0,4500.0,,
25,025,Ranoidea Caerulea,Raganella Verde Australiana,Australian Green Tree Frog,,assessment_not_found,,,unknown,unknown,unknown,,,,
26,026,Oecophylla Smaragdina,Formica Tessitrice Smeraldina,Weaver Ant,,assessment_not_found,,,unknown,unknown,unknown,,,,
27,027,Hirundo Rustica,Rondine Comune,Barn Swallow,137668645,ok,5.7,Zone umide (interne) – Paludi/stagni d'acqua dolce permanenti (inferiori a 8 ettari),suitable,no,breeding,,3000.0,,
27,027,Hirundo Rustica,Rondine Comune,Barn Swallow,137668645,ok,5.6,Zone umide (interne) – Laghi d'acqua dolce stagionali/intermittenti (oltre 8 ha),suitable,no,breeding,,3000.0,,
27,027,Hirundo Rustica,Rondine Comune,Barn Swallow,137668645,ok,5.5,Zone umide (interne) – Laghi permanenti di acqua dolce (oltre 8 ettari),suitable,no,breeding,,3000.0,,
27,027,Hirundo Rustica,Rondine Comune,Barn Swallow,137668645,ok,5.4,"Zone umide (interne) – Paludi, acquitrini, torbiere",suitable,no,breeding,,3000.0,,
27,027,Hirundo Rustica,Rondine Comune,Barn Swallow,137668645,ok,14.1,Terreno arabile,suitable,no,breeding,,3000.0,,
27,027,Hirundo Rustica,Rondine Comune,Barn Swallow,137668645,ok,14.2,Pascoli,suitable,no,breeding,,3000.0,,
27,027,Hirundo Rustica,Rondine Comune,Barn Swallow,137668645,ok,14.4,Orti rurali,suitable,no,breeding,,3000.0,,
27,027,Hirundo Rustica,Rondine Comune,Barn Swallow,137668645,ok,14.5,Aree urbane,suitable,no,breeding,,3000.0,,
27,027,Hirundo Rustica,Rondine Comune,Barn Swallow,137668645,ok,15.9,Canali e fossi di drenaggio,suitable,no,breeding,,3000.0,,
27,027,Hirundo Rustica,Rondine Comune,Barn Swallow,137668645,ok,2.1,Savana - Secca,suitable,no,breeding,,3000.0,,
27,027,Hirundo Rustica,Rondine Comune,Barn Swallow,137668645,ok,3.5,Arbusti – Zona secca subtropicale/tropicale,suitable,no,breeding,,3000.0,,
27,027,Hirundo Rustica,Rondine Comune,Barn Swallow,137668645,ok,4.4,Prateria – Temperata,suitable,no,breeding,,3000.0,,
27,027,Hirundo Rustica,Rondine Comune,Barn Swallow,137668645,ok,4.5,Prateria – Subtropicale/tropicale arida,suitable,no,breeding,,3000.0,,
27,027,Hirundo Rustica,Rondine Comune,Barn Swallow,137668645,ok,5.1,Zone umide (interne) – Fiumi/torrenti/cascate permanenti,suitable,no,breeding,,3000.0,,
28,028,Gazella Dorcas,Gazzella Di Dorcas,Dorcas Gazelle,50186334,ok,3.5,Arbusti – Zona secca subtropicale/tropicale,marginal,unknown,resident,,,,
28,028,Gazella Dorcas,Gazzella Di Dorcas,Dorcas Gazelle,50186334,ok,4.5,Prateria – Subtropicale/tropicale arida,marginal,unknown,resident,,,,
28,028,Gazella Dorcas,Gazzella Di Dorcas,Dorcas Gazelle,50186334,ok,8.1,Deserto – Caldo,suitable,yes,resident,,,,
29,029,Phyllobates Terribilis,Rana Dorata Velenosa,Golden Poison Frog,85887889,ok,1.6,Foresta – Pianura umida subtropicale/tropicale,suitable,yes,resident,50.0,400.0,,
29,029,Phyllobates Terribilis,Rana Dorata Velenosa,Golden Poison Frog,85887889,ok,5.7,Zone umide (interne) – Paludi/stagni d'acqua dolce permanenti (inferiori a 8 ettari),suitable,yes,resident,50.0,400.0,,
30,030,Turdus Migratorius,Tordo Migratore Americano,American Robin,139392811,ok,1.6,Foresta – Pianura umida subtropicale/tropicale,suitable,no,breeding,1200.0,3500.0,,
30,030,Turdus Migratorius,Tordo Migratore Americano,American Robin,139392811,ok,1.4,Foresta – Temperata,suitable,yes,breeding,1200.0,3500.0,,
30,030,Turdus Migratorius,Tordo Migratore Americano,American Robin,139392811,ok,3.6,Arbusti – Subtropicale/tropicale umido,suitable,no,breeding,1200.0,3500.0,,
30,030,Turdus Migratorius,Tordo Migratore Americano,American Robin,139392811,ok,3.5,Arbusti – Zona secca subtropicale/tropicale,suitable,no,breeding,1200.0,3500.0,,
30,030,Turdus Migratorius,Tordo Migratore Americano,American Robin,139392811,ok,3.4,Arbusti – Temperati,suitable,no,breeding,1200.0,3500.0,,
30,030,Turdus Migratorius,Tordo Migratore Americano,American Robin,139392811,ok,1.9,Foresta – Subtropicale/tropicale umida montana,suitable,no,breeding,1200.0,3500.0,,
30,030,Turdus Migratorius,Tordo Migratore Americano,American Robin,139392811,ok,14.1,Terreno arabile,suitable,no,breeding,1200.0,3500.0,,
30,030,Turdus Migratorius,Tordo Migratore Americano,American Robin,139392811,ok,14.3,Piantagioni,suitable,no,breeding,1200.0,3500.0,,
30,030,Turdus Migratorius,Tordo Migratore Americano,American Robin,139392811,ok,14.4,Orti rurali,suitable,no,breeding,1200.0,3500.0,,
30,030,Turdus Migratorius,Tordo Migratore Americano,American Robin,139392811,ok,14.5,Aree urbane,suitable,no,breeding,1200.0,3500.0,,
30,030,Turdus Migratorius,Tordo Migratore Americano,American Robin,139392811,ok,14.6,Foresta subtropicale/tropicale fortemente degradata,suitable,no,breeding,1200.0,3500.0,,
31,031,Columba Livia,Piccione Selvatico,Rock Dove,281965783,ok,14.1,Terreno arabile,suitable,no,resident,0.0,4500.0,,
31,031,Columba Livia,Piccione Selvatico,Rock Dove,281965783,ok,14.2,Pascoli,suitable,no,resident,0.0,4500.0,,
31,031,Columba Livia,Piccione Selvatico,Rock Dove,281965783,ok,14.6,Foresta subtropicale/tropicale fortemente degradata,suitable,yes,resident,0.0,4500.0,,
31,031,Columba Livia,Piccione Selvatico,Rock Dove,281965783,ok,6,Zone rocciose,suitable,no,resident,0.0,4500.0,,
31,031,Columba Livia,Piccione Selvatico,Rock Dove,281965783,ok,7.1,Grotte e habitat sotterranei (non acquatici) – Grotte,suitable,no,resident,0.0,4500.0,,
32,032,Felis Silvestris,Gatto Selvatico Africano,African Wildcat,224982454,ok,5.4,"Zone umide (interne) – Paludi, acquitrini, torbiere",unknown,unknown,unknown,0.0,2250.0,,
32,032,Felis Silvestris,Gatto Selvatico Africano,African Wildcat,224982454,ok,14.1,Terreno arabile,marginal,unknown,resident,0.0,2250.0,,
32,032,Felis Silvestris,Gatto Selvatico Africano,African Wildcat,224982454,ok,14.2,Pascoli,marginal,unknown,resident,0.0,2250.0,,
32,032,Felis Silvestris,Gatto Selvatico Africano,African Wildcat,224982454,ok,14.3,Piantagioni,marginal,unknown,resident,0.0,2250.0,,
32,032,Felis Silvestris,Gatto Selvatico Africano,African Wildcat,224982454,ok,4.4,Prateria – Temperata,marginal,unknown,resident,0.0,2250.0,,
32,032,Felis Silvestris,Gatto Selvatico Africano,African Wildcat,224982454,ok,6,Zone rocciose,marginal,unknown,passage,0.0,2250.0,,
32,032,Felis Silvestris,Gatto Selvatico Africano,African Wildcat,224982454,ok,3.4,Arbusti – Temperati,suitable,yes,resident,0.0,2250.0,,
32,032,Felis Silvestris,Gatto Selvatico Africano,African Wildcat,224982454,ok,3.8,Arbusti – Vegetazione arbustiva di tipo mediterraneo,suitable,yes,resident,0.0,2250.0,,
32,032,Felis Silvestris,Gatto Selvatico Africano,African Wildcat,224982454,ok,5.3,Zone umide (interne) – Zone umide dominate da arbusti,suitable,no,resident,0.0,2250.0,,
32,032,Felis Silvestris,Gatto Selvatico Africano,African Wildcat,224982454,ok,1.4,Foresta – Temperata,suitable,yes,resident,0.0,2250.0,,
32,032,Felis Silvestris,Gatto Selvatico Africano,African Wildcat,224982454,ok,1.5,Foresta – Subtropicale/tropicale secca,suitable,yes,resident,0.0,2250.0,,
33,033,Proteus Anguinus,Proteo,Olm,227229041,ok,15.10,Carsismo e altri sistemi idrologici sotterranei di origine antropica,suitable,yes,resident,,,,
33,033,Proteus Anguinus,Proteo,Olm,227229041,ok,5.18,Zone umide (interne) – Carsismo e altri sistemi idrologici sotterranei (interni),suitable,yes,resident,,,,
34,034,Sciurus Carolinensis,Scoiattolo Grigio Americano,Eastern Grey Squirrel,276917738,ok,14.3,Piantagioni,suitable,unknown,unknown,,,,
34,034,Sciurus Carolinensis,Scoiattolo Grigio Americano,Eastern Grey Squirrel,276917738,ok,14.4,Orti rurali,suitable,unknown,unknown,,,,
34,034,Sciurus Carolinensis,Scoiattolo Grigio Americano,Eastern Grey Squirrel,276917738,ok,1.4,Foresta – Temperata,suitable,unknown,unknown,,,,
35,035,Erinaceus Europaeus,Riccio Europeo,European Hedgehog,213411773,ok,14.1,Terreno arabile,suitable,yes,resident,0.0,2000.0,,
35,035,Erinaceus Europaeus,Riccio Europeo,European Hedgehog,213411773,ok,14.2,Pascoli,suitable,yes,resident,0.0,2000.0,,
35,035,Erinaceus Europaeus,Riccio Europeo,European Hedgehog,213411773,ok,14.3,Piantagioni,suitable,yes,resident,0.0,2000.0,,
35,035,Erinaceus Europaeus,Riccio Europeo,European Hedgehog,213411773,ok,14.4,Orti rurali,suitable,yes,resident,0.0,2000.0,,
35,035,Erinaceus Europaeus,Riccio Europeo,European Hedgehog,213411773,ok,14.5,Aree urbane,suitable,yes,resident,0.0,2000.0,,
35,035,Erinaceus Europaeus,Riccio Europeo,European Hedgehog,213411773,ok,4.4,Prateria – Temperata,suitable,yes,resident,0.0,2000.0,,
35,035,Erinaceus Europaeus,Riccio Europeo,European Hedgehog,213411773,ok,1.4,Foresta – Temperata,suitable,yes,resident,0.0,2000.0,,
36,036,Hyaena Hyaena,Iena Striata,Striped Hyena,45195080,ok,5.6,Zone umide (interne) – Laghi d'acqua dolce stagionali/intermittenti (oltre 8 ha),marginal,unknown,unknown,0.0,3300.0,,
36,036,Hyaena Hyaena,Iena Striata,Striped Hyena,45195080,ok,2.1,Savana - Secca,suitable,yes,unknown,0.0,3300.0,,
36,036,Hyaena Hyaena,Iena Striata,Striped Hyena,45195080,ok,3.4,Arbusti – Temperati,marginal,unknown,unknown,0.0,3300.0,,
36,036,Hyaena Hyaena,Iena Striata,Striped Hyena,45195080,ok,1.2,Foresta - Subartico,marginal,unknown,unknown,0.0,3300.0,,
36,036,Hyaena Hyaena,Iena Striata,Striped Hyena,45195080,ok,4.7,Prateria – Alta quota subtropicale/tropicale,marginal,unknown,unknown,0.0,3300.0,,
36,036,Hyaena Hyaena,Iena Striata,Striped Hyena,45195080,ok,4.5,Prateria – Subtropicale/tropicale arida,suitable,yes,unknown,0.0,3300.0,,
36,036,Hyaena Hyaena,Iena Striata,Striped Hyena,45195080,ok,3.8,Arbusti – Vegetazione arbustiva di tipo mediterraneo,marginal,unknown,unknown,0.0,3300.0,,
36,036,Hyaena Hyaena,Iena Striata,Striped Hyena,45195080,ok,1.5,Foresta – Subtropicale/tropicale secca,marginal,unknown,unknown,0.0,3300.0,,
36,036,Hyaena Hyaena,Iena Striata,Striped Hyena,45195080,ok,4.2,Prateria – Subartico,marginal,unknown,unknown,0.0,3300.0,,
37,037,Ahaetulla Nasuta,Serpente A Frusta Verde,Green Vine Snake,286750830,ok,1.9,Foresta – Subtropicale/tropicale umida montana,suitable,unknown,resident,10.0,1300.0,,
37,037,Ahaetulla Nasuta,Serpente A Frusta Verde,Green Vine Snake,286750830,ok,14.4,Orti rurali,suitable,unknown,resident,10.0,1300.0,,
37,037,Ahaetulla Nasuta,Serpente A Frusta Verde,Green Vine Snake,286750830,ok,4.5,Prateria – Subtropicale/tropicale arida,suitable,unknown,resident,10.0,1300.0,,
37,037,Ahaetulla Nasuta,Serpente A Frusta Verde,Green Vine Snake,286750830,ok,1.5,Foresta – Subtropicale/tropicale secca,suitable,unknown,resident,10.0,1300.0,,
37,037,Ahaetulla Nasuta,Serpente A Frusta Verde,Green Vine Snake,286750830,ok,1.6,Foresta – Pianura umida subtropicale/tropicale,suitable,unknown,resident,10.0,1300.0,,
37,037,Ahaetulla Nasuta,Serpente A Frusta Verde,Green Vine Snake,286750830,ok,1.7,Foresta – Vegetazione di mangrovie subtropicale/tropicale al di sopra del livello dell'alta marea,suitable,unknown,resident,10.0,1300.0,,
38,038,Procyon Lotor,Procione,Raccoon,45216638,ok,1.6,Foresta – Pianura umida subtropicale/tropicale,suitable,yes,unknown,,,,
38,038,Procyon Lotor,Procione,Raccoon,45216638,ok,14.2,Pascoli,marginal,unknown,unknown,,,,
38,038,Procyon Lotor,Procione,Raccoon,45216638,ok,14.5,Aree urbane,marginal,unknown,unknown,,,,
38,038,Procyon Lotor,Procione,Raccoon,45216638,ok,14.3,Piantagioni,marginal,unknown,unknown,,,,
38,038,Procyon Lotor,Procione,Raccoon,45216638,ok,1.5,Foresta – Subtropicale/tropicale secca,suitable,yes,unknown,,,,
38,038,Procyon Lotor,Procione,Raccoon,45216638,ok,1.8,Foresta – Palude subtropicale/tropicale,suitable,yes,unknown,,,,
38,038,Procyon Lotor,Procione,Raccoon,45216638,ok,1.4,Foresta – Temperata,suitable,yes,unknown,,,,
38,038,Procyon Lotor,Procione,Raccoon,45216638,ok,1.9,Foresta – Subtropicale/tropicale umida montana,marginal,unknown,unknown,,,,
38,038,Procyon Lotor,Procione,Raccoon,45216638,ok,14.4,Orti rurali,marginal,unknown,unknown,,,,
38,038,Procyon Lotor,Procione,Raccoon,45216638,ok,1.7,Foresta – Vegetazione di mangrovie subtropicale/tropicale al di sopra del livello dell'alta marea,suitable,yes,unknown,,,,
39,039,Turdus Merula,Merlo Comune,Common Blackbird,264548442,ok,3.8,Arbusti – Vegetazione arbustiva di tipo mediterraneo,suitable,no,breeding,,2300.0,,
39,039,Turdus Merula,Merlo Comune,Common Blackbird,264548442,ok,14.4,Orti rurali,suitable,no,breeding,,2300.0,,
39,039,Turdus Merula,Merlo Comune,Common Blackbird,264548442,ok,14.1,Terreno arabile,suitable,no,breeding,,2300.0,,
39,039,Turdus Merula,Merlo Comune,Common Blackbird,264548442,ok,1.1,Foresta boreale,suitable,no,breeding,,2300.0,,
39,039,Turdus Merula,Merlo Comune,Common Blackbird,264548442,ok,3.4,Arbusti – Temperati,suitable,no,breeding,,2300.0,,
39,039,Turdus Merula,Merlo Comune,Common Blackbird,264548442,ok,14.5,Aree urbane,suitable,no,breeding,,2300.0,,
39,039,Turdus Merula,Merlo Comune,Common Blackbird,264548442,ok,14.3,Piantagioni,suitable,no,breeding,,2300.0,,
39,039,Turdus Merula,Merlo Comune,Common Blackbird,264548442,ok,4.4,Prateria – Temperata,suitable,no,breeding,,2300.0,,
39,039,Turdus Merula,Merlo Comune,Common Blackbird,264548442,ok,1.4,Foresta – Temperata,suitable,yes,breeding,,2300.0,,
39,039,Turdus Merula,Merlo Comune,Common Blackbird,264548442,ok,1.9,Foresta – Subtropicale/tropicale umida montana,suitable,no,breeding,,2300.0,,
40,040,Ammotragus Lervia,Ammotrage,Aoudad,214430287,ok,2.1,Savana - Secca,suitable,yes,unknown,200.0,4100.0,,
40,040,Ammotragus Lervia,Ammotrage,Aoudad,214430287,ok,3.5,Arbusti – Zona secca subtropicale/tropicale,suitable,yes,unknown,200.0,4100.0,,
40,040,Ammotragus Lervia,Ammotrage,Aoudad,214430287,ok,4.4,Prateria – Temperata,suitable,yes,unknown,200.0,4100.0,,
40,040,Ammotragus Lervia,Ammotrage,Aoudad,214430287,ok,4.5,Prateria – Subtropicale/tropicale arida,suitable,yes,unknown,200.0,4100.0,,
40,040,Ammotragus Lervia,Ammotrage,Aoudad,214430287,ok,6,Zone rocciose,suitable,yes,unknown,200.0,4100.0,,
40,040,Ammotragus Lervia,Ammotrage,Aoudad,214430287,ok,8.1,Deserto – Caldo,suitable,yes,unknown,200.0,4100.0,,
40,040,Ammotragus Lervia,Ammotrage,Aoudad,214430287,ok,8.2,Deserto – Temperato,suitable,yes,unknown,200.0,4100.0,,
41,041,Bitis Gabonica,Vipera Del Gabon,Gaboon Viper,13300904,ok,1.8,Foresta – Palude subtropicale/tropicale,suitable,unknown,resident,0.0,2100.0,,
41,041,Bitis Gabonica,Vipera Del Gabon,Gaboon Viper,13300904,ok,1.6,Foresta – Pianura umida subtropicale/tropicale,suitable,yes,resident,0.0,2100.0,,
41,041,Bitis Gabonica,Vipera Del Gabon,Gaboon Viper,13300904,ok,14.3,Piantagioni,marginal,unknown,resident,0.0,2100.0,,
41,041,Bitis Gabonica,Vipera Del Gabon,Gaboon Viper,13300904,ok,14.2,Pascoli,marginal,unknown,resident,0.0,2100.0,,
41,041,Bitis Gabonica,Vipera Del Gabon,Gaboon Viper,13300904,ok,2.1,Savana - Secca,suitable,unknown,resident,0.0,2100.0,,
41,041,Bitis Gabonica,Vipera Del Gabon,Gaboon Viper,13300904,ok,14.4,Orti rurali,marginal,unknown,resident,0.0,2100.0,,
41,041,Bitis Gabonica,Vipera Del Gabon,Gaboon Viper,13300904,ok,1.5,Foresta – Subtropicale/tropicale secca,suitable,unknown,resident,0.0,2100.0,,
41,041,Bitis Gabonica,Vipera Del Gabon,Gaboon Viper,13300904,ok,3.6,Arbusti – Subtropicale/tropicale umido,suitable,unknown,unknown,0.0,2100.0,,
41,041,Bitis Gabonica,Vipera Del Gabon,Gaboon Viper,13300904,ok,4.5,Prateria – Subtropicale/tropicale arida,suitable,unknown,unknown,0.0,2100.0,,
41,041,Bitis Gabonica,Vipera Del Gabon,Gaboon Viper,13300904,ok,4.6,Prateria – Subtropicale/tropicale stagionalmente umida/allagata,suitable,unknown,unknown,0.0,2100.0,,
41,041,Bitis Gabonica,Vipera Del Gabon,Gaboon Viper,13300904,ok,1.7,Foresta – Vegetazione di mangrovie subtropicale/tropicale al di sopra del livello dell'alta marea,suitable,unknown,unknown,0.0,2100.0,,
42,042,Cyanocitta Cristata,Ghiandaia Blu,Blue Jay,137739324,ok,1.6,Foresta – Pianura umida subtropicale/tropicale,suitable,no,breeding,0.0,3450.0,,
42,042,Cyanocitta Cristata,Ghiandaia Blu,Blue Jay,137739324,ok,1.5,Foresta – Subtropicale/tropicale secca,suitable,yes,breeding,0.0,3450.0,,
42,042,Cyanocitta Cristata,Ghiandaia Blu,Blue Jay,137739324,ok,1.4,Foresta – Temperata,suitable,yes,breeding,0.0,3450.0,,
42,042,Cyanocitta Cristata,Ghiandaia Blu,Blue Jay,137739324,ok,1.1,Foresta boreale,suitable,no,breeding,0.0,3450.0,,
42,042,Cyanocitta Cristata,Ghiandaia Blu,Blue Jay,137739324,ok,14.5,Aree urbane,suitable,no,breeding,0.0,3450.0,,
42,042,Cyanocitta Cristata,Ghiandaia Blu,Blue Jay,137739324,ok,14.4,Orti rurali,suitable,no,breeding,0.0,3450.0,,
43,043,Cicada Orni,Cicala Comune,Ash Cicada,,assessment_not_found,,,unknown,unknown,unknown,,,,
44,044,Paraechinus Aethiopicus,Riccio Del Deserto Arabico,Ethiopian Hedgehog,22326233,ok,2.1,Savana - Secca,marginal,unknown,unknown,,,,
44,044,Paraechinus Aethiopicus,Riccio Del Deserto Arabico,Ethiopian Hedgehog,22326233,ok,4.5,Prateria – Subtropicale/tropicale arida,suitable,unknown,unknown,,,,
44,044,Paraechinus Aethiopicus,Riccio Del Deserto Arabico,Ethiopian Hedgehog,22326233,ok,5.9,Zone umide (interne) – Sorgenti di acqua dolce e oasi,marginal,unknown,unknown,,,,
44,044,Paraechinus Aethiopicus,Riccio Del Deserto Arabico,Ethiopian Hedgehog,22326233,ok,3.5,Arbusti – Zona secca subtropicale/tropicale,suitable,unknown,unknown,,,,
44,044,Paraechinus Aethiopicus,Riccio Del Deserto Arabico,Ethiopian Hedgehog,22326233,ok,8.1,Deserto – Caldo,suitable,unknown,unknown,,,,
45,045,Canis Latrans,Coyote,Coyote,163508579,ok,1.5,Foresta – Subtropicale/tropicale secca,suitable,yes,resident,,,,
45,045,Canis Latrans,Coyote,Coyote,163508579,ok,8.2,Deserto – Temperato,suitable,yes,resident,,,,
45,045,Canis Latrans,Coyote,Coyote,163508579,ok,1.4,Foresta – Temperata,suitable,yes,resident,,,,
45,045,Canis Latrans,Coyote,Coyote,163508579,ok,4.7,Prateria – Alta quota subtropicale/tropicale,suitable,yes,resident,,,,
45,045,Canis Latrans,Coyote,Coyote,163508579,ok,4.5,Prateria – Subtropicale/tropicale arida,suitable,yes,resident,,,,
45,045,Canis Latrans,Coyote,Coyote,163508579,ok,4.4,Prateria – Temperata,suitable,yes,resident,,,,
45,045,Canis Latrans,Coyote,Coyote,163508579,ok,1.1,Foresta boreale,suitable,yes,resident,,,,
45,045,Canis Latrans,Coyote,Coyote,163508579,ok,3.5,Arbusti – Zona secca subtropicale/tropicale,suitable,yes,resident,,,,
45,045,Canis Latrans,Coyote,Coyote,163508579,ok,3.4,Arbusti – Temperati,suitable,yes,resident,,,,
45,045,Canis Latrans,Coyote,Coyote,163508579,ok,14.2,Pascoli,suitable,no,resident,,,,
45,045,Canis Latrans,Coyote,Coyote,163508579,ok,14.1,Terreno arabile,suitable,no,resident,,,,
45,045,Canis Latrans,Coyote,Coyote,163508579,ok,14.5,Aree urbane,suitable,unknown,unknown,,,,
46,046,Sus Scrofa,Cinghiale,Wild Boar,44141833,ok,8.3,Deserto – Freddo,marginal,unknown,unknown,0.0,,,
46,046,Sus Scrofa,Cinghiale,Wild Boar,44141833,ok,5.3,Zone umide (interne) – Zone umide dominate da arbusti,suitable,yes,unknown,0.0,,,
46,046,Sus Scrofa,Cinghiale,Wild Boar,44141833,ok,4.4,Prateria – Temperata,suitable,yes,unknown,0.0,,,
46,046,Sus Scrofa,Cinghiale,Wild Boar,44141833,ok,1.4,Foresta – Temperata,suitable,yes,unknown,0.0,,,
46,046,Sus Scrofa,Cinghiale,Wild Boar,44141833,ok,1.9,Foresta – Subtropicale/tropicale umida montana,suitable,yes,unknown,0.0,,,
46,046,Sus Scrofa,Cinghiale,Wild Boar,44141833,ok,3.7,Arbusti – Zone subtropicali/tropicali di alta quota,suitable,no,unknown,0.0,,,
46,046,Sus Scrofa,Cinghiale,Wild Boar,44141833,ok,1.5,Foresta – Subtropicale/tropicale secca,suitable,yes,unknown,0.0,,,
46,046,Sus Scrofa,Cinghiale,Wild Boar,44141833,ok,14.6,Foresta subtropicale/tropicale fortemente degradata,suitable,yes,unknown,0.0,,,
46,046,Sus Scrofa,Cinghiale,Wild Boar,44141833,ok,1.6,Foresta – Pianura umida subtropicale/tropicale,suitable,yes,unknown,0.0,,,
46,046,Sus Scrofa,Cinghiale,Wild Boar,44141833,ok,2.1,Savana - Secca,suitable,yes,unknown,0.0,,,
46,046,Sus Scrofa,Cinghiale,Wild Boar,44141833,ok,1.7,Foresta – Vegetazione di mangrovie subtropicale/tropicale al di sopra del livello dell'alta marea,suitable,no,unknown,0.0,,,
46,046,Sus Scrofa,Cinghiale,Wild Boar,44141833,ok,2.2,Savana - Umida,suitable,yes,unknown,0.0,,,
46,046,Sus Scrofa,Cinghiale,Wild Boar,44141833,ok,5.4,"Zone umide (interne) – Paludi, acquitrini, torbiere",suitable,yes,unknown,0.0,,,
46,046,Sus Scrofa,Cinghiale,Wild Boar,44141833,ok,1.8,Foresta – Palude subtropicale/tropicale,suitable,no,unknown,0.0,,,
46,046,Sus Scrofa,Cinghiale,Wild Boar,44141833,ok,8.2,Deserto – Temperato,marginal,unknown,unknown,0.0,,,
46,046,Sus Scrofa,Cinghiale,Wild Boar,44141833,ok,4.7,Prateria – Alta quota subtropicale/tropicale,suitable,no,unknown,0.0,,,
46,046,Sus Scrofa,Cinghiale,Wild Boar,44141833,ok,14.1,Terreno arabile,suitable,yes,unknown,0.0,,,
46,046,Sus Scrofa,Cinghiale,Wild Boar,44141833,ok,8.1,Deserto – Caldo,marginal,unknown,unknown,0.0,,,
46,046,Sus Scrofa,Cinghiale,Wild Boar,44141833,ok,3.8,Arbusti – Vegetazione arbustiva di tipo mediterraneo,suitable,yes,unknown,0.0,,,
46,046,Sus Scrofa,Cinghiale,Wild Boar,44141833,ok,15.8,Terreni agricoli soggetti a inondazioni stagionali,suitable,yes,unknown,0.0,,,
46,046,Sus Scrofa,Cinghiale,Wild Boar,44141833,ok,4.5,Prateria – Subtropicale/tropicale arida,suitable,yes,unknown,0.0,,,
46,046,Sus Scrofa,Cinghiale,Wild Boar,44141833,ok,4.6,Prateria – Subtropicale/tropicale stagionalmente umida/allagata,suitable,yes,unknown,0.0,,,
46,046,Sus Scrofa,Cinghiale,Wild Boar,44141833,ok,14.3,Piantagioni,suitable,yes,unknown,0.0,,,
46,046,Sus Scrofa,Cinghiale,Wild Boar,44141833,ok,3.5,Arbusti – Zona secca subtropicale/tropicale,suitable,yes,unknown,0.0,,,
46,046,Sus Scrofa,Cinghiale,Wild Boar,44141833,ok,14.2,Pascoli,suitable,yes,unknown,0.0,,,
46,046,Sus Scrofa,Cinghiale,Wild Boar,44141833,ok,3.4,Arbusti – Temperati,suitable,yes,unknown,0.0,,,
46,046,Sus Scrofa,Cinghiale,Wild Boar,44141833,ok,3.6,Arbusti – Subtropicale/tropicale umido,suitable,no,unknown,0.0,,,
46,046,Sus Scrofa,Cinghiale,Wild Boar,44141833,ok,14.4,Orti rurali,suitable,yes,unknown,0.0,,,
47,047,Chamaeleo Africanus,Camaleonte Africano,African Chameleon,747133,ok,3.8,Arbusti – Vegetazione arbustiva di tipo mediterraneo,suitable,unknown,unknown,,,,
47,047,Chamaeleo Africanus,Camaleonte Africano,African Chameleon,747133,ok,14.1,Terreno arabile,suitable,unknown,unknown,,,,
47,047,Chamaeleo Africanus,Camaleonte Africano,African Chameleon,747133,ok,12.5,Paludi salmastre,suitable,unknown,unknown,,,,
47,047,Chamaeleo Africanus,Camaleonte Africano,African Chameleon,747133,ok,14.4,Orti rurali,suitable,unknown,unknown,,,,
47,047,Chamaeleo Africanus,Camaleonte Africano,African Chameleon,747133,ok,2.1,Savana - Secca,suitable,unknown,unknown,,,,
47,047,Chamaeleo Africanus,Camaleonte Africano,African Chameleon,747133,ok,5.9,Zone umide (interne) – Sorgenti di acqua dolce e oasi,suitable,unknown,unknown,,,,
48,048,Hystrix Cristata,Porcospino Crestato,Crested Porcupine,22232484,ok,3.8,Arbusti – Vegetazione arbustiva di tipo mediterraneo,suitable,unknown,unknown,0.0,2550.0,,
48,048,Hystrix Cristata,Porcospino Crestato,Crested Porcupine,22232484,ok,4.5,Prateria – Subtropicale/tropicale arida,suitable,unknown,unknown,0.0,2550.0,,
48,048,Hystrix Cristata,Porcospino Crestato,Crested Porcupine,22232484,ok,3.5,Arbusti – Zona secca subtropicale/tropicale,suitable,unknown,unknown,0.0,2550.0,,
48,048,Hystrix Cristata,Porcospino Crestato,Crested Porcupine,22232484,ok,14.1,Terreno arabile,suitable,unknown,unknown,0.0,2550.0,,
48,048,Hystrix Cristata,Porcospino Crestato,Crested Porcupine,22232484,ok,1.5,Foresta – Subtropicale/tropicale secca,suitable,unknown,unknown,0.0,2550.0,,
48,048,Hystrix Cristata,Porcospino Crestato,Crested Porcupine,22232484,ok,6,Zone rocciose,suitable,unknown,unknown,0.0,2550.0,,
48,048,Hystrix Cristata,Porcospino Crestato,Crested Porcupine,22232484,ok,14.2,Pascoli,suitable,unknown,unknown,0.0,2550.0,,
48,048,Hystrix Cristata,Porcospino Crestato,Crested Porcupine,22232484,ok,2.1,Savana - Secca,suitable,unknown,unknown,0.0,2550.0,,
49,049,Cathartes Aura,Avvoltoio Dalla Testa Rossa,Turkey Vulture,131941613,ok,1.4,Foresta – Temperata,suitable,no,breeding,,4300.0,,
49,049,Cathartes Aura,Avvoltoio Dalla Testa Rossa,Turkey Vulture,131941613,ok,8.1,Deserto – Caldo,suitable,no,breeding,,4300.0,,
49,049,Cathartes Aura,Avvoltoio Dalla Testa Rossa,Turkey Vulture,131941613,ok,14.6,Foresta subtropicale/tropicale fortemente degradata,suitable,no,breeding,,4300.0,,
49,049,Cathartes Aura,Avvoltoio Dalla Testa Rossa,Turkey Vulture,131941613,ok,1.6,Foresta – Pianura umida subtropicale/tropicale,suitable,no,breeding,,4300.0,,
49,049,Cathartes Aura,Avvoltoio Dalla Testa Rossa,Turkey Vulture,131941613,ok,14.2,Pascoli,suitable,no,breeding,,4300.0,,
49,049,Cathartes Aura,Avvoltoio Dalla Testa Rossa,Turkey Vulture,131941613,ok,4.6,Prateria – Subtropicale/tropicale stagionalmente umida/allagata,suitable,no,breeding,,4300.0,,
49,049,Cathartes Aura,Avvoltoio Dalla Testa Rossa,Turkey Vulture,131941613,ok,1.5,Foresta – Subtropicale/tropicale secca,suitable,no,breeding,,4300.0,,
49,049,Cathartes Aura,Avvoltoio Dalla Testa Rossa,Turkey Vulture,131941613,ok,3.5,Arbusti – Zona secca subtropicale/tropicale,suitable,no,breeding,,4300.0,,
49,049,Cathartes Aura,Avvoltoio Dalla Testa Rossa,Turkey Vulture,131941613,ok,1.9,Foresta – Subtropicale/tropicale umida montana,suitable,no,breeding,,4300.0,,
50,050,Ardea Cinerea,Airone Cenerino,Grey Heron,154525233,ok,12.5,Paludi salmastre,suitable,no,breeding,,4000.0,,
50,050,Ardea Cinerea,Airone Cenerino,Grey Heron,154525233,ok,12.4,Coste fangose e piane fangose intertidali,suitable,no,breeding,,4000.0,,
50,050,Ardea Cinerea,Airone Cenerino,Grey Heron,154525233,ok,1.7,Foresta – Vegetazione di mangrovie subtropicale/tropicale al di sopra del livello dell'alta marea,suitable,no,breeding,,4000.0,,
50,050,Ardea Cinerea,Airone Cenerino,Grey Heron,154525233,ok,9.10,Estuari,suitable,no,breeding,,4000.0,,
50,050,Ardea Cinerea,Airone Cenerino,Grey Heron,154525233,ok,5.17,"Zone umide (interne) – Paludi/pozze saline, salmastre o alcaline stagionali/intermittenti",suitable,no,breeding,,4000.0,,
50,050,Ardea Cinerea,Airone Cenerino,Grey Heron,154525233,ok,5.16,"Zone umide (interne) – Paludi/stagni permanenti salini, salmastri o alcalini",suitable,no,breeding,,4000.0,,
50,050,Ardea Cinerea,Airone Cenerino,Grey Heron,154525233,ok,5.15,"Zone umide (interne) – Laghi e piane salmastre, saline o alcaline stagionali/intermittenti",suitable,no,breeding,,4000.0,,
50,050,Ardea Cinerea,Airone Cenerino,Grey Heron,154525233,ok,5.14,"Zone umide (interne) – Laghi permanenti salini, salmastri o alcalini",suitable,no,breeding,,4000.0,,
50,050,Ardea Cinerea,Airone Cenerino,Grey Heron,154525233,ok,5.13,Zone umide (interne) – Delta interni permanenti,suitable,no,breeding,,4000.0,,
50,050,Ardea Cinerea,Airone Cenerino,Grey Heron,154525233,ok,5.8,Zone umide (interne) – Paludi/stagni d'acqua dolce stagionali/intermittenti (inferiori a 8 ettari),suitable,no,breeding,,4000.0,,
50,050,Ardea Cinerea,Airone Cenerino,Grey Heron,154525233,ok,15.9,Canali e fossi di drenaggio,suitable,no,breeding,,4000.0,,
50,050,Ardea Cinerea,Airone Cenerino,Grey Heron,154525233,ok,15.7,"Terreni irrigati, compresi i canali di irrigazione",suitable,no,breeding,,4000.0,,
50,050,Ardea Cinerea,Airone Cenerino,Grey Heron,154525233,ok,15.6,Aree di trattamento delle acque reflue,suitable,no,breeding,,4000.0,,
50,050,Ardea Cinerea,Airone Cenerino,Grey Heron,154525233,ok,15.3,Stagni per l'acquacoltura,suitable,no,breeding,,4000.0,,
50,050,Ardea Cinerea,Airone Cenerino,Grey Heron,154525233,ok,15.2,Stagni sotto gli 8 ettari,suitable,no,breeding,,4000.0,,
50,050,Ardea Cinerea,Airone Cenerino,Grey Heron,154525233,ok,15.1,Aree di stoccaggio dell'acqua oltre 8 ettari,suitable,no,breeding,,4000.0,,
50,050,Ardea Cinerea,Airone Cenerino,Grey Heron,154525233,ok,4.6,Prateria – Subtropicale/tropicale stagionalmente umida/allagata,suitable,no,breeding,,4000.0,,
50,050,Ardea Cinerea,Airone Cenerino,Grey Heron,154525233,ok,5.1,Zone umide (interne) – Fiumi/torrenti/cascate permanenti,suitable,no,breeding,,4000.0,,
50,050,Ardea Cinerea,Airone Cenerino,Grey Heron,154525233,ok,5.4,"Zone umide (interne) – Paludi, acquitrini, torbiere",suitable,no,breeding,,4000.0,,
50,050,Ardea Cinerea,Airone Cenerino,Grey Heron,154525233,ok,5.5,Zone umide (interne) – Laghi permanenti di acqua dolce (oltre 8 ettari),suitable,no,breeding,,4000.0,,
50,050,Ardea Cinerea,Airone Cenerino,Grey Heron,154525233,ok,5.6,Zone umide (interne) – Laghi d'acqua dolce stagionali/intermittenti (oltre 8 ha),suitable,no,breeding,,4000.0,,
50,050,Ardea Cinerea,Airone Cenerino,Grey Heron,154525233,ok,5.7,Zone umide (interne) – Paludi/stagni d'acqua dolce permanenti (inferiori a 8 ettari),suitable,no,breeding,,4000.0,,
51,051,Corvus Ruficollis,Corvo Dal Collo Rossiccio,Brown-Necked Raven,263853665,ok,14.5,Aree urbane,suitable,no,resident,,3700.0,,
51,051,Corvus Ruficollis,Corvo Dal Collo Rossiccio,Brown-Necked Raven,263853665,ok,5.9,Zone umide (interne) – Sorgenti di acqua dolce e oasi,suitable,no,resident,,3700.0,,
51,051,Corvus Ruficollis,Corvo Dal Collo Rossiccio,Brown-Necked Raven,263853665,ok,6,Zone rocciose,suitable,no,resident,,3700.0,,
51,051,Corvus Ruficollis,Corvo Dal Collo Rossiccio,Brown-Necked Raven,263853665,ok,2.1,Savana - Secca,suitable,no,resident,,3700.0,,
51,051,Corvus Ruficollis,Corvo Dal Collo Rossiccio,Brown-Necked Raven,263853665,ok,14.1,Terreno arabile,suitable,no,resident,,3700.0,,
51,051,Corvus Ruficollis,Corvo Dal Collo Rossiccio,Brown-Necked Raven,263853665,ok,3.5,Arbusti – Zona secca subtropicale/tropicale,suitable,yes,resident,,3700.0,,
51,051,Corvus Ruficollis,Corvo Dal Collo Rossiccio,Brown-Necked Raven,263853665,ok,8.1,Deserto – Caldo,suitable,no,resident,,3700.0,,
52,052,Numida Meleagris,Faraona Comune,Helmeted Guineafowl,132052202,ok,4.5,Prateria – Subtropicale/tropicale arida,suitable,no,resident,,3000.0,,
52,052,Numida Meleagris,Faraona Comune,Helmeted Guineafowl,132052202,ok,14.1,Terreno arabile,suitable,no,resident,,3000.0,,
52,052,Numida Meleagris,Faraona Comune,Helmeted Guineafowl,132052202,ok,8.1,Deserto – Caldo,suitable,no,resident,,3000.0,,
52,052,Numida Meleagris,Faraona Comune,Helmeted Guineafowl,132052202,ok,4.4,Prateria – Temperata,suitable,no,resident,,3000.0,,
52,052,Numida Meleagris,Faraona Comune,Helmeted Guineafowl,132052202,ok,1.5,Foresta – Subtropicale/tropicale secca,suitable,no,resident,,3000.0,,
52,052,Numida Meleagris,Faraona Comune,Helmeted Guineafowl,132052202,ok,3.5,Arbusti – Zona secca subtropicale/tropicale,suitable,no,resident,,3000.0,,
52,052,Numida Meleagris,Faraona Comune,Helmeted Guineafowl,132052202,ok,2.1,Savana - Secca,suitable,no,resident,,3000.0,,
53,053,Pieris Brassicae,Cavolaia Maggiore,Large White Butterfly,211399745,ok,4.4,Prateria – Temperata,suitable,no,resident,0.0,900.0,,
53,053,Pieris Brassicae,Cavolaia Maggiore,Large White Butterfly,211399745,ok,14.4,Orti rurali,suitable,yes,resident,0.0,900.0,,
53,053,Pieris Brassicae,Cavolaia Maggiore,Large White Butterfly,211399745,ok,14.5,Aree urbane,suitable,yes,resident,0.0,900.0,,
53,053,Pieris Brassicae,Cavolaia Maggiore,Large White Butterfly,211399745,ok,14.1,Terreno arabile,suitable,no,resident,0.0,900.0,,
53,053,Pieris Brassicae,Cavolaia Maggiore,Large White Butterfly,211399745,ok,14.2,Pascoli,suitable,no,resident,0.0,900.0,,
53,053,Pieris Brassicae,Cavolaia Maggiore,Large White Butterfly,211399745,ok,14.3,Piantagioni,suitable,no,resident,0.0,900.0,,
54,054,Atelerix Algirus,Riccio Algerino,North African Hedgehog,22324424,ok,4.4,Prateria – Temperata,suitable,unknown,unknown,0.0,900.0,,
54,054,Atelerix Algirus,Riccio Algerino,North African Hedgehog,22324424,ok,3.8,Arbusti – Vegetazione arbustiva di tipo mediterraneo,suitable,unknown,unknown,0.0,900.0,,
54,054,Atelerix Algirus,Riccio Algerino,North African Hedgehog,22324424,ok,14.4,Orti rurali,suitable,unknown,unknown,0.0,900.0,,
54,054,Atelerix Algirus,Riccio Algerino,North African Hedgehog,22324424,ok,14.2,Pascoli,suitable,unknown,unknown,0.0,900.0,,
54,054,Atelerix Algirus,Riccio Algerino,North African Hedgehog,22324424,ok,14.1,Terreno arabile,suitable,unknown,unknown,0.0,900.0,,
54,054,Atelerix Algirus,Riccio Algerino,North African Hedgehog,22324424,ok,1.1,Foresta boreale,suitable,unknown,unknown,0.0,900.0,,
55,055,Polyplectron Bicalcaratum,Fagiano Dai Due Speroni,Grey Peacock-Pheasant,263601893,ok,1.6,Foresta – Pianura umida subtropicale/tropicale,suitable,no,resident,0.0,2000.0,,
55,055,Polyplectron Bicalcaratum,Fagiano Dai Due Speroni,Grey Peacock-Pheasant,263601893,ok,1.9,Foresta – Subtropicale/tropicale umida montana,suitable,no,resident,0.0,2000.0,,
56,056,Bufo Bufo,Rospo Comune,Common Toad,78902726,ok,1.4,Foresta – Temperata,suitable,unknown,resident,0.0,3000.0,,
56,056,Bufo Bufo,Rospo Comune,Common Toad,78902726,ok,3.5,Arbusti – Zona secca subtropicale/tropicale,suitable,unknown,resident,0.0,3000.0,,
56,056,Bufo Bufo,Rospo Comune,Common Toad,78902726,ok,3.4,Arbusti – Temperati,suitable,unknown,resident,0.0,3000.0,,
56,056,Bufo Bufo,Rospo Comune,Common Toad,78902726,ok,3.1,Arbusti – Subartico,marginal,unknown,resident,0.0,3000.0,,
56,056,Bufo Bufo,Rospo Comune,Common Toad,78902726,ok,15.9,Canali e fossi di drenaggio,suitable,unknown,resident,0.0,3000.0,,
56,056,Bufo Bufo,Rospo Comune,Common Toad,78902726,ok,15.7,"Terreni irrigati, compresi i canali di irrigazione",suitable,unknown,resident,0.0,3000.0,,
56,056,Bufo Bufo,Rospo Comune,Common Toad,78902726,ok,15.5,Scavi a cielo aperto,suitable,unknown,resident,0.0,3000.0,,
56,056,Bufo Bufo,Rospo Comune,Common Toad,78902726,ok,15.2,Stagni sotto gli 8 ettari,suitable,unknown,resident,0.0,3000.0,,
56,056,Bufo Bufo,Rospo Comune,Common Toad,78902726,ok,15.1,Aree di stoccaggio dell'acqua oltre 8 ettari,marginal,unknown,resident,0.0,3000.0,,
56,056,Bufo Bufo,Rospo Comune,Common Toad,78902726,ok,14.5,Aree urbane,marginal,unknown,resident,0.0,3000.0,,
56,056,Bufo Bufo,Rospo Comune,Common Toad,78902726,ok,14.4,Orti rurali,suitable,unknown,resident,0.0,3000.0,,
56,056,Bufo Bufo,Rospo Comune,Common Toad,78902726,ok,14.3,Piantagioni,marginal,unknown,resident,0.0,3000.0,,
56,056,Bufo Bufo,Rospo Comune,Common Toad,78902726,ok,14.2,Pascoli,suitable,unknown,resident,0.0,3000.0,,
56,056,Bufo Bufo,Rospo Comune,Common Toad,78902726,ok,14.1,Terreno arabile,marginal,unknown,resident,0.0,3000.0,,
56,056,Bufo Bufo,Rospo Comune,Common Toad,78902726,ok,1.1,Foresta boreale,suitable,unknown,resident,0.0,3000.0,,
56,056,Bufo Bufo,Rospo Comune,Common Toad,78902726,ok,3.8,Arbusti – Vegetazione arbustiva di tipo mediterraneo,suitable,unknown,resident,0.0,3000.0,,
56,056,Bufo Bufo,Rospo Comune,Common Toad,78902726,ok,4.4,Prateria – Temperata,suitable,unknown,resident,0.0,3000.0,,
56,056,Bufo Bufo,Rospo Comune,Common Toad,78902726,ok,4.5,Prateria – Subtropicale/tropicale arida,suitable,unknown,resident,0.0,3000.0,,
56,056,Bufo Bufo,Rospo Comune,Common Toad,78902726,ok,1.2,Foresta - Subartico,suitable,unknown,resident,0.0,3000.0,,
56,056,Bufo Bufo,Rospo Comune,Common Toad,78902726,ok,5.1,Zone umide (interne) – Fiumi/torrenti/cascate permanenti,suitable,unknown,resident,0.0,3000.0,,
56,056,Bufo Bufo,Rospo Comune,Common Toad,78902726,ok,5.4,"Zone umide (interne) – Paludi, acquitrini, torbiere",suitable,unknown,resident,0.0,3000.0,,
56,056,Bufo Bufo,Rospo Comune,Common Toad,78902726,ok,5.5,Zone umide (interne) – Laghi permanenti di acqua dolce (oltre 8 ettari),suitable,unknown,resident,0.0,3000.0,,
56,056,Bufo Bufo,Rospo Comune,Common Toad,78902726,ok,5.6,Zone umide (interne) – Laghi d'acqua dolce stagionali/intermittenti (oltre 8 ha),suitable,unknown,resident,0.0,3000.0,,
56,056,Bufo Bufo,Rospo Comune,Common Toad,78902726,ok,5.7,Zone umide (interne) – Paludi/stagni d'acqua dolce permanenti (inferiori a 8 ettari),suitable,unknown,resident,0.0,3000.0,,
56,056,Bufo Bufo,Rospo Comune,Common Toad,78902726,ok,5.8,Zone umide (interne) – Paludi/stagni d'acqua dolce stagionali/intermittenti (inferiori a 8 ettari),suitable,unknown,resident,0.0,3000.0,,
56,056,Bufo Bufo,Rospo Comune,Common Toad,78902726,ok,5.9,Zone umide (interne) – Sorgenti di acqua dolce e oasi,suitable,unknown,resident,0.0,3000.0,,
57,057,Ctenodactylus Gundi,Gundi,Gundi,22191625,ok,3.5,Arbusti – Zona secca subtropicale/tropicale,suitable,unknown,unknown,230.0,2900.0,,
57,057,Ctenodactylus Gundi,Gundi,Gundi,22191625,ok,6,Zone rocciose,suitable,unknown,unknown,230.0,2900.0,,
58,058,Lophura Diardi,Fagiano Di Diard,Siamese Fireback,274693356,ok,1.6,Foresta – Pianura umida subtropicale/tropicale,suitable,yes,resident,0.0,800.0,,
58,058,Lophura Diardi,Fagiano Di Diard,Siamese Fireback,274693356,ok,14.3,Piantagioni,marginal,unknown,resident,0.0,800.0,,
58,058,Lophura Diardi,Fagiano Di Diard,Siamese Fireback,274693356,ok,14.6,Foresta subtropicale/tropicale fortemente degradata,suitable,no,resident,0.0,800.0,,
59,059,Pterocles Exustus,Grancolino Del Senegal,Chestnut-Bellied Sandgrouse,132063215,ok,8.1,Deserto – Caldo,suitable,no,resident,,1500.0,,
59,059,Pterocles Exustus,Grancolino Del Senegal,Chestnut-Bellied Sandgrouse,132063215,ok,3.8,Arbusti – Vegetazione arbustiva di tipo mediterraneo,suitable,no,resident,,1500.0,,
59,059,Pterocles Exustus,Grancolino Del Senegal,Chestnut-Bellied Sandgrouse,132063215,ok,4.5,Prateria – Subtropicale/tropicale arida,suitable,no,resident,,1500.0,,
59,059,Pterocles Exustus,Grancolino Del Senegal,Chestnut-Bellied Sandgrouse,132063215,ok,14.1,Terreno arabile,suitable,no,resident,,1500.0,,
59,059,Pterocles Exustus,Grancolino Del Senegal,Chestnut-Bellied Sandgrouse,132063215,ok,3.5,Arbusti – Zona secca subtropicale/tropicale,suitable,no,resident,,1500.0,,
60,060,Lanius Collurio,Averla Piccola,Red-Backed Shrike,264579697,ok,1.4,Foresta – Temperata,suitable,no,breeding,,3200.0,,
60,060,Lanius Collurio,Averla Piccola,Red-Backed Shrike,264579697,ok,14.1,Terreno arabile,suitable,no,breeding,,3200.0,,
60,060,Lanius Collurio,Averla Piccola,Red-Backed Shrike,264579697,ok,1.1,Foresta boreale,suitable,no,breeding,,3200.0,,
60,060,Lanius Collurio,Averla Piccola,Red-Backed Shrike,264579697,ok,3.4,Arbusti – Temperati,suitable,no,breeding,,3200.0,,
60,060,Lanius Collurio,Averla Piccola,Red-Backed Shrike,264579697,ok,2.1,Savana - Secca,suitable,yes,breeding,,3200.0,,
60,060,Lanius Collurio,Averla Piccola,Red-Backed Shrike,264579697,ok,14.5,Aree urbane,suitable,no,breeding,,3200.0,,
60,060,Lanius Collurio,Averla Piccola,Red-Backed Shrike,264579697,ok,5.4,"Zone umide (interne) – Paludi, acquitrini, torbiere",suitable,no,breeding,,3200.0,,
60,060,Lanius Collurio,Averla Piccola,Red-Backed Shrike,264579697,ok,4.7,Prateria – Alta quota subtropicale/tropicale,suitable,no,breeding,,3200.0,,
60,060,Lanius Collurio,Averla Piccola,Red-Backed Shrike,264579697,ok,14.3,Piantagioni,suitable,no,breeding,,3200.0,,
60,060,Lanius Collurio,Averla Piccola,Red-Backed Shrike,264579697,ok,4.4,Prateria – Temperata,suitable,no,breeding,,3200.0,,
60,060,Lanius Collurio,Averla Piccola,Red-Backed Shrike,264579697,ok,14.4,Orti rurali,suitable,no,breeding,,3200.0,,
60,060,Lanius Collurio,Averla Piccola,Red-Backed Shrike,264579697,ok,14.2,Pascoli,suitable,no,breeding,,3200.0,,
60,060,Lanius Collurio,Averla Piccola,Red-Backed Shrike,264579697,ok,3.8,Arbusti – Vegetazione arbustiva di tipo mediterraneo,suitable,no,breeding,,3200.0,,
61,061,Sturnus Vulgaris,Storno Comune,Common Starling,137493608,ok,12.5,Paludi salmastre,suitable,no,breeding,,2000.0,,
61,061,Sturnus Vulgaris,Storno Comune,Common Starling,137493608,ok,1.4,Foresta – Temperata,suitable,no,breeding,,2000.0,,
61,061,Sturnus Vulgaris,Storno Comune,Common Starling,137493608,ok,4.4,Prateria – Temperata,suitable,no,breeding,,2000.0,,
61,061,Sturnus Vulgaris,Storno Comune,Common Starling,137493608,ok,3.4,Arbusti – Temperati,suitable,no,breeding,,2000.0,,
61,061,Sturnus Vulgaris,Storno Comune,Common Starling,137493608,ok,14.1,Terreno arabile,suitable,no,breeding,,2000.0,,
61,061,Sturnus Vulgaris,Storno Comune,Common Starling,137493608,ok,14.2,Pascoli,suitable,no,breeding,,2000.0,,
61,061,Sturnus Vulgaris,Storno Comune,Common Starling,137493608,ok,14.3,Piantagioni,suitable,no,breeding,,2000.0,,
61,061,Sturnus Vulgaris,Storno Comune,Common Starling,137493608,ok,14.5,Aree urbane,suitable,no,breeding,,2000.0,,
61,061,Sturnus Vulgaris,Storno Comune,Common Starling,137493608,ok,14.6,Foresta subtropicale/tropicale fortemente degradata,suitable,no,breeding,,2000.0,,
61,061,Sturnus Vulgaris,Storno Comune,Common Starling,137493608,ok,15.6,Aree di trattamento delle acque reflue,suitable,no,breeding,,2000.0,,
62,062,Scorpio Maurus,Scorpione Maurus,Large-Clawed Scorpion,,assessment_not_found,,,unknown,unknown,unknown,,,,
63,063,Sitta Europaea,Picchio Muratore Europeo,Eurasian Nuthatch,132199203,ok,1.4,Foresta – Temperata,suitable,yes,resident,300.0,2400.0,,
63,063,Sitta Europaea,Picchio Muratore Europeo,Eurasian Nuthatch,132199203,ok,1.1,Foresta boreale,suitable,yes,resident,300.0,2400.0,,
64,064,Meles Meles,Tasso,European Badger,45203002,ok,4.5,Prateria – Subtropicale/tropicale arida,suitable,unknown,unknown,0.0,3300.0,,
64,064,Meles Meles,Tasso,European Badger,45203002,ok,1.4,Foresta – Temperata,suitable,unknown,unknown,0.0,3300.0,,
64,064,Meles Meles,Tasso,European Badger,45203002,ok,14.4,Orti rurali,suitable,unknown,unknown,0.0,3300.0,,
64,064,Meles Meles,Tasso,European Badger,45203002,ok,14.2,Pascoli,suitable,unknown,unknown,0.0,3300.0,,
64,064,Meles Meles,Tasso,European Badger,45203002,ok,1.1,Foresta boreale,suitable,unknown,unknown,0.0,3300.0,,
64,064,Meles Meles,Tasso,European Badger,45203002,ok,8.3,Deserto – Freddo,suitable,unknown,unknown,0.0,3300.0,,
64,064,Meles Meles,Tasso,European Badger,45203002,ok,4.4,Prateria – Temperata,suitable,unknown,unknown,0.0,3300.0,,
64,064,Meles Meles,Tasso,European Badger,45203002,ok,3.4,Arbusti – Temperati,suitable,unknown,unknown,0.0,3300.0,,
64,064,Meles Meles,Tasso,European Badger,45203002,ok,14.5,Aree urbane,suitable,unknown,unknown,0.0,3300.0,,
64,064,Meles Meles,Tasso,European Badger,45203002,ok,3.3,Arbusti – Boreale,suitable,unknown,unknown,0.0,3300.0,,
65,065,Torgos Tracheliotos,Avvoltoio Orecchiuto,Lappet-Faced Vulture,205352949,ok,1.9,Foresta – Subtropicale/tropicale umida montana,suitable,no,resident,0.0,3500.0,,
65,065,Torgos Tracheliotos,Avvoltoio Orecchiuto,Lappet-Faced Vulture,205352949,ok,2.1,Savana - Secca,suitable,yes,resident,0.0,3500.0,,
65,065,Torgos Tracheliotos,Avvoltoio Orecchiuto,Lappet-Faced Vulture,205352949,ok,3.5,Arbusti – Zona secca subtropicale/tropicale,suitable,no,resident,0.0,3500.0,,
65,065,Torgos Tracheliotos,Avvoltoio Orecchiuto,Lappet-Faced Vulture,205352949,ok,4.5,Prateria – Subtropicale/tropicale arida,suitable,yes,resident,0.0,3500.0,,
65,065,Torgos Tracheliotos,Avvoltoio Orecchiuto,Lappet-Faced Vulture,205352949,ok,8.1,Deserto – Caldo,suitable,no,resident,0.0,3500.0,,
66,066,Upupa Epops,Upupa,Hoopoe,181836360,ok,14.2,Pascoli,suitable,no,breeding,,3650.0,,
66,066,Upupa Epops,Upupa,Hoopoe,181836360,ok,14.3,Piantagioni,suitable,no,breeding,,3650.0,,
66,066,Upupa Epops,Upupa,Hoopoe,181836360,ok,4.5,Prateria – Subtropicale/tropicale arida,suitable,no,breeding,,3650.0,,
66,066,Upupa Epops,Upupa,Hoopoe,181836360,ok,14.4,Orti rurali,suitable,no,breeding,,3650.0,,
66,066,Upupa Epops,Upupa,Hoopoe,181836360,ok,14.5,Aree urbane,suitable,no,breeding,,3650.0,,
66,066,Upupa Epops,Upupa,Hoopoe,181836360,ok,2.1,Savana - Secca,suitable,yes,breeding,,3650.0,,
66,066,Upupa Epops,Upupa,Hoopoe,181836360,ok,4.4,Prateria – Temperata,suitable,no,breeding,,3650.0,,
67,067,Papilio Machaon,Macaone,Swallowtail Butterfly,211382700,ok,14.4,Orti rurali,suitable,no,resident,0.0,1500.0,,
67,067,Papilio Machaon,Macaone,Swallowtail Butterfly,211382700,ok,4.4,Prateria – Temperata,suitable,yes,resident,0.0,1500.0,,
67,067,Papilio Machaon,Macaone,Swallowtail Butterfly,211382700,ok,14.5,Aree urbane,suitable,no,resident,0.0,1500.0,,
67,067,Papilio Machaon,Macaone,Swallowtail Butterfly,211382700,ok,14.1,Terreno arabile,suitable,no,resident,0.0,1500.0,,
67,067,Papilio Machaon,Macaone,Swallowtail Butterfly,211382700,ok,14.2,Pascoli,suitable,no,resident,0.0,1500.0,,
67,067,Papilio Machaon,Macaone,Swallowtail Butterfly,211382700,ok,14.3,Piantagioni,suitable,no,resident,0.0,1500.0,,
67,067,Papilio Machaon,Macaone,Swallowtail Butterfly,211382700,ok,5.4,"Zone umide (interne) – Paludi, acquitrini, torbiere",suitable,no,resident,0.0,1500.0,,
68,068,Loxodonta Africana,Elefante Africano Di Savana,African Bush Elephant,223031019,ok,2.1,Savana - Secca,suitable,yes,unknown,0.0,2500.0,,
68,068,Loxodonta Africana,Elefante Africano Di Savana,African Bush Elephant,223031019,ok,5.3,Zone umide (interne) – Zone umide dominate da arbusti,marginal,unknown,unknown,0.0,2500.0,,
68,068,Loxodonta Africana,Elefante Africano Di Savana,African Bush Elephant,223031019,ok,1.6,Foresta – Pianura umida subtropicale/tropicale,suitable,no,unknown,0.0,2500.0,,
68,068,Loxodonta Africana,Elefante Africano Di Savana,African Bush Elephant,223031019,ok,1.9,Foresta – Subtropicale/tropicale umida montana,suitable,no,unknown,0.0,2500.0,,
68,068,Loxodonta Africana,Elefante Africano Di Savana,African Bush Elephant,223031019,ok,2.2,Savana - Umida,suitable,yes,unknown,0.0,2500.0,,
68,068,Loxodonta Africana,Elefante Africano Di Savana,African Bush Elephant,223031019,ok,3.5,Arbusti – Zona secca subtropicale/tropicale,suitable,yes,unknown,0.0,2500.0,,
68,068,Loxodonta Africana,Elefante Africano Di Savana,African Bush Elephant,223031019,ok,1.5,Foresta – Subtropicale/tropicale secca,suitable,yes,unknown,0.0,2500.0,,
68,068,Loxodonta Africana,Elefante Africano Di Savana,African Bush Elephant,223031019,ok,8.1,Deserto – Caldo,suitable,yes,unknown,0.0,2500.0,,
68,068,Loxodonta Africana,Elefante Africano Di Savana,African Bush Elephant,223031019,ok,3.6,Arbusti – Subtropicale/tropicale umido,suitable,yes,unknown,0.0,2500.0,,
68,068,Loxodonta Africana,Elefante Africano Di Savana,African Bush Elephant,223031019,ok,8.3,Deserto – Freddo,suitable,yes,unknown,0.0,2500.0,,
68,068,Loxodonta Africana,Elefante Africano Di Savana,African Bush Elephant,223031019,ok,4.5,Prateria – Subtropicale/tropicale arida,suitable,yes,unknown,0.0,2500.0,,
68,068,Loxodonta Africana,Elefante Africano Di Savana,African Bush Elephant,223031019,ok,4.6,Prateria – Subtropicale/tropicale stagionalmente umida/allagata,suitable,yes,unknown,0.0,2500.0,,
68,068,Loxodonta Africana,Elefante Africano Di Savana,African Bush Elephant,223031019,ok,5.1,Zone umide (interne) – Fiumi/torrenti/cascate permanenti,suitable,yes,unknown,0.0,2500.0,,
68,068,Loxodonta Africana,Elefante Africano Di Savana,African Bush Elephant,223031019,ok,5.2,Zone umide (interne) – Fiumi/torrenti/canali stagionali/intermittenti/irregolari,suitable,yes,unknown,0.0,2500.0,,
68,068,Loxodonta Africana,Elefante Africano Di Savana,African Bush Elephant,223031019,ok,1.7,Foresta – Vegetazione di mangrovie subtropicale/tropicale al di sopra del livello dell'alta marea,suitable,no,unknown,0.0,2500.0,,
68,068,Loxodonta Africana,Elefante Africano Di Savana,African Bush Elephant,223031019,ok,1.8,Foresta – Palude subtropicale/tropicale,suitable,no,unknown,0.0,2500.0,,
68,068,Loxodonta Africana,Elefante Africano Di Savana,African Bush Elephant,223031019,ok,5.13,Zone umide (interne) – Delta interni permanenti,suitable,no,unknown,0.0,2500.0,,
69,069,Alcedo Atthis,Martin Pescatore,Common Kingfisher,264589271,ok,9.10,Estuari,suitable,no,breeding,0.0,3100.0,,
69,069,Alcedo Atthis,Martin Pescatore,Common Kingfisher,264589271,ok,5.5,Zone umide (interne) – Laghi permanenti di acqua dolce (oltre 8 ettari),suitable,yes,breeding,0.0,3100.0,,
69,069,Alcedo Atthis,Martin Pescatore,Common Kingfisher,264589271,ok,1.7,Foresta – Vegetazione di mangrovie subtropicale/tropicale al di sopra del livello dell'alta marea,suitable,no,breeding,0.0,3100.0,,
69,069,Alcedo Atthis,Martin Pescatore,Common Kingfisher,264589271,ok,4.6,Prateria – Subtropicale/tropicale stagionalmente umida/allagata,suitable,no,breeding,0.0,3100.0,,
69,069,Alcedo Atthis,Martin Pescatore,Common Kingfisher,264589271,ok,15.2,Stagni sotto gli 8 ettari,suitable,no,breeding,0.0,3100.0,,
69,069,Alcedo Atthis,Martin Pescatore,Common Kingfisher,264589271,ok,5.1,Zone umide (interne) – Fiumi/torrenti/cascate permanenti,suitable,yes,breeding,0.0,3100.0,,
69,069,Alcedo Atthis,Martin Pescatore,Common Kingfisher,264589271,ok,15.9,Canali e fossi di drenaggio,suitable,no,breeding,0.0,3100.0,,
69,069,Alcedo Atthis,Martin Pescatore,Common Kingfisher,264589271,ok,5.4,"Zone umide (interne) – Paludi, acquitrini, torbiere",suitable,no,breeding,0.0,3100.0,,
69,069,Alcedo Atthis,Martin Pescatore,Common Kingfisher,264589271,ok,15.5,Scavi a cielo aperto,suitable,no,breeding,0.0,3100.0,,
69,069,Alcedo Atthis,Martin Pescatore,Common Kingfisher,264589271,ok,14.5,Aree urbane,suitable,no,breeding,0.0,3100.0,,
69,069,Alcedo Atthis,Martin Pescatore,Common Kingfisher,264589271,ok,12.6,Pozze di marea,suitable,no,breeding,0.0,3100.0,,
69,069,Alcedo Atthis,Martin Pescatore,Common Kingfisher,264589271,ok,14.4,Orti rurali,suitable,no,breeding,0.0,3100.0,,
69,069,Alcedo Atthis,Martin Pescatore,Common Kingfisher,264589271,ok,12.1,Costa rocciosa,suitable,no,breeding,0.0,3100.0,,
69,069,Alcedo Atthis,Martin Pescatore,Common Kingfisher,264589271,ok,15.1,Aree di stoccaggio dell'acqua oltre 8 ettari,suitable,no,breeding,0.0,3100.0,,
70,070,Parus Major,Cinciallegra,Great Tit,264577711,ok,1.7,Foresta – Vegetazione di mangrovie subtropicale/tropicale al di sopra del livello dell'alta marea,suitable,no,resident,,4420.0,,
70,070,Parus Major,Cinciallegra,Great Tit,264577711,ok,14.5,Aree urbane,suitable,no,resident,,4420.0,,
70,070,Parus Major,Cinciallegra,Great Tit,264577711,ok,8.2,Deserto – Temperato,suitable,no,resident,,4420.0,,
70,070,Parus Major,Cinciallegra,Great Tit,264577711,ok,14.4,Orti rurali,suitable,no,resident,,4420.0,,
70,070,Parus Major,Cinciallegra,Great Tit,264577711,ok,1.4,Foresta – Temperata,suitable,yes,resident,,4420.0,,
70,070,Parus Major,Cinciallegra,Great Tit,264577711,ok,1.6,Foresta – Pianura umida subtropicale/tropicale,suitable,no,resident,,4420.0,,
70,070,Parus Major,Cinciallegra,Great Tit,264577711,ok,14.1,Terreno arabile,suitable,no,resident,,4420.0,,
70,070,Parus Major,Cinciallegra,Great Tit,264577711,ok,4.4,Prateria – Temperata,suitable,no,resident,,4420.0,,
70,070,Parus Major,Cinciallegra,Great Tit,264577711,ok,3.4,Arbusti – Temperati,suitable,no,resident,,4420.0,,
70,070,Parus Major,Cinciallegra,Great Tit,264577711,ok,1.5,Foresta – Subtropicale/tropicale secca,suitable,no,resident,,4420.0,,
70,070,Parus Major,Cinciallegra,Great Tit,264577711,ok,1.1,Foresta boreale,suitable,no,resident,,4420.0,,
70,070,Parus Major,Cinciallegra,Great Tit,264577711,ok,1.9,Foresta – Subtropicale/tropicale umida montana,suitable,no,resident,,4420.0,,
70,070,Parus Major,Cinciallegra,Great Tit,264577711,ok,14.3,Piantagioni,suitable,no,resident,,4420.0,,
70,070,Parus Major,Cinciallegra,Great Tit,264577711,ok,3.5,Arbusti – Zona secca subtropicale/tropicale,suitable,no,resident,,4420.0,,
71,071,Panthera Leo,Leone,Lion,280792135,ok,4.5,Prateria – Subtropicale/tropicale arida,suitable,yes,resident,0.0,4200.0,,
71,071,Panthera Leo,Leone,Lion,280792135,ok,3.7,Arbusti – Zone subtropicali/tropicali di alta quota,marginal,unknown,resident,0.0,4200.0,,
71,071,Panthera Leo,Leone,Lion,280792135,ok,8.1,Deserto – Caldo,unknown,unknown,unknown,0.0,4200.0,,
71,071,Panthera Leo,Leone,Lion,280792135,ok,8.3,Deserto – Freddo,unknown,unknown,unknown,0.0,4200.0,,
71,071,Panthera Leo,Leone,Lion,280792135,ok,3.5,Arbusti – Zona secca subtropicale/tropicale,suitable,yes,resident,0.0,4200.0,,
71,071,Panthera Leo,Leone,Lion,280792135,ok,1.5,Foresta – Subtropicale/tropicale secca,suitable,yes,resident,0.0,4200.0,,
71,071,Panthera Leo,Leone,Lion,280792135,ok,4.7,Prateria – Alta quota subtropicale/tropicale,suitable,yes,resident,0.0,4200.0,,
71,071,Panthera Leo,Leone,Lion,280792135,ok,2.1,Savana - Secca,suitable,yes,resident,0.0,4200.0,,
72,072,Merops Apiaster,Gruccione,European Bee-Eater,264578444,ok,14.2,Pascoli,suitable,no,breeding,0.0,3000.0,,
72,072,Merops Apiaster,Gruccione,European Bee-Eater,264578444,ok,4.4,Prateria – Temperata,suitable,no,breeding,0.0,3000.0,,
72,072,Merops Apiaster,Gruccione,European Bee-Eater,264578444,ok,1.4,Foresta – Temperata,suitable,no,breeding,0.0,3000.0,,
72,072,Merops Apiaster,Gruccione,European Bee-Eater,264578444,ok,5.1,Zone umide (interne) – Fiumi/torrenti/cascate permanenti,suitable,no,breeding,0.0,3000.0,,
72,072,Merops Apiaster,Gruccione,European Bee-Eater,264578444,ok,4.5,Prateria – Subtropicale/tropicale arida,suitable,no,breeding,0.0,3000.0,,
72,072,Merops Apiaster,Gruccione,European Bee-Eater,264578444,ok,14.3,Piantagioni,suitable,no,breeding,0.0,3000.0,,
72,072,Merops Apiaster,Gruccione,European Bee-Eater,264578444,ok,3.8,Arbusti – Vegetazione arbustiva di tipo mediterraneo,suitable,no,breeding,0.0,3000.0,,
72,072,Merops Apiaster,Gruccione,European Bee-Eater,264578444,ok,3.4,Arbusti – Temperati,suitable,no,breeding,0.0,3000.0,,
72,072,Merops Apiaster,Gruccione,European Bee-Eater,264578444,ok,14.1,Terreno arabile,suitable,no,breeding,0.0,3000.0,,
72,072,Merops Apiaster,Gruccione,European Bee-Eater,264578444,ok,2.1,Savana - Secca,suitable,no,breeding,0.0,3000.0,,
72,072,Merops Apiaster,Gruccione,European Bee-Eater,264578444,ok,3.5,Arbusti – Zona secca subtropicale/tropicale,suitable,no,breeding,0.0,3000.0,,
72,072,Merops Apiaster,Gruccione,European Bee-Eater,264578444,ok,5.5,Zone umide (interne) – Laghi permanenti di acqua dolce (oltre 8 ettari),suitable,no,breeding,0.0,3000.0,,
73,073,Cyanistes Caeruleus,Cinciarella,Eurasian Blue Tit,264532201,ok,1.9,Foresta – Subtropicale/tropicale umida montana,suitable,no,breeding,,3500.0,,
73,073,Cyanistes Caeruleus,Cinciarella,Eurasian Blue Tit,264532201,ok,14.5,Aree urbane,suitable,no,breeding,,3500.0,,
73,073,Cyanistes Caeruleus,Cinciarella,Eurasian Blue Tit,264532201,ok,3.8,Arbusti – Vegetazione arbustiva di tipo mediterraneo,suitable,no,breeding,,3500.0,,
73,073,Cyanistes Caeruleus,Cinciarella,Eurasian Blue Tit,264532201,ok,14.4,Orti rurali,suitable,no,breeding,,3500.0,,
73,073,Cyanistes Caeruleus,Cinciarella,Eurasian Blue Tit,264532201,ok,3.7,Arbusti – Zone subtropicali/tropicali di alta quota,suitable,no,breeding,,3500.0,,
73,073,Cyanistes Caeruleus,Cinciarella,Eurasian Blue Tit,264532201,ok,1.4,Foresta – Temperata,suitable,yes,breeding,,3500.0,,
73,073,Cyanistes Caeruleus,Cinciarella,Eurasian Blue Tit,264532201,ok,8.1,Deserto – Caldo,suitable,no,breeding,,3500.0,,
73,073,Cyanistes Caeruleus,Cinciarella,Eurasian Blue Tit,264532201,ok,14.1,Terreno arabile,suitable,no,breeding,,3500.0,,
73,073,Cyanistes Caeruleus,Cinciarella,Eurasian Blue Tit,264532201,ok,3.4,Arbusti – Temperati,suitable,no,breeding,,3500.0,,
74,074,Equus Quagga,Zebra Delle Pianure,Plains Zebra,45172424,ok,3.5,Arbusti – Zona secca subtropicale/tropicale,marginal,unknown,unknown,0.0,4300.0,,
74,074,Equus Quagga,Zebra Delle Pianure,Plains Zebra,45172424,ok,4.6,Prateria – Subtropicale/tropicale stagionalmente umida/allagata,suitable,yes,unknown,0.0,4300.0,,
74,074,Equus Quagga,Zebra Delle Pianure,Plains Zebra,45172424,ok,3.6,Arbusti – Subtropicale/tropicale umido,suitable,yes,unknown,0.0,4300.0,,
74,074,Equus Quagga,Zebra Delle Pianure,Plains Zebra,45172424,ok,2.1,Savana - Secca,marginal,unknown,unknown,0.0,4300.0,,
74,074,Equus Quagga,Zebra Delle Pianure,Plains Zebra,45172424,ok,2.2,Savana - Umida,suitable,yes,unknown,0.0,4300.0,,
74,074,Equus Quagga,Zebra Delle Pianure,Plains Zebra,45172424,ok,4.5,Prateria – Subtropicale/tropicale arida,suitable,yes,unknown,0.0,4300.0,,
75,075,Coracias Garrulus,Ghiandaia Marina,European Roller,154424974,ok,1.6,Foresta – Pianura umida subtropicale/tropicale,suitable,no,breeding,,2400.0,,
75,075,Coracias Garrulus,Ghiandaia Marina,European Roller,154424974,ok,1.4,Foresta – Temperata,suitable,no,breeding,,2400.0,,
75,075,Coracias Garrulus,Ghiandaia Marina,European Roller,154424974,ok,4.4,Prateria – Temperata,suitable,no,breeding,,2400.0,,
75,075,Coracias Garrulus,Ghiandaia Marina,European Roller,154424974,ok,3.8,Arbusti – Vegetazione arbustiva di tipo mediterraneo,suitable,no,breeding,,2400.0,,
75,075,Coracias Garrulus,Ghiandaia Marina,European Roller,154424974,ok,3.5,Arbusti – Zona secca subtropicale/tropicale,suitable,yes,breeding,,2400.0,,
75,075,Coracias Garrulus,Ghiandaia Marina,European Roller,154424974,ok,2.1,Savana - Secca,suitable,yes,breeding,,2400.0,,
75,075,Coracias Garrulus,Ghiandaia Marina,European Roller,154424974,ok,14.2,Pascoli,suitable,no,breeding,,2400.0,,
75,075,Coracias Garrulus,Ghiandaia Marina,European Roller,154424974,ok,14.1,Terreno arabile,suitable,no,breeding,,2400.0,,
75,075,Coracias Garrulus,Ghiandaia Marina,European Roller,154424974,ok,1.9,Foresta – Subtropicale/tropicale umida montana,suitable,no,breeding,,2400.0,,
76,076,Erithacus Rubecula,Pettirosso,European Robin,131953953,ok,1.9,Foresta – Subtropicale/tropicale umida montana,suitable,no,breeding,,2000.0,,
76,076,Erithacus Rubecula,Pettirosso,European Robin,131953953,ok,3.8,Arbusti – Vegetazione arbustiva di tipo mediterraneo,suitable,no,breeding,,2000.0,,
76,076,Erithacus Rubecula,Pettirosso,European Robin,131953953,ok,1.4,Foresta – Temperata,suitable,no,breeding,,2000.0,,
76,076,Erithacus Rubecula,Pettirosso,European Robin,131953953,ok,14.4,Orti rurali,suitable,no,breeding,,2000.0,,
76,076,Erithacus Rubecula,Pettirosso,European Robin,131953953,ok,14.1,Terreno arabile,suitable,no,breeding,,2000.0,,
76,076,Erithacus Rubecula,Pettirosso,European Robin,131953953,ok,14.5,Aree urbane,suitable,no,breeding,,2000.0,,
76,076,Erithacus Rubecula,Pettirosso,European Robin,131953953,ok,1.1,Foresta boreale,suitable,no,breeding,,2000.0,,
76,076,Erithacus Rubecula,Pettirosso,European Robin,131953953,ok,3.3,Arbusti – Boreale,suitable,no,breeding,,2000.0,,
76,076,Erithacus Rubecula,Pettirosso,European Robin,131953953,ok,14.3,Piantagioni,suitable,no,breeding,,2000.0,,
76,076,Erithacus Rubecula,Pettirosso,European Robin,131953953,ok,4.4,Prateria – Temperata,suitable,no,breeding,,2000.0,,
76,076,Erithacus Rubecula,Pettirosso,European Robin,131953953,ok,14.2,Pascoli,suitable,no,breeding,,2000.0,,
76,076,Erithacus Rubecula,Pettirosso,European Robin,131953953,ok,3.4,Arbusti – Temperati,suitable,no,breeding,,2000.0,,
77,077,Connochaetes Taurinus,Gnu Striato,Blue Wildebeest,163322525,ok,4.5,Prateria – Subtropicale/tropicale arida,suitable,yes,unknown,0.0,2500.0,,
77,077,Connochaetes Taurinus,Gnu Striato,Blue Wildebeest,163322525,ok,4.4,Prateria – Temperata,suitable,yes,unknown,0.0,2500.0,,
77,077,Connochaetes Taurinus,Gnu Striato,Blue Wildebeest,163322525,ok,2.1,Savana - Secca,suitable,yes,unknown,0.0,2500.0,,
78,078,Cinclus Cinclus,Merlo Acquaiolo,White-Throated Dipper,131946814,ok,6,Zone rocciose,suitable,no,breeding,,,,
78,078,Cinclus Cinclus,Merlo Acquaiolo,White-Throated Dipper,131946814,ok,5.1,Zone umide (interne) – Fiumi/torrenti/cascate permanenti,suitable,yes,resident,,,,
78,078,Cinclus Cinclus,Merlo Acquaiolo,White-Throated Dipper,131946814,ok,5.5,Zone umide (interne) – Laghi permanenti di acqua dolce (oltre 8 ettari),suitable,no,resident,,,,
79,079,Sciurus Vulgaris,Scoiattolo Comune,Red Squirrel,221731049,ok,14.4,Orti rurali,suitable,unknown,resident,0.0,3100.0,,
79,079,Sciurus Vulgaris,Scoiattolo Comune,Red Squirrel,221731049,ok,1.1,Foresta boreale,suitable,unknown,resident,0.0,3100.0,,
79,079,Sciurus Vulgaris,Scoiattolo Comune,Red Squirrel,221731049,ok,1.4,Foresta – Temperata,suitable,unknown,resident,0.0,3100.0,,
79,079,Sciurus Vulgaris,Scoiattolo Comune,Red Squirrel,221731049,ok,14.3,Piantagioni,suitable,unknown,resident,0.0,3100.0,,
79,079,Sciurus Vulgaris,Scoiattolo Comune,Red Squirrel,221731049,ok,14.5,Aree urbane,suitable,unknown,resident,0.0,3100.0,,
80,080,Crocuta Crocuta,Iena Maculata,Spotted Hyena,45194782,ok,2.1,Savana - Secca,suitable,yes,unknown,0.0,4100.0,,
80,080,Crocuta Crocuta,Iena Maculata,Spotted Hyena,45194782,ok,4.5,Prateria – Subtropicale/tropicale arida,suitable,yes,unknown,0.0,4100.0,,
80,080,Crocuta Crocuta,Iena Maculata,Spotted Hyena,45194782,ok,1.6,Foresta – Pianura umida subtropicale/tropicale,marginal,unknown,unknown,0.0,4100.0,,
80,080,Crocuta Crocuta,Iena Maculata,Spotted Hyena,45194782,ok,4.7,Prateria – Alta quota subtropicale/tropicale,suitable,yes,unknown,0.0,4100.0,,
81,081,Tichodroma Muraria,Picchio Muraiolo,Wallcreeper,155489183,ok,6,Zone rocciose,suitable,yes,breeding,,,,
82,082,Capreolus Capreolus,Capriolo,Roe Deer,22161386,ok,1.4,Foresta – Temperata,suitable,yes,unknown,0.0,2400.0,,
82,082,Capreolus Capreolus,Capriolo,Roe Deer,22161386,ok,14.3,Piantagioni,marginal,unknown,unknown,0.0,2400.0,,
82,082,Capreolus Capreolus,Capriolo,Roe Deer,22161386,ok,5.1,Zone umide (interne) – Fiumi/torrenti/cascate permanenti,marginal,unknown,unknown,0.0,2400.0,,
82,082,Capreolus Capreolus,Capriolo,Roe Deer,22161386,ok,14.4,Orti rurali,marginal,unknown,unknown,0.0,2400.0,,
82,082,Capreolus Capreolus,Capriolo,Roe Deer,22161386,ok,4.4,Prateria – Temperata,suitable,yes,unknown,0.0,2400.0,,
82,082,Capreolus Capreolus,Capriolo,Roe Deer,22161386,ok,14.2,Pascoli,suitable,yes,unknown,0.0,2400.0,,
82,082,Capreolus Capreolus,Capriolo,Roe Deer,22161386,ok,3.4,Arbusti – Temperati,suitable,yes,unknown,0.0,2400.0,,
82,082,Capreolus Capreolus,Capriolo,Roe Deer,22161386,ok,5.2,Zone umide (interne) – Fiumi/torrenti/canali stagionali/intermittenti/irregolari,marginal,unknown,unknown,0.0,2400.0,,
82,082,Capreolus Capreolus,Capriolo,Roe Deer,22161386,ok,1.2,Foresta - Subartico,suitable,yes,unknown,0.0,2400.0,,
82,082,Capreolus Capreolus,Capriolo,Roe Deer,22161386,ok,3.3,Arbusti – Boreale,suitable,yes,unknown,0.0,2400.0,,
82,082,Capreolus Capreolus,Capriolo,Roe Deer,22161386,ok,14.5,Aree urbane,marginal,unknown,unknown,0.0,2400.0,,
82,082,Capreolus Capreolus,Capriolo,Roe Deer,22161386,ok,14.1,Terreno arabile,marginal,unknown,unknown,0.0,2400.0,,
82,082,Capreolus Capreolus,Capriolo,Roe Deer,22161386,ok,1.1,Foresta boreale,suitable,yes,unknown,0.0,2400.0,,
82,082,Capreolus Capreolus,Capriolo,Roe Deer,22161386,ok,5.3,Zone umide (interne) – Zone umide dominate da arbusti,marginal,unknown,unknown,0.0,2400.0,,
83,083,Giraffa Camelopardalis,Giraffa,Giraffe,136266699,ok,1.5,Foresta – Subtropicale/tropicale secca,suitable,unknown,unknown,,,,
83,083,Giraffa Camelopardalis,Giraffa,Giraffe,136266699,ok,3.5,Arbusti – Zona secca subtropicale/tropicale,suitable,unknown,unknown,,,,
83,083,Giraffa Camelopardalis,Giraffa,Giraffe,136266699,ok,2.2,Savana - Umida,suitable,unknown,unknown,,,,
83,083,Giraffa Camelopardalis,Giraffa,Giraffe,136266699,ok,2.1,Savana - Secca,suitable,unknown,unknown,,,,
84,084,Pteropus Vampyrus,Pipistrello Della Frutta Gigante,Large Flying Fox,22088824,ok,14.4,Orti rurali,marginal,unknown,passage,0.0,1250.0,,
84,084,Pteropus Vampyrus,Pipistrello Della Frutta Gigante,Large Flying Fox,22088824,ok,14.3,Piantagioni,marginal,unknown,passage,0.0,1250.0,,
84,084,Pteropus Vampyrus,Pipistrello Della Frutta Gigante,Large Flying Fox,22088824,ok,1.9,Foresta – Subtropicale/tropicale umida montana,suitable,yes,resident,0.0,1250.0,,
84,084,Pteropus Vampyrus,Pipistrello Della Frutta Gigante,Large Flying Fox,22088824,ok,1.6,Foresta – Pianura umida subtropicale/tropicale,suitable,yes,resident,0.0,1250.0,,
84,084,Pteropus Vampyrus,Pipistrello Della Frutta Gigante,Large Flying Fox,22088824,ok,5.4,"Zone umide (interne) – Paludi, acquitrini, torbiere",suitable,yes,resident,0.0,1250.0,,
84,084,Pteropus Vampyrus,Pipistrello Della Frutta Gigante,Large Flying Fox,22088824,ok,1.7,Foresta – Vegetazione di mangrovie subtropicale/tropicale al di sopra del livello dell'alta marea,suitable,yes,resident,0.0,1250.0,,
85,085,Alces Alces,Alce,Elk,22157381,ok,1.1,Foresta boreale,suitable,yes,unknown,0.0,2500.0,,
85,085,Alces Alces,Alce,Elk,22157381,ok,1.2,Foresta - Subartico,suitable,yes,unknown,0.0,2500.0,,
85,085,Alces Alces,Alce,Elk,22157381,ok,5.4,"Zone umide (interne) – Paludi, acquitrini, torbiere",suitable,yes,unknown,0.0,2500.0,,
85,085,Alces Alces,Alce,Elk,22157381,ok,14.2,Pascoli,marginal,unknown,unknown,0.0,2500.0,,
85,085,Alces Alces,Alce,Elk,22157381,ok,1.4,Foresta – Temperata,suitable,yes,unknown,0.0,2500.0,,
86,086,Phacochoerus Africanus,Facocero Comune,Common Warthog,109669842,ok,4.5,Prateria – Subtropicale/tropicale arida,suitable,yes,unknown,0.0,3500.0,,
86,086,Phacochoerus Africanus,Facocero Comune,Common Warthog,109669842,ok,3.6,Arbusti – Subtropicale/tropicale umido,suitable,yes,unknown,0.0,3500.0,,
86,086,Phacochoerus Africanus,Facocero Comune,Common Warthog,109669842,ok,3.5,Arbusti – Zona secca subtropicale/tropicale,suitable,yes,unknown,0.0,3500.0,,
86,086,Phacochoerus Africanus,Facocero Comune,Common Warthog,109669842,ok,2.2,Savana - Umida,suitable,yes,unknown,0.0,3500.0,,
86,086,Phacochoerus Africanus,Facocero Comune,Common Warthog,109669842,ok,2.1,Savana - Secca,suitable,yes,unknown,0.0,3500.0,,
86,086,Phacochoerus Africanus,Facocero Comune,Common Warthog,109669842,ok,1.5,Foresta – Subtropicale/tropicale secca,marginal,unknown,unknown,0.0,3500.0,,
86,086,Phacochoerus Africanus,Facocero Comune,Common Warthog,109669842,ok,14.4,Orti rurali,marginal,unknown,unknown,0.0,3500.0,,
86,086,Phacochoerus Africanus,Facocero Comune,Common Warthog,109669842,ok,14.2,Pascoli,marginal,unknown,unknown,0.0,3500.0,,
87,087,Prionodon Linsang,Linsang Striato,Banded Linsang,45219711,ok,14.3,Piantagioni,unknown,unknown,unknown,11.0,2700.0,,
87,087,Prionodon Linsang,Linsang Striato,Banded Linsang,45219711,ok,14.6,Foresta subtropicale/tropicale fortemente degradata,unknown,unknown,unknown,11.0,2700.0,,
87,087,Prionodon Linsang,Linsang Striato,Banded Linsang,45219711,ok,1.9,Foresta – Subtropicale/tropicale umida montana,suitable,yes,resident,11.0,2700.0,,
87,087,Prionodon Linsang,Linsang Striato,Banded Linsang,45219711,ok,1.6,Foresta – Pianura umida subtropicale/tropicale,suitable,yes,resident,11.0,2700.0,,
87,087,Prionodon Linsang,Linsang Striato,Banded Linsang,45219711,ok,1.8,Foresta – Palude subtropicale/tropicale,unknown,unknown,unknown,11.0,2700.0,,
87,087,Prionodon Linsang,Linsang Striato,Banded Linsang,45219711,ok,3.6,Arbusti – Subtropicale/tropicale umido,unknown,unknown,unknown,11.0,2700.0,,
88,088,Corvus Corone,Cornacchia Nera,Carrion Crow,264543876,ok,12.3,Coste e/o spiagge di ciottoli e/o ghiaia,suitable,no,breeding,0.0,3600.0,,
88,088,Corvus Corone,Cornacchia Nera,Carrion Crow,264543876,ok,14.4,Orti rurali,suitable,no,breeding,0.0,3600.0,,
88,088,Corvus Corone,Cornacchia Nera,Carrion Crow,264543876,ok,5.5,Zone umide (interne) – Laghi permanenti di acqua dolce (oltre 8 ettari),suitable,no,breeding,0.0,3600.0,,
88,088,Corvus Corone,Cornacchia Nera,Carrion Crow,264543876,ok,6,Zone rocciose,suitable,no,breeding,0.0,3600.0,,
88,088,Corvus Corone,Cornacchia Nera,Carrion Crow,264543876,ok,12.4,Coste fangose e piane fangose intertidali,suitable,no,breeding,0.0,3600.0,,
88,088,Corvus Corone,Cornacchia Nera,Carrion Crow,264543876,ok,14.5,Aree urbane,suitable,no,breeding,0.0,3600.0,,
88,088,Corvus Corone,Cornacchia Nera,Carrion Crow,264543876,ok,3.4,Arbusti – Temperati,suitable,no,breeding,0.0,3600.0,,
88,088,Corvus Corone,Cornacchia Nera,Carrion Crow,264543876,ok,14.1,Terreno arabile,suitable,no,breeding,0.0,3600.0,,
88,088,Corvus Corone,Cornacchia Nera,Carrion Crow,264543876,ok,4.4,Prateria – Temperata,suitable,no,breeding,0.0,3600.0,,
88,088,Corvus Corone,Cornacchia Nera,Carrion Crow,264543876,ok,12.2,"Coste sabbiose e/o spiagge, banchi di sabbia, lingue di sabbia",suitable,no,breeding,0.0,3600.0,,
88,088,Corvus Corone,Cornacchia Nera,Carrion Crow,264543876,ok,14.2,Pascoli,suitable,no,breeding,0.0,3600.0,,
88,088,Corvus Corone,Cornacchia Nera,Carrion Crow,264543876,ok,5.1,Zone umide (interne) – Fiumi/torrenti/cascate permanenti,suitable,no,breeding,0.0,3600.0,,
88,088,Corvus Corone,Cornacchia Nera,Carrion Crow,264543876,ok,1.4,Foresta – Temperata,suitable,no,breeding,0.0,3600.0,,
88,088,Corvus Corone,Cornacchia Nera,Carrion Crow,264543876,ok,1.1,Foresta boreale,suitable,no,breeding,0.0,3600.0,,
88,088,Corvus Corone,Cornacchia Nera,Carrion Crow,264543876,ok,1.5,Foresta – Subtropicale/tropicale secca,suitable,no,breeding,0.0,3600.0,,
88,088,Corvus Corone,Cornacchia Nera,Carrion Crow,264543876,ok,12.6,Pozze di marea,suitable,no,breeding,0.0,3600.0,,
88,088,Corvus Corone,Cornacchia Nera,Carrion Crow,264543876,ok,13.1,Scogliere marine e isole rocciose al largo della costa,suitable,no,breeding,0.0,3600.0,,
88,088,Corvus Corone,Cornacchia Nera,Carrion Crow,264543876,ok,12.1,Costa rocciosa,suitable,no,breeding,0.0,3600.0,,
89,089,Hippopotamus Amphibius,Ippopotamo Comune,Common Hippopotamus,18567364,ok,1.6,Foresta – Pianura umida subtropicale/tropicale,suitable,yes,unknown,,,,
89,089,Hippopotamus Amphibius,Ippopotamo Comune,Common Hippopotamus,18567364,ok,9.10,Estuari,marginal,unknown,unknown,,,,
89,089,Hippopotamus Amphibius,Ippopotamo Comune,Common Hippopotamus,18567364,ok,5.5,Zone umide (interne) – Laghi permanenti di acqua dolce (oltre 8 ettari),suitable,yes,unknown,,,,
89,089,Hippopotamus Amphibius,Ippopotamo Comune,Common Hippopotamus,18567364,ok,5.6,Zone umide (interne) – Laghi d'acqua dolce stagionali/intermittenti (oltre 8 ha),suitable,yes,unknown,,,,
89,089,Hippopotamus Amphibius,Ippopotamo Comune,Common Hippopotamus,18567364,ok,1.8,Foresta – Palude subtropicale/tropicale,marginal,unknown,unknown,,,,
89,089,Hippopotamus Amphibius,Ippopotamo Comune,Common Hippopotamus,18567364,ok,5.14,"Zone umide (interne) – Laghi permanenti salini, salmastri o alcalini",suitable,yes,unknown,,,,
89,089,Hippopotamus Amphibius,Ippopotamo Comune,Common Hippopotamus,18567364,ok,5.3,Zone umide (interne) – Zone umide dominate da arbusti,marginal,unknown,unknown,,,,
89,089,Hippopotamus Amphibius,Ippopotamo Comune,Common Hippopotamus,18567364,ok,13.4,Lagune costiere salmastre/saline/laghi marini,marginal,unknown,unknown,,,,
89,089,Hippopotamus Amphibius,Ippopotamo Comune,Common Hippopotamus,18567364,ok,4.6,Prateria – Subtropicale/tropicale stagionalmente umida/allagata,suitable,yes,unknown,,,,
89,089,Hippopotamus Amphibius,Ippopotamo Comune,Common Hippopotamus,18567364,ok,5.13,Zone umide (interne) – Delta interni permanenti,suitable,yes,unknown,,,,
89,089,Hippopotamus Amphibius,Ippopotamo Comune,Common Hippopotamus,18567364,ok,1.7,Foresta – Vegetazione di mangrovie subtropicale/tropicale al di sopra del livello dell'alta marea,marginal,unknown,unknown,,,,
89,089,Hippopotamus Amphibius,Ippopotamo Comune,Common Hippopotamus,18567364,ok,3.6,Arbusti – Subtropicale/tropicale umido,marginal,unknown,unknown,,,,
89,089,Hippopotamus Amphibius,Ippopotamo Comune,Common Hippopotamus,18567364,ok,5.8,Zone umide (interne) – Paludi/stagni d'acqua dolce stagionali/intermittenti (inferiori a 8 ettari),suitable,yes,unknown,,,,
89,089,Hippopotamus Amphibius,Ippopotamo Comune,Common Hippopotamus,18567364,ok,13.5,Laghi costieri di acqua dolce,suitable,yes,unknown,,,,
89,089,Hippopotamus Amphibius,Ippopotamo Comune,Common Hippopotamus,18567364,ok,5.17,"Zone umide (interne) – Paludi/pozze saline, salmastre o alcaline stagionali/intermittenti",marginal,unknown,unknown,,,,
89,089,Hippopotamus Amphibius,Ippopotamo Comune,Common Hippopotamus,18567364,ok,5.2,Zone umide (interne) – Fiumi/torrenti/canali stagionali/intermittenti/irregolari,suitable,yes,unknown,,,,
89,089,Hippopotamus Amphibius,Ippopotamo Comune,Common Hippopotamus,18567364,ok,5.16,"Zone umide (interne) – Paludi/stagni permanenti salini, salmastri o alcalini",marginal,unknown,unknown,,,,
89,089,Hippopotamus Amphibius,Ippopotamo Comune,Common Hippopotamus,18567364,ok,5.1,Zone umide (interne) – Fiumi/torrenti/cascate permanenti,suitable,yes,unknown,,,,
89,089,Hippopotamus Amphibius,Ippopotamo Comune,Common Hippopotamus,18567364,ok,2.2,Savana - Umida,suitable,yes,unknown,,,,
89,089,Hippopotamus Amphibius,Ippopotamo Comune,Common Hippopotamus,18567364,ok,5.7,Zone umide (interne) – Paludi/stagni d'acqua dolce permanenti (inferiori a 8 ettari),suitable,yes,unknown,,,,
89,089,Hippopotamus Amphibius,Ippopotamo Comune,Common Hippopotamus,18567364,ok,5.15,"Zone umide (interne) – Laghi e piane salmastre, saline o alcaline stagionali/intermittenti",marginal,unknown,unknown,,,,
90,090,Neofelis Diardi,Leopardo Nebuloso Della Sonda,Sunda Clouded Leopard,97212874,ok,1.6,Foresta – Pianura umida subtropicale/tropicale,suitable,yes,unknown,0.0,1500.0,,
90,090,Neofelis Diardi,Leopardo Nebuloso Della Sonda,Sunda Clouded Leopard,97212874,ok,1.9,Foresta – Subtropicale/tropicale umida montana,suitable,yes,unknown,0.0,1500.0,,
90,090,Neofelis Diardi,Leopardo Nebuloso Della Sonda,Sunda Clouded Leopard,97212874,ok,1.8,Foresta – Palude subtropicale/tropicale,marginal,unknown,unknown,0.0,1500.0,,
90,090,Neofelis Diardi,Leopardo Nebuloso Della Sonda,Sunda Clouded Leopard,97212874,ok,1.7,Foresta – Vegetazione di mangrovie subtropicale/tropicale al di sopra del livello dell'alta marea,marginal,unknown,unknown,0.0,1500.0,,
91,091,Larus Argentatus,Gabbiano Reale,European Herring Gull,206585142,ok,15.1,Aree di stoccaggio dell'acqua oltre 8 ettari,suitable,no,breeding,0.0,2000.0,,
91,091,Larus Argentatus,Gabbiano Reale,European Herring Gull,206585142,ok,10.1,Epipelagico (0–200 m),marginal,unknown,resident,0.0,2000.0,,
91,091,Larus Argentatus,Gabbiano Reale,European Herring Gull,206585142,ok,12.5,Paludi salmastre,suitable,no,breeding,0.0,2000.0,,
91,091,Larus Argentatus,Gabbiano Reale,European Herring Gull,206585142,ok,10.2,Mesopelagico (200–1.000 m),marginal,unknown,resident,0.0,2000.0,,
91,091,Larus Argentatus,Gabbiano Reale,European Herring Gull,206585142,ok,13.5,Laghi costieri di acqua dolce,suitable,no,breeding,0.0,2000.0,,
91,091,Larus Argentatus,Gabbiano Reale,European Herring Gull,206585142,ok,9.1,Neritico marino – Pelagico,suitable,no,breeding,0.0,2000.0,,
91,091,Larus Argentatus,Gabbiano Reale,European Herring Gull,206585142,ok,9.3,Neritico marino – Roccia/ciottoli/ghiaia sciolti subtidali,suitable,no,breeding,0.0,2000.0,,
91,091,Larus Argentatus,Gabbiano Reale,European Herring Gull,206585142,ok,12.2,"Coste sabbiose e/o spiagge, banchi di sabbia, lingue di sabbia",suitable,no,breeding,0.0,2000.0,,
91,091,Larus Argentatus,Gabbiano Reale,European Herring Gull,206585142,ok,9.9,Erba marina sommersa,suitable,no,breeding,0.0,2000.0,,
91,091,Larus Argentatus,Gabbiano Reale,European Herring Gull,206585142,ok,9.2,Neritica marina – Rocce e scogliere rocciose subtidali,suitable,no,breeding,0.0,2000.0,,
91,091,Larus Argentatus,Gabbiano Reale,European Herring Gull,206585142,ok,14.1,Terreno arabile,suitable,no,breeding,0.0,2000.0,,
91,091,Larus Argentatus,Gabbiano Reale,European Herring Gull,206585142,ok,14.5,Aree urbane,suitable,no,breeding,0.0,2000.0,,
91,091,Larus Argentatus,Gabbiano Reale,European Herring Gull,206585142,ok,9.7,Neritico marino – Macroalghe/alghe,suitable,no,breeding,0.0,2000.0,,
91,091,Larus Argentatus,Gabbiano Reale,European Herring Gull,206585142,ok,9.10,Estuari,suitable,no,breeding,0.0,2000.0,,
91,091,Larus Argentatus,Gabbiano Reale,European Herring Gull,206585142,ok,12.6,Pozze di marea,suitable,no,breeding,0.0,2000.0,,
91,091,Larus Argentatus,Gabbiano Reale,European Herring Gull,206585142,ok,12.1,Costa rocciosa,suitable,no,breeding,0.0,2000.0,,
91,091,Larus Argentatus,Gabbiano Reale,European Herring Gull,206585142,ok,13.1,Scogliere marine e isole rocciose al largo della costa,suitable,no,breeding,0.0,2000.0,,
91,091,Larus Argentatus,Gabbiano Reale,European Herring Gull,206585142,ok,9.4,Neritico marino – Sabbioso subtidale,suitable,no,breeding,0.0,2000.0,,
91,091,Larus Argentatus,Gabbiano Reale,European Herring Gull,206585142,ok,12.3,Coste e/o spiagge di ciottoli e/o ghiaia,suitable,no,breeding,0.0,2000.0,,
91,091,Larus Argentatus,Gabbiano Reale,European Herring Gull,206585142,ok,15.5,Scavi a cielo aperto,suitable,no,breeding,0.0,2000.0,,
91,091,Larus Argentatus,Gabbiano Reale,European Herring Gull,206585142,ok,9.5,Neritico marino – Fango sabbioso subtidale,suitable,no,breeding,0.0,2000.0,,
91,091,Larus Argentatus,Gabbiano Reale,European Herring Gull,206585142,ok,5.5,Zone umide (interne) – Laghi permanenti di acqua dolce (oltre 8 ettari),suitable,no,breeding,0.0,2000.0,,
92,092,Struthio Camelus,Struzzo,Ostrich,280828427,ok,14.2,Pascoli,marginal,unknown,resident,0.0,3000.0,,
92,092,Struthio Camelus,Struzzo,Ostrich,280828427,ok,2.1,Savana - Secca,suitable,yes,resident,0.0,3000.0,,
92,092,Struthio Camelus,Struzzo,Ostrich,280828427,ok,3.5,Arbusti – Zona secca subtropicale/tropicale,suitable,no,resident,0.0,3000.0,,
92,092,Struthio Camelus,Struzzo,Ostrich,280828427,ok,4.5,Prateria – Subtropicale/tropicale arida,suitable,yes,resident,0.0,3000.0,,
93,093,Helarctos Malayanus,Orso Del Sole,Sun Bear,123798233,ok,1.8,Foresta – Palude subtropicale/tropicale,suitable,no,unknown,1.0,3000.0,,
93,093,Helarctos Malayanus,Orso Del Sole,Sun Bear,123798233,ok,3.6,Arbusti – Subtropicale/tropicale umido,suitable,no,unknown,1.0,3000.0,,
93,093,Helarctos Malayanus,Orso Del Sole,Sun Bear,123798233,ok,1.9,Foresta – Subtropicale/tropicale umida montana,suitable,no,unknown,1.0,3000.0,,
93,093,Helarctos Malayanus,Orso Del Sole,Sun Bear,123798233,ok,14.3,Piantagioni,suitable,no,unknown,1.0,3000.0,,
93,093,Helarctos Malayanus,Orso Del Sole,Sun Bear,123798233,ok,3.5,Arbusti – Zona secca subtropicale/tropicale,suitable,no,unknown,1.0,3000.0,,
93,093,Helarctos Malayanus,Orso Del Sole,Sun Bear,123798233,ok,1.5,Foresta – Subtropicale/tropicale secca,suitable,yes,unknown,1.0,3000.0,,
93,093,Helarctos Malayanus,Orso Del Sole,Sun Bear,123798233,ok,14.4,Orti rurali,suitable,no,unknown,1.0,3000.0,,
93,093,Helarctos Malayanus,Orso Del Sole,Sun Bear,123798233,ok,1.6,Foresta – Pianura umida subtropicale/tropicale,suitable,yes,unknown,1.0,3000.0,,
93,093,Helarctos Malayanus,Orso Del Sole,Sun Bear,123798233,ok,14.6,Foresta subtropicale/tropicale fortemente degradata,suitable,no,unknown,1.0,3000.0,,
94,094,Troglodytes Troglodytes,Scricciolo,Eurasian Wren,132200296,ok,1.4,Foresta – Temperata,suitable,yes,breeding,0.0,4575.0,,
94,094,Troglodytes Troglodytes,Scricciolo,Eurasian Wren,132200296,ok,14.4,Orti rurali,suitable,no,breeding,0.0,4575.0,,
94,094,Troglodytes Troglodytes,Scricciolo,Eurasian Wren,132200296,ok,14.5,Aree urbane,suitable,no,breeding,0.0,4575.0,,
94,094,Troglodytes Troglodytes,Scricciolo,Eurasian Wren,132200296,ok,1.6,Foresta – Pianura umida subtropicale/tropicale,suitable,no,breeding,0.0,4575.0,,
94,094,Troglodytes Troglodytes,Scricciolo,Eurasian Wren,132200296,ok,3.4,Arbusti – Temperati,suitable,no,breeding,0.0,4575.0,,
94,094,Troglodytes Troglodytes,Scricciolo,Eurasian Wren,132200296,ok,3.3,Arbusti – Boreale,suitable,no,breeding,0.0,4575.0,,
94,094,Troglodytes Troglodytes,Scricciolo,Eurasian Wren,132200296,ok,1.1,Foresta boreale,suitable,yes,breeding,0.0,4575.0,,
95,095,Aepyceros Melampus,Impala,Impala,50180828,ok,4.5,Prateria – Subtropicale/tropicale arida,suitable,yes,resident,0.0,1700.0,,
95,095,Aepyceros Melampus,Impala,Impala,50180828,ok,2.1,Savana - Secca,suitable,yes,resident,0.0,1700.0,,
95,095,Aepyceros Melampus,Impala,Impala,50180828,ok,3.5,Arbusti – Zona secca subtropicale/tropicale,marginal,unknown,resident,0.0,1700.0,,
96,096,Catopuma Temminckii,Gatto Dorato Asiatico,Asian Golden Cat,245236583,ok,3.5,Arbusti – Zona secca subtropicale/tropicale,marginal,unknown,unknown,0.0,4600.0,,
96,096,Catopuma Temminckii,Gatto Dorato Asiatico,Asian Golden Cat,245236583,ok,14.3,Piantagioni,marginal,unknown,unknown,0.0,4600.0,,
96,096,Catopuma Temminckii,Gatto Dorato Asiatico,Asian Golden Cat,245236583,ok,1.6,Foresta – Pianura umida subtropicale/tropicale,suitable,yes,resident,0.0,4600.0,,
96,096,Catopuma Temminckii,Gatto Dorato Asiatico,Asian Golden Cat,245236583,ok,1.4,Foresta – Temperata,suitable,yes,resident,0.0,4600.0,,
96,096,Catopuma Temminckii,Gatto Dorato Asiatico,Asian Golden Cat,245236583,ok,1.5,Foresta – Subtropicale/tropicale secca,suitable,yes,resident,0.0,4600.0,,
96,096,Catopuma Temminckii,Gatto Dorato Asiatico,Asian Golden Cat,245236583,ok,14.4,Orti rurali,marginal,unknown,unknown,0.0,4600.0,,
96,096,Catopuma Temminckii,Gatto Dorato Asiatico,Asian Golden Cat,245236583,ok,14.6,Foresta subtropicale/tropicale fortemente degradata,marginal,unknown,unknown,0.0,4600.0,,
96,096,Catopuma Temminckii,Gatto Dorato Asiatico,Asian Golden Cat,245236583,ok,3.6,Arbusti – Subtropicale/tropicale umido,marginal,unknown,unknown,0.0,4600.0,,
96,096,Catopuma Temminckii,Gatto Dorato Asiatico,Asian Golden Cat,245236583,ok,3.7,Arbusti – Zone subtropicali/tropicali di alta quota,marginal,unknown,unknown,0.0,4600.0,,
96,096,Catopuma Temminckii,Gatto Dorato Asiatico,Asian Golden Cat,245236583,ok,3.8,Arbusti – Vegetazione arbustiva di tipo mediterraneo,marginal,unknown,unknown,0.0,4600.0,,
96,096,Catopuma Temminckii,Gatto Dorato Asiatico,Asian Golden Cat,245236583,ok,4.5,Prateria – Subtropicale/tropicale arida,marginal,unknown,unknown,0.0,4600.0,,
96,096,Catopuma Temminckii,Gatto Dorato Asiatico,Asian Golden Cat,245236583,ok,4.7,Prateria – Alta quota subtropicale/tropicale,marginal,unknown,unknown,0.0,4600.0,,
96,096,Catopuma Temminckii,Gatto Dorato Asiatico,Asian Golden Cat,245236583,ok,6,Zone rocciose,marginal,unknown,unknown,0.0,4600.0,,
96,096,Catopuma Temminckii,Gatto Dorato Asiatico,Asian Golden Cat,245236583,ok,1.9,Foresta – Subtropicale/tropicale umida montana,suitable,yes,resident,0.0,4600.0,,
97,097,Fringilla Coelebs,Fringuello Comune,Common Chaffinch,155432370,ok,1.4,Foresta – Temperata,suitable,yes,breeding,,,,
97,097,Fringilla Coelebs,Fringuello Comune,Common Chaffinch,155432370,ok,3.8,Arbusti – Vegetazione arbustiva di tipo mediterraneo,suitable,no,breeding,,,,
97,097,Fringilla Coelebs,Fringuello Comune,Common Chaffinch,155432370,ok,1.1,Foresta boreale,suitable,no,breeding,,,,
97,097,Fringilla Coelebs,Fringuello Comune,Common Chaffinch,155432370,ok,14.1,Terreno arabile,suitable,no,breeding,,,,
97,097,Fringilla Coelebs,Fringuello Comune,Common Chaffinch,155432370,ok,14.2,Pascoli,suitable,no,breeding,,,,
97,097,Fringilla Coelebs,Fringuello Comune,Common Chaffinch,155432370,ok,14.4,Orti rurali,suitable,no,breeding,,,,
97,097,Fringilla Coelebs,Fringuello Comune,Common Chaffinch,155432370,ok,14.5,Aree urbane,suitable,no,breeding,,,,
97,097,Fringilla Coelebs,Fringuello Comune,Common Chaffinch,155432370,ok,3.3,Arbusti – Boreale,suitable,no,breeding,,,,
97,097,Fringilla Coelebs,Fringuello Comune,Common Chaffinch,155432370,ok,3.4,Arbusti – Temperati,suitable,no,breeding,,,,
98,098,Kobus Ellipsiprymnus,Cobo Ellipsiprimno,Waterbuck,50189324,ok,2.2,Savana - Umida,suitable,yes,resident,0.0,3000.0,,
98,098,Kobus Ellipsiprymnus,Cobo Ellipsiprimno,Waterbuck,50189324,ok,3.6,Arbusti – Subtropicale/tropicale umido,suitable,no,resident,0.0,3000.0,,
98,098,Kobus Ellipsiprymnus,Cobo Ellipsiprimno,Waterbuck,50189324,ok,4.6,Prateria – Subtropicale/tropicale stagionalmente umida/allagata,suitable,yes,resident,0.0,3000.0,,
98,098,Kobus Ellipsiprymnus,Cobo Ellipsiprimno,Waterbuck,50189324,ok,1.6,Foresta – Pianura umida subtropicale/tropicale,suitable,no,resident,0.0,3000.0,,
99,099,Rucervus Duvaucelii,Cervo Di Duvaucel,Barasingha,22167675,ok,2.2,Savana - Umida,suitable,yes,unknown,100.0,300.0,,
99,099,Rucervus Duvaucelii,Cervo Di Duvaucel,Barasingha,22167675,ok,4.6,Prateria – Subtropicale/tropicale stagionalmente umida/allagata,suitable,yes,unknown,100.0,300.0,,
99,099,Rucervus Duvaucelii,Cervo Di Duvaucel,Barasingha,22167675,ok,5.4,"Zone umide (interne) – Paludi, acquitrini, torbiere",suitable,yes,unknown,100.0,300.0,,
99,099,Rucervus Duvaucelii,Cervo Di Duvaucel,Barasingha,22167675,ok,1.7,Foresta – Vegetazione di mangrovie subtropicale/tropicale al di sopra del livello dell'alta marea,suitable,no,unknown,100.0,300.0,,
100,100,Lepus Europaeus,Lepre Europea,European Hare,45187424,ok,4.4,Prateria – Temperata,suitable,unknown,unknown,0.0,2400.0,,
100,100,Lepus Europaeus,Lepre Europea,European Hare,45187424,ok,3.3,Arbusti – Boreale,suitable,unknown,unknown,0.0,2400.0,,
100,100,Lepus Europaeus,Lepre Europea,European Hare,45187424,ok,3.4,Arbusti – Temperati,suitable,unknown,unknown,0.0,2400.0,,
100,100,Lepus Europaeus,Lepre Europea,European Hare,45187424,ok,3.8,Arbusti – Vegetazione arbustiva di tipo mediterraneo,suitable,unknown,unknown,0.0,2400.0,,
100,100,Lepus Europaeus,Lepre Europea,European Hare,45187424,ok,14.2,Pascoli,marginal,unknown,unknown,0.0,2400.0,,
100,100,Lepus Europaeus,Lepre Europea,European Hare,45187424,ok,14.1,Terreno arabile,suitable,unknown,unknown,0.0,2400.0,,
101,101,Tockus Erythrorhynchus,Calao Dal Becco Rosso,Red-Billed Hornbill,263597040,ok,3.7,Arbusti – Zone subtropicali/tropicali di alta quota,suitable,no,resident,,2100.0,,
101,101,Tockus Erythrorhynchus,Calao Dal Becco Rosso,Red-Billed Hornbill,263597040,ok,1.5,Foresta – Subtropicale/tropicale secca,suitable,yes,resident,,2100.0,,
101,101,Tockus Erythrorhynchus,Calao Dal Becco Rosso,Red-Billed Hornbill,263597040,ok,3.5,Arbusti – Zona secca subtropicale/tropicale,suitable,no,resident,,2100.0,,
101,101,Tockus Erythrorhynchus,Calao Dal Becco Rosso,Red-Billed Hornbill,263597040,ok,2.1,Savana - Secca,suitable,yes,resident,,2100.0,,
102,102,Elaphodus Cephalophus,Cervo Crestato,Tufted Deer,22159620,ok,3.4,Arbusti – Temperati,suitable,yes,unknown,300.0,4750.0,,
102,102,Elaphodus Cephalophus,Cervo Crestato,Tufted Deer,22159620,ok,1.5,Foresta – Subtropicale/tropicale secca,marginal,unknown,unknown,300.0,4750.0,,
102,102,Elaphodus Cephalophus,Cervo Crestato,Tufted Deer,22159620,ok,1.4,Foresta – Temperata,suitable,yes,unknown,300.0,4750.0,,
103,103,Rana Temporaria,Rana Comune,Common Frog,89705642,ok,15.3,Stagni per l'acquacoltura,suitable,unknown,resident,0.0,2700.0,,
103,103,Rana Temporaria,Rana Comune,Common Frog,89705642,ok,15.6,Aree di trattamento delle acque reflue,marginal,unknown,resident,0.0,2700.0,,
103,103,Rana Temporaria,Rana Comune,Common Frog,89705642,ok,15.5,Scavi a cielo aperto,marginal,unknown,resident,0.0,2700.0,,
103,103,Rana Temporaria,Rana Comune,Common Frog,89705642,ok,15.1,Aree di stoccaggio dell'acqua oltre 8 ettari,suitable,unknown,resident,0.0,2700.0,,
103,103,Rana Temporaria,Rana Comune,Common Frog,89705642,ok,15.2,Stagni sotto gli 8 ettari,suitable,unknown,resident,0.0,2700.0,,
103,103,Rana Temporaria,Rana Comune,Common Frog,89705642,ok,14.4,Orti rurali,suitable,unknown,resident,0.0,2700.0,,
103,103,Rana Temporaria,Rana Comune,Common Frog,89705642,ok,14.5,Aree urbane,suitable,unknown,resident,0.0,2700.0,,
103,103,Rana Temporaria,Rana Comune,Common Frog,89705642,ok,5.5,Zone umide (interne) – Laghi permanenti di acqua dolce (oltre 8 ettari),suitable,unknown,resident,0.0,2700.0,,
103,103,Rana Temporaria,Rana Comune,Common Frog,89705642,ok,16,Vegetazione introdotta,marginal,unknown,resident,0.0,2700.0,,
103,103,Rana Temporaria,Rana Comune,Common Frog,89705642,ok,5.10,Zone umide (interne) – Zone umide della tundra,marginal,unknown,resident,0.0,2700.0,,
103,103,Rana Temporaria,Rana Comune,Common Frog,89705642,ok,1.2,Foresta - Subartico,suitable,unknown,resident,0.0,2700.0,,
103,103,Rana Temporaria,Rana Comune,Common Frog,89705642,ok,14.1,Terreno arabile,suitable,unknown,resident,0.0,2700.0,,
103,103,Rana Temporaria,Rana Comune,Common Frog,89705642,ok,5.7,Zone umide (interne) – Paludi/stagni d'acqua dolce permanenti (inferiori a 8 ettari),suitable,unknown,resident,0.0,2700.0,,
103,103,Rana Temporaria,Rana Comune,Common Frog,89705642,ok,1.4,Foresta – Temperata,suitable,unknown,resident,0.0,2700.0,,
103,103,Rana Temporaria,Rana Comune,Common Frog,89705642,ok,5.8,Zone umide (interne) – Paludi/stagni d'acqua dolce stagionali/intermittenti (inferiori a 8 ettari),suitable,unknown,resident,0.0,2700.0,,
103,103,Rana Temporaria,Rana Comune,Common Frog,89705642,ok,1.1,Foresta boreale,suitable,unknown,resident,0.0,2700.0,,
103,103,Rana Temporaria,Rana Comune,Common Frog,89705642,ok,14.3,Piantagioni,marginal,unknown,resident,0.0,2700.0,,
103,103,Rana Temporaria,Rana Comune,Common Frog,89705642,ok,3.1,Arbusti – Subartico,suitable,unknown,resident,0.0,2700.0,,
103,103,Rana Temporaria,Rana Comune,Common Frog,89705642,ok,14.2,Pascoli,suitable,unknown,resident,0.0,2700.0,,
103,103,Rana Temporaria,Rana Comune,Common Frog,89705642,ok,15.8,Terreni agricoli soggetti a inondazioni stagionali,marginal,unknown,resident,0.0,2700.0,,
103,103,Rana Temporaria,Rana Comune,Common Frog,89705642,ok,5.9,Zone umide (interne) – Sorgenti di acqua dolce e oasi,marginal,unknown,resident,0.0,2700.0,,
103,103,Rana Temporaria,Rana Comune,Common Frog,89705642,ok,5.6,Zone umide (interne) – Laghi d'acqua dolce stagionali/intermittenti (oltre 8 ha),suitable,unknown,resident,0.0,2700.0,,
103,103,Rana Temporaria,Rana Comune,Common Frog,89705642,ok,3.4,Arbusti – Temperati,suitable,unknown,resident,0.0,2700.0,,
103,103,Rana Temporaria,Rana Comune,Common Frog,89705642,ok,5.1,Zone umide (interne) – Fiumi/torrenti/cascate permanenti,suitable,unknown,resident,0.0,2700.0,,
103,103,Rana Temporaria,Rana Comune,Common Frog,89705642,ok,5.4,"Zone umide (interne) – Paludi, acquitrini, torbiere",suitable,unknown,resident,0.0,2700.0,,
103,103,Rana Temporaria,Rana Comune,Common Frog,89705642,ok,5.2,Zone umide (interne) – Fiumi/torrenti/canali stagionali/intermittenti/irregolari,suitable,unknown,resident,0.0,2700.0,,
103,103,Rana Temporaria,Rana Comune,Common Frog,89705642,ok,3.3,Arbusti – Boreale,suitable,unknown,resident,0.0,2700.0,,
103,103,Rana Temporaria,Rana Comune,Common Frog,89705642,ok,4.2,Prateria – Subartico,marginal,unknown,resident,0.0,2700.0,,
103,103,Rana Temporaria,Rana Comune,Common Frog,89705642,ok,5.13,Zone umide (interne) – Delta interni permanenti,suitable,unknown,resident,0.0,2700.0,,
103,103,Rana Temporaria,Rana Comune,Common Frog,89705642,ok,4.1,Prateria – Tundra,marginal,unknown,resident,0.0,2700.0,,
103,103,Rana Temporaria,Rana Comune,Common Frog,89705642,ok,4.4,Prateria – Temperata,suitable,unknown,resident,0.0,2700.0,,
104,104,Papio Anubis,Babbuino Oliva,Olive Baboon,17953200,ok,3.5,Arbusti – Zona secca subtropicale/tropicale,suitable,yes,resident,360.0,2500.0,,
104,104,Papio Anubis,Babbuino Oliva,Olive Baboon,17953200,ok,1.5,Foresta – Subtropicale/tropicale secca,suitable,yes,resident,360.0,2500.0,,
104,104,Papio Anubis,Babbuino Oliva,Olive Baboon,17953200,ok,1.6,Foresta – Pianura umida subtropicale/tropicale,suitable,yes,resident,360.0,2500.0,,
104,104,Papio Anubis,Babbuino Oliva,Olive Baboon,17953200,ok,2.1,Savana - Secca,suitable,yes,resident,360.0,2500.0,,
104,104,Papio Anubis,Babbuino Oliva,Olive Baboon,17953200,ok,4.5,Prateria – Subtropicale/tropicale arida,suitable,yes,resident,360.0,2500.0,,
104,104,Papio Anubis,Babbuino Oliva,Olive Baboon,17953200,ok,1.9,Foresta – Subtropicale/tropicale umida montana,suitable,yes,resident,360.0,2500.0,,
104,104,Papio Anubis,Babbuino Oliva,Olive Baboon,17953200,ok,14.1,Terreno arabile,suitable,unknown,passage,360.0,2500.0,,
104,104,Papio Anubis,Babbuino Oliva,Olive Baboon,17953200,ok,14.3,Piantagioni,suitable,unknown,passage,360.0,2500.0,,
104,104,Papio Anubis,Babbuino Oliva,Olive Baboon,17953200,ok,14.4,Orti rurali,suitable,unknown,passage,360.0,2500.0,,
104,104,Papio Anubis,Babbuino Oliva,Olive Baboon,17953200,ok,14.6,Foresta subtropicale/tropicale fortemente degradata,suitable,unknown,resident,360.0,2500.0,,
104,104,Papio Anubis,Babbuino Oliva,Olive Baboon,17953200,ok,2.2,Savana - Umida,suitable,yes,resident,360.0,2500.0,,
105,105,Hoolock Hoolock,Gibbone Hoolock,Western Hoolock Gibbon,17968083,ok,14.4,Orti rurali,marginal,unknown,unknown,,2500.0,,
105,105,Hoolock Hoolock,Gibbone Hoolock,Western Hoolock Gibbon,17968083,ok,14.3,Piantagioni,marginal,unknown,unknown,,2500.0,,
105,105,Hoolock Hoolock,Gibbone Hoolock,Western Hoolock Gibbon,17968083,ok,1.9,Foresta – Subtropicale/tropicale umida montana,suitable,yes,unknown,,2500.0,,
105,105,Hoolock Hoolock,Gibbone Hoolock,Western Hoolock Gibbon,17968083,ok,1.6,Foresta – Pianura umida subtropicale/tropicale,suitable,yes,unknown,,2500.0,,
105,105,Hoolock Hoolock,Gibbone Hoolock,Western Hoolock Gibbon,17968083,ok,1.5,Foresta – Subtropicale/tropicale secca,suitable,no,unknown,,2500.0,,
106,106,Bombus Terrestris,Bombo Terrestre,Buff-Tailed Bumblebee,221880274,ok,14.1,Terreno arabile,suitable,yes,unknown,,,,
106,106,Bombus Terrestris,Bombo Terrestre,Buff-Tailed Bumblebee,221880274,ok,14.2,Pascoli,suitable,yes,unknown,,,,
106,106,Bombus Terrestris,Bombo Terrestre,Buff-Tailed Bumblebee,221880274,ok,14.4,Orti rurali,suitable,no,unknown,,,,
106,106,Bombus Terrestris,Bombo Terrestre,Buff-Tailed Bumblebee,221880274,ok,14.5,Aree urbane,suitable,yes,unknown,,,,
106,106,Bombus Terrestris,Bombo Terrestre,Buff-Tailed Bumblebee,221880274,ok,3.3,Arbusti – Boreale,suitable,yes,unknown,,,,
106,106,Bombus Terrestris,Bombo Terrestre,Buff-Tailed Bumblebee,221880274,ok,3.4,Arbusti – Temperati,suitable,yes,unknown,,,,
106,106,Bombus Terrestris,Bombo Terrestre,Buff-Tailed Bumblebee,221880274,ok,1.1,Foresta boreale,suitable,no,unknown,,,,
106,106,Bombus Terrestris,Bombo Terrestre,Buff-Tailed Bumblebee,221880274,ok,4.4,Prateria – Temperata,suitable,yes,unknown,,,,
106,106,Bombus Terrestris,Bombo Terrestre,Buff-Tailed Bumblebee,221880274,ok,1.4,Foresta – Temperata,suitable,yes,unknown,,,,
107,107,Chlorocebus Pygerythrus,Vervet Sudafricana,Vervet Monkey,253491881,ok,2.1,Savana - Secca,suitable,yes,resident,0.0,2140.0,,
107,107,Chlorocebus Pygerythrus,Vervet Sudafricana,Vervet Monkey,253491881,ok,14.3,Piantagioni,suitable,unknown,unknown,0.0,2140.0,,
107,107,Chlorocebus Pygerythrus,Vervet Sudafricana,Vervet Monkey,253491881,ok,14.4,Orti rurali,suitable,unknown,unknown,0.0,2140.0,,
107,107,Chlorocebus Pygerythrus,Vervet Sudafricana,Vervet Monkey,253491881,ok,14.5,Aree urbane,suitable,unknown,unknown,0.0,2140.0,,
107,107,Chlorocebus Pygerythrus,Vervet Sudafricana,Vervet Monkey,253491881,ok,14.6,Foresta subtropicale/tropicale fortemente degradata,marginal,unknown,unknown,0.0,2140.0,,
107,107,Chlorocebus Pygerythrus,Vervet Sudafricana,Vervet Monkey,253491881,ok,1.6,Foresta – Pianura umida subtropicale/tropicale,marginal,unknown,resident,0.0,2140.0,,
107,107,Chlorocebus Pygerythrus,Vervet Sudafricana,Vervet Monkey,253491881,ok,1.7,Foresta – Vegetazione di mangrovie subtropicale/tropicale al di sopra del livello dell'alta marea,marginal,unknown,resident,0.0,2140.0,,
107,107,Chlorocebus Pygerythrus,Vervet Sudafricana,Vervet Monkey,253491881,ok,1.8,Foresta – Palude subtropicale/tropicale,marginal,unknown,resident,0.0,2140.0,,
107,107,Chlorocebus Pygerythrus,Vervet Sudafricana,Vervet Monkey,253491881,ok,2.2,Savana - Umida,suitable,yes,resident,0.0,2140.0,,
107,107,Chlorocebus Pygerythrus,Vervet Sudafricana,Vervet Monkey,253491881,ok,3.5,Arbusti – Zona secca subtropicale/tropicale,suitable,yes,resident,0.0,2140.0,,
107,107,Chlorocebus Pygerythrus,Vervet Sudafricana,Vervet Monkey,253491881,ok,3.6,Arbusti – Subtropicale/tropicale umido,suitable,yes,resident,0.0,2140.0,,
108,108,Pygathrix Nemaeus,Douc Rosso,Red-Shanked Douc,17941247,ok,1.6,Foresta – Pianura umida subtropicale/tropicale,suitable,yes,unknown,0.0,1800.0,,
108,108,Pygathrix Nemaeus,Douc Rosso,Red-Shanked Douc,17941247,ok,1.9,Foresta – Subtropicale/tropicale umida montana,suitable,yes,unknown,0.0,1800.0,,
109,109,Anas Platyrhynchos,Germano Reale,Mallard,281835571,ok,5.14,"Zone umide (interne) – Laghi permanenti salini, salmastri o alcalini",suitable,no,breeding,0.0,3350.0,,
109,109,Anas Platyrhynchos,Germano Reale,Mallard,281835571,ok,15.2,Stagni sotto gli 8 ettari,suitable,no,breeding,0.0,3350.0,,
109,109,Anas Platyrhynchos,Germano Reale,Mallard,281835571,ok,15.1,Aree di stoccaggio dell'acqua oltre 8 ettari,suitable,no,breeding,0.0,3350.0,,
109,109,Anas Platyrhynchos,Germano Reale,Mallard,281835571,ok,5.17,"Zone umide (interne) – Paludi/pozze saline, salmastre o alcaline stagionali/intermittenti",suitable,no,breeding,0.0,3350.0,,
109,109,Anas Platyrhynchos,Germano Reale,Mallard,281835571,ok,5.5,Zone umide (interne) – Laghi permanenti di acqua dolce (oltre 8 ettari),suitable,no,breeding,0.0,3350.0,,
109,109,Anas Platyrhynchos,Germano Reale,Mallard,281835571,ok,15.6,Aree di trattamento delle acque reflue,suitable,no,breeding,0.0,3350.0,,
109,109,Anas Platyrhynchos,Germano Reale,Mallard,281835571,ok,5.4,"Zone umide (interne) – Paludi, acquitrini, torbiere",suitable,no,breeding,0.0,3350.0,,
109,109,Anas Platyrhynchos,Germano Reale,Mallard,281835571,ok,15.7,"Terreni irrigati, compresi i canali di irrigazione",suitable,no,breeding,0.0,3350.0,,
109,109,Anas Platyrhynchos,Germano Reale,Mallard,281835571,ok,5.1,Zone umide (interne) – Fiumi/torrenti/cascate permanenti,suitable,no,breeding,0.0,3350.0,,
109,109,Anas Platyrhynchos,Germano Reale,Mallard,281835571,ok,15.3,Stagni per l'acquacoltura,suitable,no,breeding,0.0,3350.0,,
109,109,Anas Platyrhynchos,Germano Reale,Mallard,281835571,ok,15.9,Canali e fossi di drenaggio,suitable,no,breeding,0.0,3350.0,,
109,109,Anas Platyrhynchos,Germano Reale,Mallard,281835571,ok,5.7,Zone umide (interne) – Paludi/stagni d'acqua dolce permanenti (inferiori a 8 ettari),suitable,no,breeding,0.0,3350.0,,
110,110,Agama Agama,Agama Comune,Common Agama,1374221,ok,3.5,Arbusti – Zona secca subtropicale/tropicale,suitable,unknown,unknown,,,,
110,110,Agama Agama,Agama Comune,Common Agama,1374221,ok,14.2,Pascoli,suitable,unknown,unknown,,,,
110,110,Agama Agama,Agama Comune,Common Agama,1374221,ok,6,Zone rocciose,suitable,unknown,unknown,,,,
110,110,Agama Agama,Agama Comune,Common Agama,1374221,ok,14.4,Orti rurali,suitable,unknown,unknown,,,,
110,110,Agama Agama,Agama Comune,Common Agama,1374221,ok,14.5,Aree urbane,suitable,unknown,unknown,,,,
110,110,Agama Agama,Agama Comune,Common Agama,1374221,ok,2.1,Savana - Secca,suitable,unknown,unknown,,,,
110,110,Agama Agama,Agama Comune,Common Agama,1374221,ok,2.2,Savana - Umida,suitable,unknown,unknown,,,,
110,110,Agama Agama,Agama Comune,Common Agama,1374221,ok,1.5,Foresta – Subtropicale/tropicale secca,suitable,unknown,unknown,,,,
110,110,Agama Agama,Agama Comune,Common Agama,1374221,ok,1.8,Foresta – Palude subtropicale/tropicale,suitable,unknown,unknown,,,,
111,111,Leontopithecus Rosalia,Tamarino Dalla Criniera Dorata,Golden Lion Tamarin,192327291,ok,1.6,Foresta – Pianura umida subtropicale/tropicale,suitable,yes,unknown,0.0,800.0,,
112,112,Motacilla Alba,Ballerina Bianca,White Wagtail,137417893,ok,12.6,Pozze di marea,suitable,no,breeding,,5000.0,,
112,112,Motacilla Alba,Ballerina Bianca,White Wagtail,137417893,ok,12.3,Coste e/o spiagge di ciottoli e/o ghiaia,suitable,no,breeding,,5000.0,,
112,112,Motacilla Alba,Ballerina Bianca,White Wagtail,137417893,ok,12.2,"Coste sabbiose e/o spiagge, banchi di sabbia, lingue di sabbia",suitable,no,breeding,,5000.0,,
112,112,Motacilla Alba,Ballerina Bianca,White Wagtail,137417893,ok,14.2,Pascoli,suitable,no,breeding,,5000.0,,
112,112,Motacilla Alba,Ballerina Bianca,White Wagtail,137417893,ok,14.4,Orti rurali,suitable,no,breeding,,5000.0,,
112,112,Motacilla Alba,Ballerina Bianca,White Wagtail,137417893,ok,4.5,Prateria – Subtropicale/tropicale arida,suitable,no,breeding,,5000.0,,
112,112,Motacilla Alba,Ballerina Bianca,White Wagtail,137417893,ok,5.1,Zone umide (interne) – Fiumi/torrenti/cascate permanenti,suitable,no,breeding,,5000.0,,
112,112,Motacilla Alba,Ballerina Bianca,White Wagtail,137417893,ok,8.1,Deserto – Caldo,suitable,no,breeding,,5000.0,,
112,112,Motacilla Alba,Ballerina Bianca,White Wagtail,137417893,ok,12.1,Costa rocciosa,suitable,no,breeding,,5000.0,,
113,113,Plectropterus Gambensis,Oca Speronata,Spur-Winged Goose,154248872,ok,5.6,Zone umide (interne) – Laghi d'acqua dolce stagionali/intermittenti (oltre 8 ha),suitable,yes,breeding,0.0,2000.0,,
113,113,Plectropterus Gambensis,Oca Speronata,Spur-Winged Goose,154248872,ok,14.2,Pascoli,suitable,no,breeding,0.0,2000.0,,
113,113,Plectropterus Gambensis,Oca Speronata,Spur-Winged Goose,154248872,ok,15.1,Aree di stoccaggio dell'acqua oltre 8 ettari,suitable,no,breeding,0.0,2000.0,,
113,113,Plectropterus Gambensis,Oca Speronata,Spur-Winged Goose,154248872,ok,3.6,Arbusti – Subtropicale/tropicale umido,suitable,no,breeding,0.0,2000.0,,
113,113,Plectropterus Gambensis,Oca Speronata,Spur-Winged Goose,154248872,ok,4.6,Prateria – Subtropicale/tropicale stagionalmente umida/allagata,suitable,no,breeding,0.0,2000.0,,
113,113,Plectropterus Gambensis,Oca Speronata,Spur-Winged Goose,154248872,ok,5.1,Zone umide (interne) – Fiumi/torrenti/cascate permanenti,suitable,no,breeding,0.0,2000.0,,
113,113,Plectropterus Gambensis,Oca Speronata,Spur-Winged Goose,154248872,ok,5.4,"Zone umide (interne) – Paludi, acquitrini, torbiere",suitable,no,breeding,0.0,2000.0,,
114,114,Saguinus Imperator,Tamarino Imperatore,Emperor Tamarin,,assessment_not_found,,,unknown,unknown,unknown,,,,
115,115,Turdus Philomelos,Tordo Bottaccio,Song Thrush,132076619,ok,3.4,Arbusti – Temperati,suitable,no,breeding,,2800.0,,
115,115,Turdus Philomelos,Tordo Bottaccio,Song Thrush,132076619,ok,14.1,Terreno arabile,suitable,no,breeding,,2800.0,,
115,115,Turdus Philomelos,Tordo Bottaccio,Song Thrush,132076619,ok,14.5,Aree urbane,suitable,no,breeding,,2800.0,,
115,115,Turdus Philomelos,Tordo Bottaccio,Song Thrush,132076619,ok,14.4,Orti rurali,suitable,no,breeding,,2800.0,,
115,115,Turdus Philomelos,Tordo Bottaccio,Song Thrush,132076619,ok,1.1,Foresta boreale,suitable,no,breeding,,2800.0,,
115,115,Turdus Philomelos,Tordo Bottaccio,Song Thrush,132076619,ok,1.4,Foresta – Temperata,suitable,yes,breeding,,2800.0,,
115,115,Turdus Philomelos,Tordo Bottaccio,Song Thrush,132076619,ok,3.3,Arbusti – Boreale,suitable,no,breeding,,2800.0,,
115,115,Turdus Philomelos,Tordo Bottaccio,Song Thrush,132076619,ok,14.3,Piantagioni,suitable,no,breeding,,2800.0,,
115,115,Turdus Philomelos,Tordo Bottaccio,Song Thrush,132076619,ok,3.8,Arbusti – Vegetazione arbustiva di tipo mediterraneo,suitable,no,breeding,,2800.0,,
116,116,Syncerus Caffer,Bufalo Africano,African Buffalo,50195031,ok,1.6,Foresta – Pianura umida subtropicale/tropicale,suitable,unknown,unknown,0.0,4000.0,,
116,116,Syncerus Caffer,Bufalo Africano,African Buffalo,50195031,ok,4.7,Prateria – Alta quota subtropicale/tropicale,suitable,unknown,unknown,0.0,4000.0,,
116,116,Syncerus Caffer,Bufalo Africano,African Buffalo,50195031,ok,3.5,Arbusti – Zona secca subtropicale/tropicale,marginal,unknown,unknown,0.0,4000.0,,
116,116,Syncerus Caffer,Bufalo Africano,African Buffalo,50195031,ok,2.1,Savana - Secca,suitable,unknown,unknown,0.0,4000.0,,
116,116,Syncerus Caffer,Bufalo Africano,African Buffalo,50195031,ok,3.4,Arbusti – Temperati,suitable,unknown,unknown,0.0,4000.0,,
116,116,Syncerus Caffer,Bufalo Africano,African Buffalo,50195031,ok,4.6,Prateria – Subtropicale/tropicale stagionalmente umida/allagata,suitable,unknown,unknown,0.0,4000.0,,
116,116,Syncerus Caffer,Bufalo Africano,African Buffalo,50195031,ok,3.6,Arbusti – Subtropicale/tropicale umido,suitable,unknown,unknown,0.0,4000.0,,
116,116,Syncerus Caffer,Bufalo Africano,African Buffalo,50195031,ok,4.5,Prateria – Subtropicale/tropicale arida,marginal,unknown,unknown,0.0,4000.0,,
116,116,Syncerus Caffer,Bufalo Africano,African Buffalo,50195031,ok,1.5,Foresta – Subtropicale/tropicale secca,suitable,unknown,unknown,0.0,4000.0,,
116,116,Syncerus Caffer,Bufalo Africano,African Buffalo,50195031,ok,5.4,"Zone umide (interne) – Paludi, acquitrini, torbiere",suitable,unknown,unknown,0.0,4000.0,,
117,117,Cacajao Melanocephalus,Uakari Dalla Testa Nera,Black-Headed Uakari,191697842,ok,1.9,Foresta – Subtropicale/tropicale umida montana,suitable,unknown,unknown,,,,
117,117,Cacajao Melanocephalus,Uakari Dalla Testa Nera,Black-Headed Uakari,191697842,ok,1.6,Foresta – Pianura umida subtropicale/tropicale,suitable,unknown,unknown,,,,
117,117,Cacajao Melanocephalus,Uakari Dalla Testa Nera,Black-Headed Uakari,191697842,ok,1.8,Foresta – Palude subtropicale/tropicale,suitable,unknown,unknown,,,,
118,118,Buteo Buteo,Poiana Comune,Common Buzzard,206634667,ok,3.4,Arbusti – Temperati,suitable,no,resident,0.0,2000.0,,
118,118,Buteo Buteo,Poiana Comune,Common Buzzard,206634667,ok,1.9,Foresta – Subtropicale/tropicale umida montana,suitable,no,breeding,0.0,2000.0,,
118,118,Buteo Buteo,Poiana Comune,Common Buzzard,206634667,ok,14.1,Terreno arabile,suitable,no,resident,0.0,2000.0,,
118,118,Buteo Buteo,Poiana Comune,Common Buzzard,206634667,ok,1.4,Foresta – Temperata,suitable,no,resident,0.0,2000.0,,
118,118,Buteo Buteo,Poiana Comune,Common Buzzard,206634667,ok,14.2,Pascoli,suitable,no,resident,0.0,2000.0,,
118,118,Buteo Buteo,Poiana Comune,Common Buzzard,206634667,ok,4.5,Prateria – Subtropicale/tropicale arida,suitable,no,passage,0.0,2000.0,,
118,118,Buteo Buteo,Poiana Comune,Common Buzzard,206634667,ok,1.6,Foresta – Pianura umida subtropicale/tropicale,suitable,no,breeding,0.0,2000.0,,
118,118,Buteo Buteo,Poiana Comune,Common Buzzard,206634667,ok,5.4,"Zone umide (interne) – Paludi, acquitrini, torbiere",suitable,no,resident,0.0,2000.0,,
118,118,Buteo Buteo,Poiana Comune,Common Buzzard,206634667,ok,5.5,Zone umide (interne) – Laghi permanenti di acqua dolce (oltre 8 ettari),suitable,no,passage,0.0,2000.0,,
118,118,Buteo Buteo,Poiana Comune,Common Buzzard,206634667,ok,2.1,Savana - Secca,suitable,no,breeding,0.0,2000.0,,
119,119,Aquila Rapax,Aquila Rapace,Tawny Eagle,203852137,ok,1.9,Foresta – Subtropicale/tropicale umida montana,suitable,no,resident,0.0,3000.0,,
119,119,Aquila Rapax,Aquila Rapace,Tawny Eagle,203852137,ok,14.1,Terreno arabile,suitable,no,resident,0.0,3000.0,,
119,119,Aquila Rapax,Aquila Rapace,Tawny Eagle,203852137,ok,2.1,Savana - Secca,suitable,yes,resident,0.0,3000.0,,
119,119,Aquila Rapax,Aquila Rapace,Tawny Eagle,203852137,ok,3.5,Arbusti – Zona secca subtropicale/tropicale,suitable,yes,resident,0.0,3000.0,,
119,119,Aquila Rapax,Aquila Rapace,Tawny Eagle,203852137,ok,4.5,Prateria – Subtropicale/tropicale arida,suitable,no,resident,0.0,3000.0,,
119,119,Aquila Rapax,Aquila Rapace,Tawny Eagle,203852137,ok,4.7,Prateria – Alta quota subtropicale/tropicale,suitable,no,resident,0.0,3000.0,,
119,119,Aquila Rapax,Aquila Rapace,Tawny Eagle,203852137,ok,1.5,Foresta – Subtropicale/tropicale secca,suitable,no,resident,0.0,3000.0,,
119,119,Aquila Rapax,Aquila Rapace,Tawny Eagle,203852137,ok,14.2,Pascoli,suitable,no,resident,0.0,3000.0,,
120,120,Speothos Venaticus,Cane Selvatico Sudamericano,Bush Dog,9203243,ok,3.5,Arbusti – Zona secca subtropicale/tropicale,suitable,yes,unknown,,1500.0,,
120,120,Speothos Venaticus,Cane Selvatico Sudamericano,Bush Dog,9203243,ok,1.8,Foresta – Palude subtropicale/tropicale,suitable,yes,unknown,,1500.0,,
120,120,Speothos Venaticus,Cane Selvatico Sudamericano,Bush Dog,9203243,ok,14.2,Pascoli,suitable,yes,unknown,,1500.0,,
120,120,Speothos Venaticus,Cane Selvatico Sudamericano,Bush Dog,9203243,ok,1.5,Foresta – Subtropicale/tropicale secca,suitable,yes,unknown,,1500.0,,
120,120,Speothos Venaticus,Cane Selvatico Sudamericano,Bush Dog,9203243,ok,4.4,Prateria – Temperata,suitable,yes,unknown,,1500.0,,
120,120,Speothos Venaticus,Cane Selvatico Sudamericano,Bush Dog,9203243,ok,1.6,Foresta – Pianura umida subtropicale/tropicale,suitable,yes,unknown,,1500.0,,
120,120,Speothos Venaticus,Cane Selvatico Sudamericano,Bush Dog,9203243,ok,2.1,Savana - Secca,suitable,yes,unknown,,1500.0,,
120,120,Speothos Venaticus,Cane Selvatico Sudamericano,Bush Dog,9203243,ok,2.2,Savana - Umida,suitable,yes,unknown,,1500.0,,
120,120,Speothos Venaticus,Cane Selvatico Sudamericano,Bush Dog,9203243,ok,1.9,Foresta – Subtropicale/tropicale umida montana,suitable,yes,unknown,,1500.0,,
121,121,Aglais Io,Pavonia,European Peacock Butterfly,211393858,ok,14.4,Orti rurali,suitable,yes,resident,0.0,700.0,,
121,121,Aglais Io,Pavonia,European Peacock Butterfly,211393858,ok,4.4,Prateria – Temperata,suitable,yes,resident,0.0,700.0,,
121,121,Aglais Io,Pavonia,European Peacock Butterfly,211393858,ok,1.4,Foresta – Temperata,suitable,yes,resident,0.0,700.0,,
121,121,Aglais Io,Pavonia,European Peacock Butterfly,211393858,ok,14.5,Aree urbane,suitable,yes,resident,0.0,700.0,,
121,121,Aglais Io,Pavonia,European Peacock Butterfly,211393858,ok,1.1,Foresta boreale,suitable,yes,resident,0.0,700.0,,
122,122,Panthera Pardus,Leopardo,Leopard,286153337,ok,2.2,Savana - Umida,suitable,yes,unknown,0.0,5200.0,,
122,122,Panthera Pardus,Leopardo,Leopard,286153337,ok,1.7,Foresta – Vegetazione di mangrovie subtropicale/tropicale al di sopra del livello dell'alta marea,marginal,unknown,unknown,0.0,5200.0,,
122,122,Panthera Pardus,Leopardo,Leopard,286153337,ok,1.8,Foresta – Palude subtropicale/tropicale,marginal,unknown,unknown,0.0,5200.0,,
122,122,Panthera Pardus,Leopardo,Leopard,286153337,ok,1.9,Foresta – Subtropicale/tropicale umida montana,suitable,yes,unknown,0.0,5200.0,,
122,122,Panthera Pardus,Leopardo,Leopard,286153337,ok,1.6,Foresta – Pianura umida subtropicale/tropicale,suitable,yes,unknown,0.0,5200.0,,
122,122,Panthera Pardus,Leopardo,Leopard,286153337,ok,4.7,Prateria – Alta quota subtropicale/tropicale,suitable,yes,unknown,0.0,5200.0,,
122,122,Panthera Pardus,Leopardo,Leopard,286153337,ok,6,Zone rocciose,suitable,yes,unknown,0.0,5200.0,,
122,122,Panthera Pardus,Leopardo,Leopard,286153337,ok,2.1,Savana - Secca,suitable,yes,unknown,0.0,5200.0,,
122,122,Panthera Pardus,Leopardo,Leopard,286153337,ok,3.4,Arbusti – Temperati,suitable,yes,unknown,0.0,5200.0,,
122,122,Panthera Pardus,Leopardo,Leopard,286153337,ok,3.5,Arbusti – Zona secca subtropicale/tropicale,suitable,yes,unknown,0.0,5200.0,,
122,122,Panthera Pardus,Leopardo,Leopard,286153337,ok,4.6,Prateria – Subtropicale/tropicale stagionalmente umida/allagata,suitable,yes,unknown,0.0,5200.0,,
122,122,Panthera Pardus,Leopardo,Leopard,286153337,ok,4.5,Prateria – Subtropicale/tropicale arida,suitable,yes,unknown,0.0,5200.0,,
122,122,Panthera Pardus,Leopardo,Leopard,286153337,ok,3.6,Arbusti – Subtropicale/tropicale umido,suitable,yes,unknown,0.0,5200.0,,
122,122,Panthera Pardus,Leopardo,Leopard,286153337,ok,8.2,Deserto – Temperato,suitable,yes,unknown,0.0,5200.0,,
122,122,Panthera Pardus,Leopardo,Leopard,286153337,ok,8.1,Deserto – Caldo,suitable,yes,unknown,0.0,5200.0,,
122,122,Panthera Pardus,Leopardo,Leopard,286153337,ok,3.7,Arbusti – Zone subtropicali/tropicali di alta quota,suitable,yes,unknown,0.0,5200.0,,
122,122,Panthera Pardus,Leopardo,Leopard,286153337,ok,3.8,Arbusti – Vegetazione arbustiva di tipo mediterraneo,suitable,yes,unknown,0.0,5200.0,,
122,122,Panthera Pardus,Leopardo,Leopard,286153337,ok,1.5,Foresta – Subtropicale/tropicale secca,suitable,yes,unknown,0.0,5200.0,,
122,122,Panthera Pardus,Leopardo,Leopard,286153337,ok,4.4,Prateria – Temperata,suitable,yes,unknown,0.0,5200.0,,
122,122,Panthera Pardus,Leopardo,Leopard,286153337,ok,1.4,Foresta – Temperata,suitable,yes,unknown,0.0,5200.0,,
123,123,Chrysocyon Brachyurus,Lupo Dalla Criniera,Maned Wolf,88135664,ok,1.6,Foresta – Pianura umida subtropicale/tropicale,suitable,yes,unknown,0.0,2000.0,,
123,123,Chrysocyon Brachyurus,Lupo Dalla Criniera,Maned Wolf,88135664,ok,1.5,Foresta – Subtropicale/tropicale secca,suitable,yes,unknown,0.0,2000.0,,
123,123,Chrysocyon Brachyurus,Lupo Dalla Criniera,Maned Wolf,88135664,ok,5.4,"Zone umide (interne) – Paludi, acquitrini, torbiere",suitable,no,unknown,0.0,2000.0,,
123,123,Chrysocyon Brachyurus,Lupo Dalla Criniera,Maned Wolf,88135664,ok,4.6,Prateria – Subtropicale/tropicale stagionalmente umida/allagata,suitable,yes,unknown,0.0,2000.0,,
123,123,Chrysocyon Brachyurus,Lupo Dalla Criniera,Maned Wolf,88135664,ok,4.5,Prateria – Subtropicale/tropicale arida,suitable,yes,unknown,0.0,2000.0,,
123,123,Chrysocyon Brachyurus,Lupo Dalla Criniera,Maned Wolf,88135664,ok,3.6,Arbusti – Subtropicale/tropicale umido,suitable,yes,unknown,0.0,2000.0,,
123,123,Chrysocyon Brachyurus,Lupo Dalla Criniera,Maned Wolf,88135664,ok,3.5,Arbusti – Zona secca subtropicale/tropicale,suitable,yes,unknown,0.0,2000.0,,
123,123,Chrysocyon Brachyurus,Lupo Dalla Criniera,Maned Wolf,88135664,ok,2.2,Savana - Umida,suitable,yes,unknown,0.0,2000.0,,
123,123,Chrysocyon Brachyurus,Lupo Dalla Criniera,Maned Wolf,88135664,ok,2.1,Savana - Secca,suitable,yes,unknown,0.0,2000.0,,
123,123,Chrysocyon Brachyurus,Lupo Dalla Criniera,Maned Wolf,88135664,ok,14.2,Pascoli,suitable,no,unknown,0.0,2000.0,,
123,123,Chrysocyon Brachyurus,Lupo Dalla Criniera,Maned Wolf,88135664,ok,14.1,Terreno arabile,suitable,no,unknown,0.0,2000.0,,
124,124,Castor Fiber,Castoro Europeo,Eurasian Beaver,197499749,ok,14.2,Pascoli,marginal,unknown,unknown,0.0,850.0,,
124,124,Castor Fiber,Castoro Europeo,Eurasian Beaver,197499749,ok,14.5,Aree urbane,marginal,unknown,unknown,0.0,850.0,,
124,124,Castor Fiber,Castoro Europeo,Eurasian Beaver,197499749,ok,3.3,Arbusti – Boreale,marginal,unknown,unknown,0.0,850.0,,
124,124,Castor Fiber,Castoro Europeo,Eurasian Beaver,197499749,ok,3.4,Arbusti – Temperati,marginal,unknown,unknown,0.0,850.0,,
124,124,Castor Fiber,Castoro Europeo,Eurasian Beaver,197499749,ok,1.1,Foresta boreale,suitable,unknown,unknown,0.0,850.0,,
124,124,Castor Fiber,Castoro Europeo,Eurasian Beaver,197499749,ok,5.1,Zone umide (interne) – Fiumi/torrenti/cascate permanenti,suitable,unknown,unknown,0.0,850.0,,
124,124,Castor Fiber,Castoro Europeo,Eurasian Beaver,197499749,ok,5.5,Zone umide (interne) – Laghi permanenti di acqua dolce (oltre 8 ettari),suitable,unknown,unknown,0.0,850.0,,
124,124,Castor Fiber,Castoro Europeo,Eurasian Beaver,197499749,ok,5.6,Zone umide (interne) – Laghi d'acqua dolce stagionali/intermittenti (oltre 8 ha),suitable,unknown,unknown,0.0,850.0,,
124,124,Castor Fiber,Castoro Europeo,Eurasian Beaver,197499749,ok,5.7,Zone umide (interne) – Paludi/stagni d'acqua dolce permanenti (inferiori a 8 ettari),suitable,unknown,unknown,0.0,850.0,,
124,124,Castor Fiber,Castoro Europeo,Eurasian Beaver,197499749,ok,1.4,Foresta – Temperata,suitable,unknown,unknown,0.0,850.0,,
125,125,Python Sebae,Pitone Africano,African Rock Python,13300582,ok,1.8,Foresta – Palude subtropicale/tropicale,suitable,yes,resident,0.0,1500.0,,
125,125,Python Sebae,Pitone Africano,African Rock Python,13300582,ok,5.1,Zone umide (interne) – Fiumi/torrenti/cascate permanenti,suitable,yes,resident,0.0,1500.0,,
125,125,Python Sebae,Pitone Africano,African Rock Python,13300582,ok,2.1,Savana - Secca,suitable,unknown,resident,0.0,1500.0,,
125,125,Python Sebae,Pitone Africano,African Rock Python,13300582,ok,1.7,Foresta – Vegetazione di mangrovie subtropicale/tropicale al di sopra del livello dell'alta marea,suitable,unknown,resident,0.0,1500.0,,
126,126,Conepatus Chinga,Moffetta Di Molina,Molina'S Hog-Nosed Skunk,45210528,ok,4.5,Prateria – Subtropicale/tropicale arida,suitable,yes,unknown,0.0,4100.0,,
126,126,Conepatus Chinga,Moffetta Di Molina,Molina'S Hog-Nosed Skunk,45210528,ok,3.5,Arbusti – Zona secca subtropicale/tropicale,suitable,yes,unknown,0.0,4100.0,,
126,126,Conepatus Chinga,Moffetta Di Molina,Molina'S Hog-Nosed Skunk,45210528,ok,3.7,Arbusti – Zone subtropicali/tropicali di alta quota,suitable,yes,unknown,0.0,4100.0,,
126,126,Conepatus Chinga,Moffetta Di Molina,Molina'S Hog-Nosed Skunk,45210528,ok,2.1,Savana - Secca,suitable,no,unknown,0.0,4100.0,,
127,127,Mustela Nivalis,Donnola,Least Weasel,147993366,ok,1.4,Foresta – Temperata,suitable,yes,unknown,0.0,3860.0,,
127,127,Mustela Nivalis,Donnola,Least Weasel,147993366,ok,14.1,Terreno arabile,suitable,unknown,unknown,0.0,3860.0,,
127,127,Mustela Nivalis,Donnola,Least Weasel,147993366,ok,14.2,Pascoli,suitable,unknown,unknown,0.0,3860.0,,
127,127,Mustela Nivalis,Donnola,Least Weasel,147993366,ok,5.3,Zone umide (interne) – Zone umide dominate da arbusti,suitable,unknown,unknown,0.0,3860.0,,
127,127,Mustela Nivalis,Donnola,Least Weasel,147993366,ok,6,Zone rocciose,suitable,unknown,unknown,0.0,3860.0,,
127,127,Mustela Nivalis,Donnola,Least Weasel,147993366,ok,13.3,Dune sabbiose costiere,suitable,yes,unknown,0.0,3860.0,,
127,127,Mustela Nivalis,Donnola,Least Weasel,147993366,ok,14.4,Orti rurali,suitable,yes,unknown,0.0,3860.0,,
127,127,Mustela Nivalis,Donnola,Least Weasel,147993366,ok,3.3,Arbusti – Boreale,suitable,yes,unknown,0.0,3860.0,,
127,127,Mustela Nivalis,Donnola,Least Weasel,147993366,ok,3.4,Arbusti – Temperati,suitable,yes,unknown,0.0,3860.0,,
127,127,Mustela Nivalis,Donnola,Least Weasel,147993366,ok,1.1,Foresta boreale,suitable,yes,unknown,0.0,3860.0,,
127,127,Mustela Nivalis,Donnola,Least Weasel,147993366,ok,4.2,Prateria – Subartico,suitable,yes,unknown,0.0,3860.0,,
127,127,Mustela Nivalis,Donnola,Least Weasel,147993366,ok,4.4,Prateria – Temperata,suitable,yes,unknown,0.0,3860.0,,
127,127,Mustela Nivalis,Donnola,Least Weasel,147993366,ok,1.2,Foresta - Subartico,suitable,yes,unknown,0.0,3860.0,,
128,128,Spheniscus Demersus,Pinguino Africano,African Penguin,256021744,ok,3.4,Arbusti – Temperati,suitable,yes,breeding,0.0,50.0,0.0,130.0
128,128,Spheniscus Demersus,Pinguino Africano,African Penguin,256021744,ok,9.1,Neritico marino – Pelagico,suitable,yes,resident,0.0,50.0,0.0,130.0
128,128,Spheniscus Demersus,Pinguino Africano,African Penguin,256021744,ok,10.1,Epipelagico (0–200 m),suitable,yes,resident,0.0,50.0,0.0,130.0
128,128,Spheniscus Demersus,Pinguino Africano,African Penguin,256021744,ok,12.1,Costa rocciosa,suitable,yes,breeding,0.0,50.0,0.0,130.0
128,128,Spheniscus Demersus,Pinguino Africano,African Penguin,256021744,ok,12.3,Coste e/o spiagge di ciottoli e/o ghiaia,suitable,yes,breeding,0.0,50.0,0.0,130.0
128,128,Spheniscus Demersus,Pinguino Africano,African Penguin,256021744,ok,13.1,Scogliere marine e isole rocciose al largo della costa,suitable,yes,breeding,0.0,50.0,0.0,130.0
129,129,Myoprocta Pratti,Acouchi Verde,Green Acouchi,22198733,ok,1.6,Foresta – Pianura umida subtropicale/tropicale,suitable,unknown,unknown,50.0,1200.0,,
130,130,Danaus Plexippus,Farfalla Monarca,Monarch Butterfly,219149911,ok,1.9,Foresta – Subtropicale/tropicale umida montana,suitable,unknown,breeding,,,,
130,130,Danaus Plexippus,Farfalla Monarca,Monarch Butterfly,219149911,ok,14.1,Terreno arabile,suitable,unknown,breeding,,,,
130,130,Danaus Plexippus,Farfalla Monarca,Monarch Butterfly,219149911,ok,14.2,Pascoli,suitable,unknown,breeding,,,,
130,130,Danaus Plexippus,Farfalla Monarca,Monarch Butterfly,219149911,ok,14.4,Orti rurali,suitable,unknown,breeding,,,,
130,130,Danaus Plexippus,Farfalla Monarca,Monarch Butterfly,219149911,ok,14.5,Aree urbane,suitable,unknown,breeding,,,,
130,130,Danaus Plexippus,Farfalla Monarca,Monarch Butterfly,219149911,ok,3.6,Arbusti – Subtropicale/tropicale umido,suitable,unknown,resident,,,,
130,130,Danaus Plexippus,Farfalla Monarca,Monarch Butterfly,219149911,ok,4.5,Prateria – Subtropicale/tropicale arida,suitable,unknown,resident,,,,
130,130,Danaus Plexippus,Farfalla Monarca,Monarch Butterfly,219149911,ok,5.4,"Zone umide (interne) – Paludi, acquitrini, torbiere",suitable,unknown,breeding,,,,
130,130,Danaus Plexippus,Farfalla Monarca,Monarch Butterfly,219149911,ok,4.4,Prateria – Temperata,suitable,yes,breeding,,,,
130,130,Danaus Plexippus,Farfalla Monarca,Monarch Butterfly,219149911,ok,1.4,Foresta – Temperata,suitable,yes,breeding,,,,
131,131,Antidorcas Marsupialis,Springbok,Springbok,115056763,ok,3.5,Arbusti – Zona secca subtropicale/tropicale,suitable,no,resident,0.0,2000.0,,
131,131,Antidorcas Marsupialis,Springbok,Springbok,115056763,ok,8.2,Deserto – Temperato,marginal,unknown,resident,0.0,2000.0,,
131,131,Antidorcas Marsupialis,Springbok,Springbok,115056763,ok,4.5,Prateria – Subtropicale/tropicale arida,suitable,yes,resident,0.0,2000.0,,
131,131,Antidorcas Marsupialis,Springbok,Springbok,115056763,ok,2.1,Savana - Secca,suitable,yes,resident,0.0,2000.0,,
132,132,Dasyprocta Leporina,Aguti,Red-Rumped Agouti,22197762,ok,1.6,Foresta – Pianura umida subtropicale/tropicale,suitable,unknown,unknown,,,,
132,132,Dasyprocta Leporina,Aguti,Red-Rumped Agouti,22197762,ok,14.6,Foresta subtropicale/tropicale fortemente degradata,marginal,unknown,unknown,,,,
133,133,Odocoileus Virginianus,Cervo Dalla Coda Bianca,White-Tailed Deer,22162580,ok,5.8,Zone umide (interne) – Paludi/stagni d'acqua dolce stagionali/intermittenti (inferiori a 8 ettari),suitable,unknown,unknown,0.0,4500.0,,
133,133,Odocoileus Virginianus,Cervo Dalla Coda Bianca,White-Tailed Deer,22162580,ok,5.15,"Zone umide (interne) – Laghi e piane salmastre, saline o alcaline stagionali/intermittenti",marginal,unknown,unknown,0.0,4500.0,,
133,133,Odocoileus Virginianus,Cervo Dalla Coda Bianca,White-Tailed Deer,22162580,ok,2.1,Savana - Secca,suitable,unknown,unknown,0.0,4500.0,,
133,133,Odocoileus Virginianus,Cervo Dalla Coda Bianca,White-Tailed Deer,22162580,ok,5.7,Zone umide (interne) – Paludi/stagni d'acqua dolce permanenti (inferiori a 8 ettari),marginal,unknown,unknown,0.0,4500.0,,
133,133,Odocoileus Virginianus,Cervo Dalla Coda Bianca,White-Tailed Deer,22162580,ok,1.9,Foresta – Subtropicale/tropicale umida montana,suitable,unknown,unknown,0.0,4500.0,,
133,133,Odocoileus Virginianus,Cervo Dalla Coda Bianca,White-Tailed Deer,22162580,ok,5.6,Zone umide (interne) – Laghi d'acqua dolce stagionali/intermittenti (oltre 8 ha),marginal,unknown,unknown,0.0,4500.0,,
133,133,Odocoileus Virginianus,Cervo Dalla Coda Bianca,White-Tailed Deer,22162580,ok,2.2,Savana - Umida,suitable,unknown,unknown,0.0,4500.0,,
133,133,Odocoileus Virginianus,Cervo Dalla Coda Bianca,White-Tailed Deer,22162580,ok,8.2,Deserto – Temperato,suitable,unknown,unknown,0.0,4500.0,,
133,133,Odocoileus Virginianus,Cervo Dalla Coda Bianca,White-Tailed Deer,22162580,ok,5.1,Zone umide (interne) – Fiumi/torrenti/cascate permanenti,marginal,unknown,unknown,0.0,4500.0,,
133,133,Odocoileus Virginianus,Cervo Dalla Coda Bianca,White-Tailed Deer,22162580,ok,5.5,Zone umide (interne) – Laghi permanenti di acqua dolce (oltre 8 ettari),suitable,unknown,unknown,0.0,4500.0,,
133,133,Odocoileus Virginianus,Cervo Dalla Coda Bianca,White-Tailed Deer,22162580,ok,4.5,Prateria – Subtropicale/tropicale arida,suitable,unknown,unknown,0.0,4500.0,,
133,133,Odocoileus Virginianus,Cervo Dalla Coda Bianca,White-Tailed Deer,22162580,ok,8.3,Deserto – Freddo,marginal,unknown,unknown,0.0,4500.0,,
133,133,Odocoileus Virginianus,Cervo Dalla Coda Bianca,White-Tailed Deer,22162580,ok,4.6,Prateria – Subtropicale/tropicale stagionalmente umida/allagata,suitable,unknown,unknown,0.0,4500.0,,
133,133,Odocoileus Virginianus,Cervo Dalla Coda Bianca,White-Tailed Deer,22162580,ok,14.2,Pascoli,suitable,unknown,unknown,0.0,4500.0,,
133,133,Odocoileus Virginianus,Cervo Dalla Coda Bianca,White-Tailed Deer,22162580,ok,5.4,"Zone umide (interne) – Paludi, acquitrini, torbiere",marginal,unknown,unknown,0.0,4500.0,,
133,133,Odocoileus Virginianus,Cervo Dalla Coda Bianca,White-Tailed Deer,22162580,ok,3.5,Arbusti – Zona secca subtropicale/tropicale,suitable,unknown,unknown,0.0,4500.0,,
133,133,Odocoileus Virginianus,Cervo Dalla Coda Bianca,White-Tailed Deer,22162580,ok,3.4,Arbusti – Temperati,suitable,unknown,unknown,0.0,4500.0,,
133,133,Odocoileus Virginianus,Cervo Dalla Coda Bianca,White-Tailed Deer,22162580,ok,5.2,Zone umide (interne) – Fiumi/torrenti/canali stagionali/intermittenti/irregolari,suitable,unknown,unknown,0.0,4500.0,,
133,133,Odocoileus Virginianus,Cervo Dalla Coda Bianca,White-Tailed Deer,22162580,ok,4.7,Prateria – Alta quota subtropicale/tropicale,marginal,unknown,unknown,0.0,4500.0,,
133,133,Odocoileus Virginianus,Cervo Dalla Coda Bianca,White-Tailed Deer,22162580,ok,1.8,Foresta – Palude subtropicale/tropicale,marginal,unknown,unknown,0.0,4500.0,,
133,133,Odocoileus Virginianus,Cervo Dalla Coda Bianca,White-Tailed Deer,22162580,ok,9.10,Estuari,marginal,unknown,unknown,0.0,4500.0,,
133,133,Odocoileus Virginianus,Cervo Dalla Coda Bianca,White-Tailed Deer,22162580,ok,14.4,Orti rurali,suitable,unknown,unknown,0.0,4500.0,,
133,133,Odocoileus Virginianus,Cervo Dalla Coda Bianca,White-Tailed Deer,22162580,ok,5.12,Zone umide (interne) – Zone umide geotermiche,marginal,unknown,unknown,0.0,4500.0,,
133,133,Odocoileus Virginianus,Cervo Dalla Coda Bianca,White-Tailed Deer,22162580,ok,12.5,Paludi salmastre,marginal,unknown,unknown,0.0,4500.0,,
133,133,Odocoileus Virginianus,Cervo Dalla Coda Bianca,White-Tailed Deer,22162580,ok,1.6,Foresta – Pianura umida subtropicale/tropicale,marginal,unknown,unknown,0.0,4500.0,,
133,133,Odocoileus Virginianus,Cervo Dalla Coda Bianca,White-Tailed Deer,22162580,ok,14.6,Foresta subtropicale/tropicale fortemente degradata,suitable,unknown,unknown,0.0,4500.0,,
133,133,Odocoileus Virginianus,Cervo Dalla Coda Bianca,White-Tailed Deer,22162580,ok,8.1,Deserto – Caldo,marginal,unknown,unknown,0.0,4500.0,,
133,133,Odocoileus Virginianus,Cervo Dalla Coda Bianca,White-Tailed Deer,22162580,ok,5.9,Zone umide (interne) – Sorgenti di acqua dolce e oasi,suitable,unknown,unknown,0.0,4500.0,,
133,133,Odocoileus Virginianus,Cervo Dalla Coda Bianca,White-Tailed Deer,22162580,ok,14.5,Aree urbane,suitable,unknown,unknown,0.0,4500.0,,
133,133,Odocoileus Virginianus,Cervo Dalla Coda Bianca,White-Tailed Deer,22162580,ok,3.1,Arbusti – Subartico,marginal,unknown,unknown,0.0,4500.0,,
133,133,Odocoileus Virginianus,Cervo Dalla Coda Bianca,White-Tailed Deer,22162580,ok,1.7,Foresta – Vegetazione di mangrovie subtropicale/tropicale al di sopra del livello dell'alta marea,marginal,unknown,unknown,0.0,4500.0,,
133,133,Odocoileus Virginianus,Cervo Dalla Coda Bianca,White-Tailed Deer,22162580,ok,16,Vegetazione introdotta,suitable,unknown,unknown,0.0,4500.0,,
133,133,Odocoileus Virginianus,Cervo Dalla Coda Bianca,White-Tailed Deer,22162580,ok,1.2,Foresta - Subartico,marginal,unknown,unknown,0.0,4500.0,,
133,133,Odocoileus Virginianus,Cervo Dalla Coda Bianca,White-Tailed Deer,22162580,ok,15.8,Terreni agricoli soggetti a inondazioni stagionali,suitable,unknown,unknown,0.0,4500.0,,
133,133,Odocoileus Virginianus,Cervo Dalla Coda Bianca,White-Tailed Deer,22162580,ok,1.5,Foresta – Subtropicale/tropicale secca,suitable,unknown,unknown,0.0,4500.0,,
133,133,Odocoileus Virginianus,Cervo Dalla Coda Bianca,White-Tailed Deer,22162580,ok,1.4,Foresta – Temperata,suitable,unknown,unknown,0.0,4500.0,,
133,133,Odocoileus Virginianus,Cervo Dalla Coda Bianca,White-Tailed Deer,22162580,ok,4.4,Prateria – Temperata,marginal,unknown,unknown,0.0,4500.0,,
133,133,Odocoileus Virginianus,Cervo Dalla Coda Bianca,White-Tailed Deer,22162580,ok,13.5,Laghi costieri di acqua dolce,marginal,unknown,unknown,0.0,4500.0,,
133,133,Odocoileus Virginianus,Cervo Dalla Coda Bianca,White-Tailed Deer,22162580,ok,3.7,Arbusti – Zone subtropicali/tropicali di alta quota,suitable,unknown,unknown,0.0,4500.0,,
133,133,Odocoileus Virginianus,Cervo Dalla Coda Bianca,White-Tailed Deer,22162580,ok,3.8,Arbusti – Vegetazione arbustiva di tipo mediterraneo,suitable,unknown,unknown,0.0,4500.0,,
133,133,Odocoileus Virginianus,Cervo Dalla Coda Bianca,White-Tailed Deer,22162580,ok,4.2,Prateria – Subartico,marginal,unknown,unknown,0.0,4500.0,,
133,133,Odocoileus Virginianus,Cervo Dalla Coda Bianca,White-Tailed Deer,22162580,ok,14.1,Terreno arabile,suitable,unknown,unknown,0.0,4500.0,,
133,133,Odocoileus Virginianus,Cervo Dalla Coda Bianca,White-Tailed Deer,22162580,ok,3.6,Arbusti – Subtropicale/tropicale umido,suitable,unknown,unknown,0.0,4500.0,,
133,133,Odocoileus Virginianus,Cervo Dalla Coda Bianca,White-Tailed Deer,22162580,ok,5.13,Zone umide (interne) – Delta interni permanenti,suitable,unknown,unknown,0.0,4500.0,,
133,133,Odocoileus Virginianus,Cervo Dalla Coda Bianca,White-Tailed Deer,22162580,ok,5.3,Zone umide (interne) – Zone umide dominate da arbusti,marginal,unknown,unknown,0.0,4500.0,,
133,133,Odocoileus Virginianus,Cervo Dalla Coda Bianca,White-Tailed Deer,22162580,ok,14.3,Piantagioni,suitable,unknown,unknown,0.0,4500.0,,
134,134,Arctocephalus Pusillus,Otaria Orsina Del Capo,Brown Fur Seal,45224212,ok,9.1,Neritico marino – Pelagico,suitable,yes,resident,,50.0,,204.0
134,134,Arctocephalus Pusillus,Otaria Orsina Del Capo,Brown Fur Seal,45224212,ok,12.1,Costa rocciosa,suitable,yes,resident,,50.0,,204.0
134,134,Arctocephalus Pusillus,Otaria Orsina Del Capo,Brown Fur Seal,45224212,ok,13.1,Scogliere marine e isole rocciose al largo della costa,suitable,yes,resident,,50.0,,204.0
134,134,Arctocephalus Pusillus,Otaria Orsina Del Capo,Brown Fur Seal,45224212,ok,10.1,Epipelagico (0–200 m),suitable,yes,resident,,50.0,,204.0
135,135,Cuniculus Paca,Paca,Paca,22197347,ok,1.6,Foresta – Pianura umida subtropicale/tropicale,suitable,unknown,unknown,,,,
136,136,Anax Junius,Libellula Imperatore Americana,Green Darner,65831504,ok,5.7,Zone umide (interne) – Paludi/stagni d'acqua dolce permanenti (inferiori a 8 ettari),suitable,unknown,unknown,,,,
136,136,Anax Junius,Libellula Imperatore Americana,Green Darner,65831504,ok,5.5,Zone umide (interne) – Laghi permanenti di acqua dolce (oltre 8 ettari),suitable,unknown,unknown,,,,
136,136,Anax Junius,Libellula Imperatore Americana,Green Darner,65831504,ok,15.2,Stagni sotto gli 8 ettari,marginal,unknown,unknown,,,,
136,136,Anax Junius,Libellula Imperatore Americana,Green Darner,65831504,ok,3.4,Arbusti – Temperati,suitable,unknown,unknown,,,,
136,136,Anax Junius,Libellula Imperatore Americana,Green Darner,65831504,ok,5.8,Zone umide (interne) – Paludi/stagni d'acqua dolce stagionali/intermittenti (inferiori a 8 ettari),suitable,unknown,unknown,,,,
136,136,Anax Junius,Libellula Imperatore Americana,Green Darner,65831504,ok,1.4,Foresta – Temperata,suitable,unknown,unknown,,,,
136,136,Anax Junius,Libellula Imperatore Americana,Green Darner,65831504,ok,5.3,Zone umide (interne) – Zone umide dominate da arbusti,suitable,unknown,unknown,,,,
136,136,Anax Junius,Libellula Imperatore Americana,Green Darner,65831504,ok,5.6,Zone umide (interne) – Laghi d'acqua dolce stagionali/intermittenti (oltre 8 ha),suitable,unknown,unknown,,,,
136,136,Anax Junius,Libellula Imperatore Americana,Green Darner,65831504,ok,4.4,Prateria – Temperata,suitable,unknown,unknown,,,,
136,136,Anax Junius,Libellula Imperatore Americana,Green Darner,65831504,ok,15.8,Terreni agricoli soggetti a inondazioni stagionali,marginal,unknown,unknown,,,,
136,136,Anax Junius,Libellula Imperatore Americana,Green Darner,65831504,ok,15.3,Stagni per l'acquacoltura,marginal,unknown,unknown,,,,
136,136,Anax Junius,Libellula Imperatore Americana,Green Darner,65831504,ok,15.9,Canali e fossi di drenaggio,marginal,unknown,unknown,,,,
137,137,Pycnonotus Capensis,Bulbul Del Capo,Cape Bulbul,263808552,ok,5.1,Zone umide (interne) – Fiumi/torrenti/cascate permanenti,suitable,no,resident,0.0,500.0,,
137,137,Pycnonotus Capensis,Bulbul Del Capo,Cape Bulbul,263808552,ok,3.8,Arbusti – Vegetazione arbustiva di tipo mediterraneo,suitable,yes,resident,0.0,500.0,,
137,137,Pycnonotus Capensis,Bulbul Del Capo,Cape Bulbul,263808552,ok,14.4,Orti rurali,suitable,no,resident,0.0,500.0,,
137,137,Pycnonotus Capensis,Bulbul Del Capo,Cape Bulbul,263808552,ok,1.5,Foresta – Subtropicale/tropicale secca,suitable,no,resident,0.0,500.0,,
137,137,Pycnonotus Capensis,Bulbul Del Capo,Cape Bulbul,263808552,ok,3.5,Arbusti – Zona secca subtropicale/tropicale,suitable,yes,resident,0.0,500.0,,
138,138,Dolichotis Patagonum,Mara Patagonica,Patagonian Mara,22190337,ok,4.4,Prateria – Temperata,suitable,unknown,unknown,,,,
138,138,Dolichotis Patagonum,Mara Patagonica,Patagonian Mara,22190337,ok,3.4,Arbusti – Temperati,suitable,unknown,unknown,,,,
138,138,Dolichotis Patagonum,Mara Patagonica,Patagonian Mara,22190337,ok,3.5,Arbusti – Zona secca subtropicale/tropicale,suitable,unknown,unknown,,,,
138,138,Dolichotis Patagonum,Mara Patagonica,Patagonian Mara,22190337,ok,1.6,Foresta – Pianura umida subtropicale/tropicale,suitable,unknown,unknown,,,,
139,139,Lithobates Catesbeianus,Rana Toro Americana,American Bullfrog,,assessment_not_found,,,unknown,unknown,unknown,,,,
140,140,Promerops Cafer,Promero Del Capo,Cape Sugarbird,263846978,ok,14.4,Orti rurali,suitable,no,resident,0.0,1940.0,,
140,140,Promerops Cafer,Promero Del Capo,Cape Sugarbird,263846978,ok,3.8,Arbusti – Vegetazione arbustiva di tipo mediterraneo,suitable,yes,resident,0.0,1940.0,,
140,140,Promerops Cafer,Promero Del Capo,Cape Sugarbird,263846978,ok,14.5,Aree urbane,suitable,no,resident,0.0,1940.0,,
141,141,Lagostomus Maximus,Viscacha Delle Pianure,Plains Viscacha,78320596,ok,2.2,Savana - Umida,suitable,unknown,unknown,,,,
141,141,Lagostomus Maximus,Viscacha Delle Pianure,Plains Viscacha,78320596,ok,4.4,Prateria – Temperata,suitable,unknown,unknown,,,,
141,141,Lagostomus Maximus,Viscacha Delle Pianure,Plains Viscacha,78320596,ok,8.1,Deserto – Caldo,suitable,unknown,unknown,,,,
142,142,Didelphis Virginiana,Opossum Della Virginia,Virginia Opossum,22176259,ok,1.7,Foresta – Vegetazione di mangrovie subtropicale/tropicale al di sopra del livello dell'alta marea,unknown,unknown,unknown,0.0,3000.0,,
142,142,Didelphis Virginiana,Opossum Della Virginia,Virginia Opossum,22176259,ok,1.9,Foresta – Subtropicale/tropicale umida montana,suitable,unknown,unknown,0.0,3000.0,,
142,142,Didelphis Virginiana,Opossum Della Virginia,Virginia Opossum,22176259,ok,1.4,Foresta – Temperata,suitable,yes,unknown,0.0,3000.0,,
142,142,Didelphis Virginiana,Opossum Della Virginia,Virginia Opossum,22176259,ok,14.3,Piantagioni,marginal,unknown,unknown,0.0,3000.0,,
142,142,Didelphis Virginiana,Opossum Della Virginia,Virginia Opossum,22176259,ok,14.6,Foresta subtropicale/tropicale fortemente degradata,marginal,unknown,unknown,0.0,3000.0,,
142,142,Didelphis Virginiana,Opossum Della Virginia,Virginia Opossum,22176259,ok,1.6,Foresta – Pianura umida subtropicale/tropicale,suitable,yes,unknown,0.0,3000.0,,
142,142,Didelphis Virginiana,Opossum Della Virginia,Virginia Opossum,22176259,ok,1.8,Foresta – Palude subtropicale/tropicale,marginal,unknown,unknown,0.0,3000.0,,
142,142,Didelphis Virginiana,Opossum Della Virginia,Virginia Opossum,22176259,ok,1.5,Foresta – Subtropicale/tropicale secca,suitable,yes,unknown,0.0,3000.0,,
142,142,Didelphis Virginiana,Opossum Della Virginia,Virginia Opossum,22176259,ok,14.5,Aree urbane,marginal,unknown,unknown,0.0,3000.0,,
142,142,Didelphis Virginiana,Opossum Della Virginia,Virginia Opossum,22176259,ok,14.4,Orti rurali,suitable,unknown,unknown,0.0,3000.0,,
142,142,Didelphis Virginiana,Opossum Della Virginia,Virginia Opossum,22176259,ok,3.4,Arbusti – Temperati,suitable,yes,unknown,0.0,3000.0,,
143,143,Suricata Suricatta,Suricato,Meerkat,45209377,ok,3.5,Arbusti – Zona secca subtropicale/tropicale,suitable,unknown,unknown,,,,
143,143,Suricata Suricatta,Suricato,Meerkat,45209377,ok,2.1,Savana - Secca,suitable,unknown,unknown,,,,
143,143,Suricata Suricatta,Suricato,Meerkat,45209377,ok,3.8,Arbusti – Vegetazione arbustiva di tipo mediterraneo,suitable,unknown,unknown,,,,
143,143,Suricata Suricatta,Suricato,Meerkat,45209377,ok,4.5,Prateria – Subtropicale/tropicale arida,suitable,unknown,unknown,,,,
143,143,Suricata Suricatta,Suricato,Meerkat,45209377,ok,8.1,Deserto – Caldo,suitable,unknown,unknown,,,,
144,144,Chaetophractus Vellerosus,Armadillo Peloso Urlatore,Screaming Hairy Armadillo,278015597,ok,14.3,Piantagioni,marginal,unknown,resident,0.0,4600.0,,
144,144,Chaetophractus Vellerosus,Armadillo Peloso Urlatore,Screaming Hairy Armadillo,278015597,ok,14.1,Terreno arabile,marginal,unknown,resident,0.0,4600.0,,
144,144,Chaetophractus Vellerosus,Armadillo Peloso Urlatore,Screaming Hairy Armadillo,278015597,ok,14.2,Pascoli,marginal,unknown,resident,0.0,4600.0,,
144,144,Chaetophractus Vellerosus,Armadillo Peloso Urlatore,Screaming Hairy Armadillo,278015597,ok,2.1,Savana - Secca,suitable,yes,resident,0.0,4600.0,,
144,144,Chaetophractus Vellerosus,Armadillo Peloso Urlatore,Screaming Hairy Armadillo,278015597,ok,3.4,Arbusti – Temperati,suitable,yes,resident,0.0,4600.0,,
144,144,Chaetophractus Vellerosus,Armadillo Peloso Urlatore,Screaming Hairy Armadillo,278015597,ok,3.5,Arbusti – Zona secca subtropicale/tropicale,suitable,yes,resident,0.0,4600.0,,
144,144,Chaetophractus Vellerosus,Armadillo Peloso Urlatore,Screaming Hairy Armadillo,278015597,ok,4.4,Prateria – Temperata,suitable,no,resident,0.0,4600.0,,
144,144,Chaetophractus Vellerosus,Armadillo Peloso Urlatore,Screaming Hairy Armadillo,278015597,ok,4.5,Prateria – Subtropicale/tropicale arida,suitable,no,resident,0.0,4600.0,,
144,144,Chaetophractus Vellerosus,Armadillo Peloso Urlatore,Screaming Hairy Armadillo,278015597,ok,4.7,Prateria – Alta quota subtropicale/tropicale,suitable,yes,resident,0.0,4600.0,,
144,144,Chaetophractus Vellerosus,Armadillo Peloso Urlatore,Screaming Hairy Armadillo,278015597,ok,8.1,Deserto – Caldo,suitable,yes,resident,0.0,4600.0,,
144,144,Chaetophractus Vellerosus,Armadillo Peloso Urlatore,Screaming Hairy Armadillo,278015597,ok,8.2,Deserto – Temperato,suitable,yes,resident,0.0,4600.0,,
145,145,Meleagris Gallopavo,Tacchino Selvatico,Wild Turkey,132051953,ok,2.1,Savana - Secca,suitable,no,resident,300.0,2500.0,,
145,145,Meleagris Gallopavo,Tacchino Selvatico,Wild Turkey,132051953,ok,14.2,Pascoli,suitable,no,resident,300.0,2500.0,,
145,145,Meleagris Gallopavo,Tacchino Selvatico,Wild Turkey,132051953,ok,14.1,Terreno arabile,suitable,no,resident,300.0,2500.0,,
145,145,Meleagris Gallopavo,Tacchino Selvatico,Wild Turkey,132051953,ok,3.5,Arbusti – Zona secca subtropicale/tropicale,suitable,no,resident,300.0,2500.0,,
145,145,Meleagris Gallopavo,Tacchino Selvatico,Wild Turkey,132051953,ok,4.4,Prateria – Temperata,suitable,no,resident,300.0,2500.0,,
145,145,Meleagris Gallopavo,Tacchino Selvatico,Wild Turkey,132051953,ok,1.4,Foresta – Temperata,suitable,no,resident,300.0,2500.0,,
145,145,Meleagris Gallopavo,Tacchino Selvatico,Wild Turkey,132051953,ok,3.8,Arbusti – Vegetazione arbustiva di tipo mediterraneo,suitable,no,resident,300.0,2500.0,,
145,145,Meleagris Gallopavo,Tacchino Selvatico,Wild Turkey,132051953,ok,1.5,Foresta – Subtropicale/tropicale secca,suitable,no,resident,300.0,2500.0,,
145,145,Meleagris Gallopavo,Tacchino Selvatico,Wild Turkey,132051953,ok,3.4,Arbusti – Temperati,suitable,no,resident,300.0,2500.0,,
146,146,Stigmochelys Pardalis,Tartaruga Leopardo,Leopard Tortoise,217761530,ok,2.1,Savana - Secca,suitable,unknown,resident,0.0,2900.0,,
146,146,Stigmochelys Pardalis,Tartaruga Leopardo,Leopard Tortoise,217761530,ok,3.6,Arbusti – Subtropicale/tropicale umido,suitable,unknown,resident,0.0,2900.0,,
146,146,Stigmochelys Pardalis,Tartaruga Leopardo,Leopard Tortoise,217761530,ok,3.5,Arbusti – Zona secca subtropicale/tropicale,suitable,unknown,resident,0.0,2900.0,,
146,146,Stigmochelys Pardalis,Tartaruga Leopardo,Leopard Tortoise,217761530,ok,3.8,Arbusti – Vegetazione arbustiva di tipo mediterraneo,suitable,unknown,resident,0.0,2900.0,,
146,146,Stigmochelys Pardalis,Tartaruga Leopardo,Leopard Tortoise,217761530,ok,3.7,Arbusti – Zone subtropicali/tropicali di alta quota,suitable,unknown,resident,0.0,2900.0,,
147,147,Cyclopes Didactylus,Silky Anteater,Silky Anteater,199899746,ok,1.9,Foresta – Subtropicale/tropicale umida montana,suitable,yes,resident,0.0,1500.0,,
147,147,Cyclopes Didactylus,Silky Anteater,Silky Anteater,199899746,ok,1.6,Foresta – Pianura umida subtropicale/tropicale,suitable,yes,resident,0.0,1500.0,,
147,147,Cyclopes Didactylus,Silky Anteater,Silky Anteater,199899746,ok,1.7,Foresta – Vegetazione di mangrovie subtropicale/tropicale al di sopra del livello dell'alta marea,suitable,yes,resident,0.0,1500.0,,
148,148,Marmota Monax,Marmotta Comune,Groundhog,115189992,ok,1.4,Foresta – Temperata,suitable,unknown,unknown,,,,
148,148,Marmota Monax,Marmotta Comune,Groundhog,115189992,ok,1.1,Foresta boreale,marginal,unknown,unknown,,,,
148,148,Marmota Monax,Marmotta Comune,Groundhog,115189992,ok,14.3,Piantagioni,suitable,unknown,unknown,,,,
148,148,Marmota Monax,Marmotta Comune,Groundhog,115189992,ok,4.5,Prateria – Subtropicale/tropicale arida,suitable,unknown,unknown,,,,
148,148,Marmota Monax,Marmotta Comune,Groundhog,115189992,ok,14.1,Terreno arabile,suitable,unknown,unknown,,,,
148,148,Marmota Monax,Marmotta Comune,Groundhog,115189992,ok,14.2,Pascoli,suitable,unknown,unknown,,,,
148,148,Marmota Monax,Marmotta Comune,Groundhog,115189992,ok,14.4,Orti rurali,suitable,unknown,unknown,,,,
149,149,Acryllium Vulturinum,Faraona Vulturina,Vulturine Guineafowl,263646126,ok,3.5,Arbusti – Zona secca subtropicale/tropicale,suitable,no,resident,,1900.0,,
149,149,Acryllium Vulturinum,Faraona Vulturina,Vulturine Guineafowl,263646126,ok,1.9,Foresta – Subtropicale/tropicale umida montana,suitable,no,resident,,1900.0,,
149,149,Acryllium Vulturinum,Faraona Vulturina,Vulturine Guineafowl,263646126,ok,4.5,Prateria – Subtropicale/tropicale arida,suitable,no,resident,,1900.0,,
149,149,Acryllium Vulturinum,Faraona Vulturina,Vulturine Guineafowl,263646126,ok,2.1,Savana - Secca,suitable,yes,resident,,1900.0,,
150,150,Tamandua Tetradactyla,Tamandua Minore,Southern Tamandua,210445394,ok,1.5,Foresta – Subtropicale/tropicale secca,suitable,yes,resident,0.0,2000.0,,
150,150,Tamandua Tetradactyla,Tamandua Minore,Southern Tamandua,210445394,ok,1.8,Foresta – Palude subtropicale/tropicale,suitable,yes,resident,0.0,2000.0,,
150,150,Tamandua Tetradactyla,Tamandua Minore,Southern Tamandua,210445394,ok,3.5,Arbusti – Zona secca subtropicale/tropicale,suitable,yes,resident,0.0,2000.0,,
150,150,Tamandua Tetradactyla,Tamandua Minore,Southern Tamandua,210445394,ok,1.7,Foresta – Vegetazione di mangrovie subtropicale/tropicale al di sopra del livello dell'alta marea,suitable,yes,resident,0.0,2000.0,,
150,150,Tamandua Tetradactyla,Tamandua Minore,Southern Tamandua,210445394,ok,1.6,Foresta – Pianura umida subtropicale/tropicale,suitable,yes,resident,0.0,2000.0,,
150,150,Tamandua Tetradactyla,Tamandua Minore,Southern Tamandua,210445394,ok,2.2,Savana - Umida,suitable,yes,resident,0.0,2000.0,,
150,150,Tamandua Tetradactyla,Tamandua Minore,Southern Tamandua,210445394,ok,1.9,Foresta – Subtropicale/tropicale umida montana,suitable,yes,resident,0.0,2000.0,,
150,150,Tamandua Tetradactyla,Tamandua Minore,Southern Tamandua,210445394,ok,2.1,Savana - Secca,suitable,yes,resident,0.0,2000.0,,
150,150,Tamandua Tetradactyla,Tamandua Minore,Southern Tamandua,210445394,ok,3.6,Arbusti – Subtropicale/tropicale umido,suitable,yes,resident,0.0,2000.0,,
151,151,Haliaeetus Leucocephalus,Aquila Di Mare Dalla Testa Bianca,Bald Eagle,264598530,ok,12.2,"Coste sabbiose e/o spiagge, banchi di sabbia, lingue di sabbia",suitable,no,breeding,,2000.0,,
151,151,Haliaeetus Leucocephalus,Aquila Di Mare Dalla Testa Bianca,Bald Eagle,264598530,ok,5.1,Zone umide (interne) – Fiumi/torrenti/cascate permanenti,suitable,yes,breeding,,2000.0,,
151,151,Haliaeetus Leucocephalus,Aquila Di Mare Dalla Testa Bianca,Bald Eagle,264598530,ok,12.1,Costa rocciosa,suitable,no,breeding,,2000.0,,
151,151,Haliaeetus Leucocephalus,Aquila Di Mare Dalla Testa Bianca,Bald Eagle,264598530,ok,1.7,Foresta – Vegetazione di mangrovie subtropicale/tropicale al di sopra del livello dell'alta marea,suitable,no,breeding,,2000.0,,
151,151,Haliaeetus Leucocephalus,Aquila Di Mare Dalla Testa Bianca,Bald Eagle,264598530,ok,1.1,Foresta boreale,suitable,no,breeding,,2000.0,,
151,151,Haliaeetus Leucocephalus,Aquila Di Mare Dalla Testa Bianca,Bald Eagle,264598530,ok,1.4,Foresta – Temperata,suitable,no,breeding,,2000.0,,
151,151,Haliaeetus Leucocephalus,Aquila Di Mare Dalla Testa Bianca,Bald Eagle,264598530,ok,3.4,Arbusti – Temperati,suitable,no,breeding,,2000.0,,
151,151,Haliaeetus Leucocephalus,Aquila Di Mare Dalla Testa Bianca,Bald Eagle,264598530,ok,5.5,Zone umide (interne) – Laghi permanenti di acqua dolce (oltre 8 ettari),suitable,no,breeding,,2000.0,,
151,151,Haliaeetus Leucocephalus,Aquila Di Mare Dalla Testa Bianca,Bald Eagle,264598530,ok,15.1,Aree di stoccaggio dell'acqua oltre 8 ettari,suitable,no,breeding,,2000.0,,
151,151,Haliaeetus Leucocephalus,Aquila Di Mare Dalla Testa Bianca,Bald Eagle,264598530,ok,9.10,Estuari,suitable,no,breeding,,2000.0,,
151,151,Haliaeetus Leucocephalus,Aquila Di Mare Dalla Testa Bianca,Bald Eagle,264598530,ok,12.3,Coste e/o spiagge di ciottoli e/o ghiaia,suitable,no,breeding,,2000.0,,
151,151,Haliaeetus Leucocephalus,Aquila Di Mare Dalla Testa Bianca,Bald Eagle,264598530,ok,4.4,Prateria – Temperata,suitable,no,breeding,,2000.0,,
151,151,Haliaeetus Leucocephalus,Aquila Di Mare Dalla Testa Bianca,Bald Eagle,264598530,ok,12.6,Pozze di marea,suitable,no,breeding,,2000.0,,
152,152,Otocyon Megalotis,Volpe Delle Orecchie Grandi,Bat-Eared Fox,46123809,ok,4.5,Prateria – Subtropicale/tropicale arida,suitable,yes,unknown,,,,
152,152,Otocyon Megalotis,Volpe Delle Orecchie Grandi,Bat-Eared Fox,46123809,ok,3.8,Arbusti – Vegetazione arbustiva di tipo mediterraneo,suitable,yes,unknown,,,,
152,152,Otocyon Megalotis,Volpe Delle Orecchie Grandi,Bat-Eared Fox,46123809,ok,3.5,Arbusti – Zona secca subtropicale/tropicale,suitable,yes,unknown,,,,
152,152,Otocyon Megalotis,Volpe Delle Orecchie Grandi,Bat-Eared Fox,46123809,ok,2.1,Savana - Secca,suitable,yes,unknown,,,,
153,153,Monodelphis Domestica,Topopossum Dalla Coda Corta,Grey Short-Tailed Opossum,197307682,ok,14.6,Foresta subtropicale/tropicale fortemente degradata,suitable,yes,unknown,,,,
153,153,Monodelphis Domestica,Topopossum Dalla Coda Corta,Grey Short-Tailed Opossum,197307682,ok,3.5,Arbusti – Zona secca subtropicale/tropicale,suitable,yes,unknown,,,,
153,153,Monodelphis Domestica,Topopossum Dalla Coda Corta,Grey Short-Tailed Opossum,197307682,ok,4.5,Prateria – Subtropicale/tropicale arida,suitable,yes,unknown,,,,
153,153,Monodelphis Domestica,Topopossum Dalla Coda Corta,Grey Short-Tailed Opossum,197307682,ok,1.5,Foresta – Subtropicale/tropicale secca,suitable,yes,unknown,,,,
153,153,Monodelphis Domestica,Topopossum Dalla Coda Corta,Grey Short-Tailed Opossum,197307682,ok,1.6,Foresta – Pianura umida subtropicale/tropicale,suitable,yes,unknown,,,,
154,154,Gavia Immer,Strolago Maggiore,Great Northern Diver,132607418,ok,9.2,Neritica marina – Rocce e scogliere rocciose subtidali,suitable,yes,breeding,,500.0,,
154,154,Gavia Immer,Strolago Maggiore,Great Northern Diver,132607418,ok,9.9,Erba marina sommersa,suitable,yes,breeding,,500.0,,
154,154,Gavia Immer,Strolago Maggiore,Great Northern Diver,132607418,ok,5.5,Zone umide (interne) – Laghi permanenti di acqua dolce (oltre 8 ettari),suitable,yes,breeding,,500.0,,
154,154,Gavia Immer,Strolago Maggiore,Great Northern Diver,132607418,ok,9.7,Neritico marino – Macroalghe/alghe,suitable,yes,breeding,,500.0,,
154,154,Gavia Immer,Strolago Maggiore,Great Northern Diver,132607418,ok,9.3,Neritico marino – Roccia/ciottoli/ghiaia sciolti subtidali,suitable,yes,breeding,,500.0,,
154,154,Gavia Immer,Strolago Maggiore,Great Northern Diver,132607418,ok,5.10,Zone umide (interne) – Zone umide della tundra,suitable,yes,breeding,,500.0,,
154,154,Gavia Immer,Strolago Maggiore,Great Northern Diver,132607418,ok,9.4,Neritico marino – Sabbioso subtidale,suitable,yes,breeding,,500.0,,
154,154,Gavia Immer,Strolago Maggiore,Great Northern Diver,132607418,ok,9.5,Neritico marino – Fango sabbioso subtidale,suitable,yes,breeding,,500.0,,
154,154,Gavia Immer,Strolago Maggiore,Great Northern Diver,132607418,ok,9.1,Neritico marino – Pelagico,suitable,no,breeding,,500.0,,
154,154,Gavia Immer,Strolago Maggiore,Great Northern Diver,132607418,ok,9.10,Estuari,suitable,no,breeding,,500.0,,
155,155,Damaliscus Pygargus,Bontebok,Bontebok,50197331,ok,4.4,Prateria – Temperata,suitable,yes,resident,0.0,2000.0,,
155,155,Damaliscus Pygargus,Bontebok,Bontebok,50197331,ok,3.8,Arbusti – Vegetazione arbustiva di tipo mediterraneo,suitable,unknown,resident,0.0,2000.0,,
155,155,Damaliscus Pygargus,Bontebok,Bontebok,50197331,ok,3.4,Arbusti – Temperati,suitable,unknown,resident,0.0,2000.0,,
156,156,Macrotis Lagotis,Bilby Maggiore,Greater Bilby,21967189,ok,4.5,Prateria – Subtropicale/tropicale arida,suitable,yes,resident,,,,
156,156,Macrotis Lagotis,Bilby Maggiore,Greater Bilby,21967189,ok,2.1,Savana - Secca,suitable,yes,resident,,,,
157,157,Petauroides Volans,Petauro Maggiore,Greater Glider,217036853,ok,1.4,Foresta – Temperata,suitable,yes,resident,0.0,1200.0,,
157,157,Petauroides Volans,Petauro Maggiore,Greater Glider,217036853,ok,1.5,Foresta – Subtropicale/tropicale secca,suitable,yes,resident,0.0,1200.0,,
158,158,Ursus Americanus,Orso Nero Americano,American Black Bear,114251609,ok,1.8,Foresta – Palude subtropicale/tropicale,suitable,no,unknown,0.0,3500.0,,
158,158,Ursus Americanus,Orso Nero Americano,American Black Bear,114251609,ok,1.6,Foresta – Pianura umida subtropicale/tropicale,suitable,no,unknown,0.0,3500.0,,
158,158,Ursus Americanus,Orso Nero Americano,American Black Bear,114251609,ok,1.4,Foresta – Temperata,suitable,yes,unknown,0.0,3500.0,,
158,158,Ursus Americanus,Orso Nero Americano,American Black Bear,114251609,ok,5.4,"Zone umide (interne) – Paludi, acquitrini, torbiere",suitable,no,unknown,0.0,3500.0,,
158,158,Ursus Americanus,Orso Nero Americano,American Black Bear,114251609,ok,5.3,Zone umide (interne) – Zone umide dominate da arbusti,suitable,yes,unknown,0.0,3500.0,,
158,158,Ursus Americanus,Orso Nero Americano,American Black Bear,114251609,ok,4.1,Prateria – Tundra,suitable,yes,unknown,0.0,3500.0,,
158,158,Ursus Americanus,Orso Nero Americano,American Black Bear,114251609,ok,3.8,Arbusti – Vegetazione arbustiva di tipo mediterraneo,suitable,no,unknown,0.0,3500.0,,
158,158,Ursus Americanus,Orso Nero Americano,American Black Bear,114251609,ok,3.7,Arbusti – Zone subtropicali/tropicali di alta quota,suitable,no,unknown,0.0,3500.0,,
158,158,Ursus Americanus,Orso Nero Americano,American Black Bear,114251609,ok,14.1,Terreno arabile,marginal,unknown,unknown,0.0,3500.0,,
158,158,Ursus Americanus,Orso Nero Americano,American Black Bear,114251609,ok,14.2,Pascoli,marginal,unknown,unknown,0.0,3500.0,,
158,158,Ursus Americanus,Orso Nero Americano,American Black Bear,114251609,ok,14.3,Piantagioni,marginal,unknown,unknown,0.0,3500.0,,
158,158,Ursus Americanus,Orso Nero Americano,American Black Bear,114251609,ok,3.1,Arbusti – Subartico,marginal,unknown,unknown,0.0,3500.0,,
158,158,Ursus Americanus,Orso Nero Americano,American Black Bear,114251609,ok,1.2,Foresta - Subartico,marginal,unknown,unknown,0.0,3500.0,,
158,158,Ursus Americanus,Orso Nero Americano,American Black Bear,114251609,ok,4.7,Prateria – Alta quota subtropicale/tropicale,unknown,unknown,unknown,0.0,3500.0,,
158,158,Ursus Americanus,Orso Nero Americano,American Black Bear,114251609,ok,8.1,Deserto – Caldo,unknown,unknown,unknown,0.0,3500.0,,
158,158,Ursus Americanus,Orso Nero Americano,American Black Bear,114251609,ok,3.3,Arbusti – Boreale,suitable,yes,unknown,0.0,3500.0,,
158,158,Ursus Americanus,Orso Nero Americano,American Black Bear,114251609,ok,3.4,Arbusti – Temperati,suitable,yes,unknown,0.0,3500.0,,
158,158,Ursus Americanus,Orso Nero Americano,American Black Bear,114251609,ok,3.5,Arbusti – Zona secca subtropicale/tropicale,suitable,no,unknown,0.0,3500.0,,
158,158,Ursus Americanus,Orso Nero Americano,American Black Bear,114251609,ok,1.1,Foresta boreale,suitable,yes,unknown,0.0,3500.0,,
158,158,Ursus Americanus,Orso Nero Americano,American Black Bear,114251609,ok,3.6,Arbusti – Subtropicale/tropicale umido,suitable,no,unknown,0.0,3500.0,,
159,159,Bitis Arietans,Vipera Soffiante,Puff Adder,2485974,ok,2.1,Savana - Secca,suitable,unknown,resident,0.0,3500.0,,
159,159,Bitis Arietans,Vipera Soffiante,Puff Adder,2485974,ok,14.5,Aree urbane,marginal,unknown,resident,0.0,3500.0,,
159,159,Bitis Arietans,Vipera Soffiante,Puff Adder,2485974,ok,14.4,Orti rurali,suitable,unknown,resident,0.0,3500.0,,
159,159,Bitis Arietans,Vipera Soffiante,Puff Adder,2485974,ok,3.5,Arbusti – Zona secca subtropicale/tropicale,suitable,unknown,resident,0.0,3500.0,,
159,159,Bitis Arietans,Vipera Soffiante,Puff Adder,2485974,ok,4.5,Prateria – Subtropicale/tropicale arida,suitable,unknown,resident,0.0,3500.0,,
159,159,Bitis Arietans,Vipera Soffiante,Puff Adder,2485974,ok,6,Zone rocciose,suitable,unknown,resident,0.0,3500.0,,
159,159,Bitis Arietans,Vipera Soffiante,Puff Adder,2485974,ok,14.6,Foresta subtropicale/tropicale fortemente degradata,suitable,unknown,resident,0.0,3500.0,,
159,159,Bitis Arietans,Vipera Soffiante,Puff Adder,2485974,ok,14.1,Terreno arabile,suitable,unknown,resident,0.0,3500.0,,
159,159,Bitis Arietans,Vipera Soffiante,Puff Adder,2485974,ok,3.7,Arbusti – Zone subtropicali/tropicali di alta quota,suitable,unknown,resident,0.0,3500.0,,
159,159,Bitis Arietans,Vipera Soffiante,Puff Adder,2485974,ok,14.2,Pascoli,suitable,unknown,resident,0.0,3500.0,,
159,159,Bitis Arietans,Vipera Soffiante,Puff Adder,2485974,ok,14.3,Piantagioni,suitable,unknown,resident,0.0,3500.0,,
159,159,Bitis Arietans,Vipera Soffiante,Puff Adder,2485974,ok,4.7,Prateria – Alta quota subtropicale/tropicale,suitable,unknown,resident,0.0,3500.0,,
159,159,Bitis Arietans,Vipera Soffiante,Puff Adder,2485974,ok,1.5,Foresta – Subtropicale/tropicale secca,suitable,unknown,resident,0.0,3500.0,,
159,159,Bitis Arietans,Vipera Soffiante,Puff Adder,2485974,ok,1.7,Foresta – Vegetazione di mangrovie subtropicale/tropicale al di sopra del livello dell'alta marea,suitable,unknown,resident,0.0,3500.0,,
159,159,Bitis Arietans,Vipera Soffiante,Puff Adder,2485974,ok,1.6,Foresta – Pianura umida subtropicale/tropicale,suitable,unknown,resident,0.0,3500.0,,
159,159,Bitis Arietans,Vipera Soffiante,Puff Adder,2485974,ok,5.3,Zone umide (interne) – Zone umide dominate da arbusti,suitable,unknown,resident,0.0,3500.0,,
159,159,Bitis Arietans,Vipera Soffiante,Puff Adder,2485974,ok,4.6,Prateria – Subtropicale/tropicale stagionalmente umida/allagata,suitable,unknown,resident,0.0,3500.0,,
159,159,Bitis Arietans,Vipera Soffiante,Puff Adder,2485974,ok,3.8,Arbusti – Vegetazione arbustiva di tipo mediterraneo,suitable,unknown,resident,0.0,3500.0,,
159,159,Bitis Arietans,Vipera Soffiante,Puff Adder,2485974,ok,13.3,Dune sabbiose costiere,suitable,unknown,resident,0.0,3500.0,,
160,160,Setonix Brachyurus,Quokka,Quokka,258663635,ok,1.4,Foresta – Temperata,suitable,yes,resident,,,,
160,160,Setonix Brachyurus,Quokka,Quokka,258663635,ok,3.4,Arbusti – Temperati,suitable,yes,resident,,,,
160,160,Setonix Brachyurus,Quokka,Quokka,258663635,ok,3.8,Arbusti – Vegetazione arbustiva di tipo mediterraneo,suitable,yes,resident,,,,
160,160,Setonix Brachyurus,Quokka,Quokka,258663635,ok,5.3,Zone umide (interne) – Zone umide dominate da arbusti,suitable,yes,resident,,,,
161,161,Castor Canadensis,Castoro Canadese,North American Beaver,22187946,ok,5.5,Zone umide (interne) – Laghi permanenti di acqua dolce (oltre 8 ettari),suitable,yes,unknown,,,,
161,161,Castor Canadensis,Castoro Canadese,North American Beaver,22187946,ok,5.1,Zone umide (interne) – Fiumi/torrenti/cascate permanenti,suitable,yes,unknown,,,,
161,161,Castor Canadensis,Castoro Canadese,North American Beaver,22187946,ok,1.1,Foresta boreale,suitable,yes,unknown,,,,
161,161,Castor Canadensis,Castoro Canadese,North American Beaver,22187946,ok,1.4,Foresta – Temperata,suitable,yes,unknown,,,,
161,161,Castor Canadensis,Castoro Canadese,North American Beaver,22187946,ok,5.7,Zone umide (interne) – Paludi/stagni d'acqua dolce permanenti (inferiori a 8 ettari),suitable,yes,unknown,,,,
162,162,Coracias Caudatus,Ghiandaia Marina Codavioletta,Lilac-Breasted Roller,263602096,ok,1.5,Foresta – Subtropicale/tropicale secca,suitable,no,resident,0.0,3000.0,,
162,162,Coracias Caudatus,Ghiandaia Marina Codavioletta,Lilac-Breasted Roller,263602096,ok,4.4,Prateria – Temperata,suitable,no,resident,0.0,3000.0,,
162,162,Coracias Caudatus,Ghiandaia Marina Codavioletta,Lilac-Breasted Roller,263602096,ok,2.1,Savana - Secca,suitable,yes,resident,0.0,3000.0,,
162,162,Coracias Caudatus,Ghiandaia Marina Codavioletta,Lilac-Breasted Roller,263602096,ok,3.5,Arbusti – Zona secca subtropicale/tropicale,suitable,no,resident,0.0,3000.0,,
162,162,Coracias Caudatus,Ghiandaia Marina Codavioletta,Lilac-Breasted Roller,263602096,ok,1.6,Foresta – Pianura umida subtropicale/tropicale,suitable,no,resident,0.0,3000.0,,
162,162,Coracias Caudatus,Ghiandaia Marina Codavioletta,Lilac-Breasted Roller,263602096,ok,14.1,Terreno arabile,suitable,no,resident,0.0,3000.0,,
162,162,Coracias Caudatus,Ghiandaia Marina Codavioletta,Lilac-Breasted Roller,263602096,ok,4.5,Prateria – Subtropicale/tropicale arida,suitable,no,resident,0.0,3000.0,,
163,163,Dorcopsis Hageni,Dorcopside Di Hagen,White-Striped Dorcopsis,21952491,ok,14.4,Orti rurali,suitable,unknown,unknown,0.0,400.0,,
163,163,Dorcopsis Hageni,Dorcopside Di Hagen,White-Striped Dorcopsis,21952491,ok,14.6,Foresta subtropicale/tropicale fortemente degradata,suitable,unknown,unknown,0.0,400.0,,
163,163,Dorcopsis Hageni,Dorcopside Di Hagen,White-Striped Dorcopsis,21952491,ok,1.6,Foresta – Pianura umida subtropicale/tropicale,suitable,unknown,unknown,0.0,400.0,,
164,164,Larus Delawarensis,Gabbiano Del Delaware,Ring-Billed Gull,132541912,ok,5.4,"Zone umide (interne) – Paludi, acquitrini, torbiere",suitable,no,breeding,,100.0,,
164,164,Larus Delawarensis,Gabbiano Del Delaware,Ring-Billed Gull,132541912,ok,5.5,Zone umide (interne) – Laghi permanenti di acqua dolce (oltre 8 ettari),suitable,no,breeding,,100.0,,
164,164,Larus Delawarensis,Gabbiano Del Delaware,Ring-Billed Gull,132541912,ok,9.7,Neritico marino – Macroalghe/alghe,suitable,no,breeding,,100.0,,
164,164,Larus Delawarensis,Gabbiano Del Delaware,Ring-Billed Gull,132541912,ok,9.5,Neritico marino – Fango sabbioso subtidale,suitable,no,breeding,,100.0,,
164,164,Larus Delawarensis,Gabbiano Del Delaware,Ring-Billed Gull,132541912,ok,9.10,Estuari,suitable,no,breeding,,100.0,,
164,164,Larus Delawarensis,Gabbiano Del Delaware,Ring-Billed Gull,132541912,ok,9.1,Neritico marino – Pelagico,suitable,no,breeding,,100.0,,
164,164,Larus Delawarensis,Gabbiano Del Delaware,Ring-Billed Gull,132541912,ok,9.2,Neritica marina – Rocce e scogliere rocciose subtidali,suitable,no,breeding,,100.0,,
164,164,Larus Delawarensis,Gabbiano Del Delaware,Ring-Billed Gull,132541912,ok,4.4,Prateria – Temperata,suitable,no,breeding,,100.0,,
164,164,Larus Delawarensis,Gabbiano Del Delaware,Ring-Billed Gull,132541912,ok,15.1,Aree di stoccaggio dell'acqua oltre 8 ettari,suitable,no,breeding,,100.0,,
164,164,Larus Delawarensis,Gabbiano Del Delaware,Ring-Billed Gull,132541912,ok,9.4,Neritico marino – Sabbioso subtidale,suitable,no,breeding,,100.0,,
164,164,Larus Delawarensis,Gabbiano Del Delaware,Ring-Billed Gull,132541912,ok,9.3,Neritico marino – Roccia/ciottoli/ghiaia sciolti subtidali,suitable,no,breeding,,100.0,,
164,164,Larus Delawarensis,Gabbiano Del Delaware,Ring-Billed Gull,132541912,ok,13.5,Laghi costieri di acqua dolce,suitable,no,breeding,,100.0,,
164,164,Larus Delawarensis,Gabbiano Del Delaware,Ring-Billed Gull,132541912,ok,9.9,Erba marina sommersa,suitable,no,breeding,,100.0,,
165,165,Proteles Cristata,Iena Terrestre,Aardwolf,,assessment_not_found,,,unknown,unknown,unknown,,,,
166,166,Zaglossus Bruijni,Echidna Dal Becco Lungo Di Bruijn,Western Long-Beaked Echidna,,assessment_not_found,,,unknown,unknown,unknown,,,,
167,167,Zenaida Macroura,Tortora Americana,Mourning Dove,264596868,ok,5.1,Zone umide (interne) – Fiumi/torrenti/cascate permanenti,suitable,no,breeding,,2500.0,,
167,167,Zenaida Macroura,Tortora Americana,Mourning Dove,264596868,ok,14.4,Orti rurali,suitable,no,breeding,,2500.0,,
167,167,Zenaida Macroura,Tortora Americana,Mourning Dove,264596868,ok,14.1,Terreno arabile,suitable,no,breeding,,2500.0,,
167,167,Zenaida Macroura,Tortora Americana,Mourning Dove,264596868,ok,3.7,Arbusti – Zone subtropicali/tropicali di alta quota,suitable,no,breeding,,2500.0,,
167,167,Zenaida Macroura,Tortora Americana,Mourning Dove,264596868,ok,1.5,Foresta – Subtropicale/tropicale secca,suitable,no,breeding,,2500.0,,
167,167,Zenaida Macroura,Tortora Americana,Mourning Dove,264596868,ok,5.9,Zone umide (interne) – Sorgenti di acqua dolce e oasi,suitable,no,breeding,,2500.0,,
167,167,Zenaida Macroura,Tortora Americana,Mourning Dove,264596868,ok,14.2,Pascoli,suitable,yes,breeding,,2500.0,,
167,167,Zenaida Macroura,Tortora Americana,Mourning Dove,264596868,ok,14.6,Foresta subtropicale/tropicale fortemente degradata,suitable,no,breeding,,2500.0,,
167,167,Zenaida Macroura,Tortora Americana,Mourning Dove,264596868,ok,3.5,Arbusti – Zona secca subtropicale/tropicale,suitable,no,breeding,,2500.0,,
168,168,Tragelaphus Strepsiceros,Grande Kudu,Greater Kudu,166487759,ok,1.5,Foresta – Subtropicale/tropicale secca,suitable,no,resident,0.0,2400.0,,
168,168,Tragelaphus Strepsiceros,Grande Kudu,Greater Kudu,166487759,ok,3.5,Arbusti – Zona secca subtropicale/tropicale,suitable,yes,resident,0.0,2400.0,,
168,168,Tragelaphus Strepsiceros,Grande Kudu,Greater Kudu,166487759,ok,2.1,Savana - Secca,suitable,yes,resident,0.0,2400.0,,
168,168,Tragelaphus Strepsiceros,Grande Kudu,Greater Kudu,166487759,ok,8,Deserto,marginal,unknown,resident,0.0,2400.0,,
168,168,Tragelaphus Strepsiceros,Grande Kudu,Greater Kudu,166487759,ok,14.3,Piantagioni,marginal,unknown,resident,0.0,2400.0,,
169,169,Suncus Murinus,Crocidura Muschiata,Asian House Shrew,22287830,ok,1.8,Foresta – Palude subtropicale/tropicale,unknown,unknown,unknown,,,,
169,169,Suncus Murinus,Crocidura Muschiata,Asian House Shrew,22287830,ok,5.4,"Zone umide (interne) – Paludi, acquitrini, torbiere",unknown,unknown,unknown,,,,
169,169,Suncus Murinus,Crocidura Muschiata,Asian House Shrew,22287830,ok,14.3,Piantagioni,suitable,unknown,unknown,,,,
169,169,Suncus Murinus,Crocidura Muschiata,Asian House Shrew,22287830,ok,3.5,Arbusti – Zona secca subtropicale/tropicale,suitable,unknown,unknown,,,,
169,169,Suncus Murinus,Crocidura Muschiata,Asian House Shrew,22287830,ok,1.5,Foresta – Subtropicale/tropicale secca,suitable,unknown,unknown,,,,
169,169,Suncus Murinus,Crocidura Muschiata,Asian House Shrew,22287830,ok,14.2,Pascoli,suitable,unknown,unknown,,,,
169,169,Suncus Murinus,Crocidura Muschiata,Asian House Shrew,22287830,ok,1.6,Foresta – Pianura umida subtropicale/tropicale,suitable,unknown,unknown,,,,
169,169,Suncus Murinus,Crocidura Muschiata,Asian House Shrew,22287830,ok,14.1,Terreno arabile,suitable,unknown,unknown,,,,
169,169,Suncus Murinus,Crocidura Muschiata,Asian House Shrew,22287830,ok,4.5,Prateria – Subtropicale/tropicale arida,suitable,unknown,unknown,,,,
169,169,Suncus Murinus,Crocidura Muschiata,Asian House Shrew,22287830,ok,1.9,Foresta – Subtropicale/tropicale umida montana,suitable,unknown,unknown,,,,
169,169,Suncus Murinus,Crocidura Muschiata,Asian House Shrew,22287830,ok,14.6,Foresta subtropicale/tropicale fortemente degradata,suitable,unknown,unknown,,,,
169,169,Suncus Murinus,Crocidura Muschiata,Asian House Shrew,22287830,ok,2.2,Savana - Umida,unknown,unknown,unknown,,,,
169,169,Suncus Murinus,Crocidura Muschiata,Asian House Shrew,22287830,ok,2.1,Savana - Secca,unknown,unknown,unknown,,,,
169,169,Suncus Murinus,Crocidura Muschiata,Asian House Shrew,22287830,ok,1.4,Foresta – Temperata,unknown,unknown,unknown,,,,
169,169,Suncus Murinus,Crocidura Muschiata,Asian House Shrew,22287830,ok,3.6,Arbusti – Subtropicale/tropicale umido,suitable,unknown,unknown,,,,
169,169,Suncus Murinus,Crocidura Muschiata,Asian House Shrew,22287830,ok,14.4,Orti rurali,suitable,unknown,unknown,,,,
169,169,Suncus Murinus,Crocidura Muschiata,Asian House Shrew,22287830,ok,14.5,Aree urbane,suitable,unknown,unknown,,,,
170,170,Mellivora Capensis,Miele Badger,Honey Badger,45210107,ok,1.9,Foresta – Subtropicale/tropicale umida montana,suitable,unknown,unknown,0.0,4000.0,,
170,170,Mellivora Capensis,Miele Badger,Honey Badger,45210107,ok,3.7,Arbusti – Zone subtropicali/tropicali di alta quota,suitable,unknown,unknown,0.0,4000.0,,
170,170,Mellivora Capensis,Miele Badger,Honey Badger,45210107,ok,2.1,Savana - Secca,suitable,unknown,unknown,0.0,4000.0,,
170,170,Mellivora Capensis,Miele Badger,Honey Badger,45210107,ok,1.6,Foresta – Pianura umida subtropicale/tropicale,suitable,unknown,unknown,0.0,4000.0,,
170,170,Mellivora Capensis,Miele Badger,Honey Badger,45210107,ok,3.5,Arbusti – Zona secca subtropicale/tropicale,suitable,unknown,unknown,0.0,4000.0,,
170,170,Mellivora Capensis,Miele Badger,Honey Badger,45210107,ok,8.1,Deserto – Caldo,suitable,unknown,unknown,0.0,4000.0,,
170,170,Mellivora Capensis,Miele Badger,Honey Badger,45210107,ok,1.5,Foresta – Subtropicale/tropicale secca,suitable,unknown,unknown,0.0,4000.0,,
170,170,Mellivora Capensis,Miele Badger,Honey Badger,45210107,ok,3.8,Arbusti – Vegetazione arbustiva di tipo mediterraneo,suitable,unknown,unknown,0.0,4000.0,,
171,171,Condylura Cristata,Talpa Stellata,Star-Nosed Mole,115187740,ok,1.4,Foresta – Temperata,suitable,unknown,unknown,,,,
171,171,Condylura Cristata,Talpa Stellata,Star-Nosed Mole,115187740,ok,5.3,Zone umide (interne) – Zone umide dominate da arbusti,suitable,unknown,unknown,,,,
171,171,Condylura Cristata,Talpa Stellata,Star-Nosed Mole,115187740,ok,3.4,Arbusti – Temperati,suitable,unknown,unknown,,,,
171,171,Condylura Cristata,Talpa Stellata,Star-Nosed Mole,115187740,ok,1.1,Foresta boreale,marginal,unknown,unknown,,,,
171,171,Condylura Cristata,Talpa Stellata,Star-Nosed Mole,115187740,ok,5.1,Zone umide (interne) – Fiumi/torrenti/cascate permanenti,suitable,unknown,unknown,,,,
171,171,Condylura Cristata,Talpa Stellata,Star-Nosed Mole,115187740,ok,5.4,"Zone umide (interne) – Paludi, acquitrini, torbiere",suitable,unknown,unknown,,,,
172,172,Ramphastos Sulfuratus,Tucano Dal Becco Carenato,Keel-Billed Toucan,168670038,ok,1.7,Foresta – Vegetazione di mangrovie subtropicale/tropicale al di sopra del livello dell'alta marea,suitable,no,resident,0.0,1500.0,,
172,172,Ramphastos Sulfuratus,Tucano Dal Becco Carenato,Keel-Billed Toucan,168670038,ok,1.6,Foresta – Pianura umida subtropicale/tropicale,suitable,yes,resident,0.0,1500.0,,
172,172,Ramphastos Sulfuratus,Tucano Dal Becco Carenato,Keel-Billed Toucan,168670038,ok,1.5,Foresta – Subtropicale/tropicale secca,suitable,no,resident,0.0,1500.0,,
172,172,Ramphastos Sulfuratus,Tucano Dal Becco Carenato,Keel-Billed Toucan,168670038,ok,14.3,Piantagioni,suitable,no,resident,0.0,1500.0,,
172,172,Ramphastos Sulfuratus,Tucano Dal Becco Carenato,Keel-Billed Toucan,168670038,ok,14.2,Pascoli,suitable,no,resident,0.0,1500.0,,
172,172,Ramphastos Sulfuratus,Tucano Dal Becco Carenato,Keel-Billed Toucan,168670038,ok,1.9,Foresta – Subtropicale/tropicale umida montana,suitable,no,resident,0.0,1500.0,,
173,173,Pelecanus Onocrotalus,Pellicano Bianco,Great White Pelican,177120498,ok,5.4,"Zone umide (interne) – Paludi, acquitrini, torbiere",suitable,no,breeding,,1372.0,,
173,173,Pelecanus Onocrotalus,Pellicano Bianco,Great White Pelican,177120498,ok,5.16,"Zone umide (interne) – Paludi/stagni permanenti salini, salmastri o alcalini",suitable,yes,breeding,,1372.0,,
173,173,Pelecanus Onocrotalus,Pellicano Bianco,Great White Pelican,177120498,ok,9.2,Neritica marina – Rocce e scogliere rocciose subtidali,suitable,no,breeding,,1372.0,,
173,173,Pelecanus Onocrotalus,Pellicano Bianco,Great White Pelican,177120498,ok,9.3,Neritico marino – Roccia/ciottoli/ghiaia sciolti subtidali,suitable,no,breeding,,1372.0,,
173,173,Pelecanus Onocrotalus,Pellicano Bianco,Great White Pelican,177120498,ok,9.4,Neritico marino – Sabbioso subtidale,suitable,no,breeding,,1372.0,,
173,173,Pelecanus Onocrotalus,Pellicano Bianco,Great White Pelican,177120498,ok,9.5,Neritico marino – Fango sabbioso subtidale,suitable,no,breeding,,1372.0,,
173,173,Pelecanus Onocrotalus,Pellicano Bianco,Great White Pelican,177120498,ok,9.7,Neritico marino – Macroalghe/alghe,suitable,no,breeding,,1372.0,,
173,173,Pelecanus Onocrotalus,Pellicano Bianco,Great White Pelican,177120498,ok,9.9,Erba marina sommersa,suitable,no,breeding,,1372.0,,
173,173,Pelecanus Onocrotalus,Pellicano Bianco,Great White Pelican,177120498,ok,12.4,Coste fangose e piane fangose intertidali,suitable,no,breeding,,1372.0,,
174,174,Desmodus Rotundus,Vampiro Comune,Common Vampire Bat,21979045,ok,14.2,Pascoli,suitable,unknown,unknown,,2400.0,,
174,174,Desmodus Rotundus,Vampiro Comune,Common Vampire Bat,21979045,ok,14.5,Aree urbane,suitable,unknown,unknown,,2400.0,,
174,174,Desmodus Rotundus,Vampiro Comune,Common Vampire Bat,21979045,ok,7.1,Grotte e habitat sotterranei (non acquatici) – Grotte,suitable,yes,unknown,,2400.0,,
174,174,Desmodus Rotundus,Vampiro Comune,Common Vampire Bat,21979045,ok,6,Zone rocciose,suitable,yes,unknown,,2400.0,,
175,175,Alouatta Palliata,Scimmia Urlatrice Mantellata,Mantled Howler Monkey,190425583,ok,1.9,Foresta – Subtropicale/tropicale umida montana,unknown,unknown,unknown,0.0,2000.0,,
175,175,Alouatta Palliata,Scimmia Urlatrice Mantellata,Mantled Howler Monkey,190425583,ok,1.8,Foresta – Palude subtropicale/tropicale,unknown,unknown,unknown,0.0,2000.0,,
175,175,Alouatta Palliata,Scimmia Urlatrice Mantellata,Mantled Howler Monkey,190425583,ok,1.5,Foresta – Subtropicale/tropicale secca,suitable,yes,unknown,0.0,2000.0,,
175,175,Alouatta Palliata,Scimmia Urlatrice Mantellata,Mantled Howler Monkey,190425583,ok,1.6,Foresta – Pianura umida subtropicale/tropicale,suitable,yes,unknown,0.0,2000.0,,
175,175,Alouatta Palliata,Scimmia Urlatrice Mantellata,Mantled Howler Monkey,190425583,ok,1.7,Foresta – Vegetazione di mangrovie subtropicale/tropicale al di sopra del livello dell'alta marea,suitable,yes,unknown,0.0,2000.0,,
176,176,Oryx Gazella,Orice Del Capo,Gemsbok,166485425,ok,8.2,Deserto – Temperato,suitable,no,unknown,,,,
176,176,Oryx Gazella,Orice Del Capo,Gemsbok,166485425,ok,4.5,Prateria – Subtropicale/tropicale arida,suitable,yes,unknown,,,,
176,176,Oryx Gazella,Orice Del Capo,Gemsbok,166485425,ok,3.5,Arbusti – Zona secca subtropicale/tropicale,suitable,yes,unknown,,,,
176,176,Oryx Gazella,Orice Del Capo,Gemsbok,166485425,ok,2.1,Savana - Secca,suitable,yes,unknown,,,,
177,177,Macroderma Gigas,Fantasma Australiano,Ghost Bat,209530568,ok,2.1,Savana - Secca,suitable,unknown,unknown,,,,
177,177,Macroderma Gigas,Fantasma Australiano,Ghost Bat,209530568,ok,3.5,Arbusti – Zona secca subtropicale/tropicale,suitable,unknown,unknown,,,,
177,177,Macroderma Gigas,Fantasma Australiano,Ghost Bat,209530568,ok,6,Zone rocciose,suitable,unknown,unknown,,,,
177,177,Macroderma Gigas,Fantasma Australiano,Ghost Bat,209530568,ok,7.1,Grotte e habitat sotterranei (non acquatici) – Grotte,suitable,unknown,unknown,,,,
177,177,Macroderma Gigas,Fantasma Australiano,Ghost Bat,209530568,ok,7.2,Grotte e habitat sotterranei (non acquatici) – Altri habitat sotterranei,suitable,unknown,unknown,,,,
177,177,Macroderma Gigas,Fantasma Australiano,Ghost Bat,209530568,ok,1.5,Foresta – Subtropicale/tropicale secca,marginal,unknown,unknown,,,,
177,177,Macroderma Gigas,Fantasma Australiano,Ghost Bat,209530568,ok,1.6,Foresta – Pianura umida subtropicale/tropicale,marginal,unknown,unknown,,,,
177,177,Macroderma Gigas,Fantasma Australiano,Ghost Bat,209530568,ok,1.7,Foresta – Vegetazione di mangrovie subtropicale/tropicale al di sopra del livello dell'alta marea,suitable,unknown,unknown,,,,
178,178,Leptoptilos Crumenifer,Marabù Africano,Marabou Stork,268372173,ok,14.4,Orti rurali,suitable,no,resident,0.0,4200.0,,
178,178,Leptoptilos Crumenifer,Marabù Africano,Marabou Stork,268372173,ok,2.1,Savana - Secca,suitable,no,resident,0.0,4200.0,,
178,178,Leptoptilos Crumenifer,Marabù Africano,Marabou Stork,268372173,ok,4.5,Prateria – Subtropicale/tropicale arida,suitable,no,resident,0.0,4200.0,,
178,178,Leptoptilos Crumenifer,Marabù Africano,Marabou Stork,268372173,ok,5.5,Zone umide (interne) – Laghi permanenti di acqua dolce (oltre 8 ettari),suitable,no,resident,0.0,4200.0,,
179,179,Eumops Perotis,Pipistrello Mastino Gigante,Western Mastiff Bat,97207171,ok,1.6,Foresta – Pianura umida subtropicale/tropicale,suitable,yes,unknown,,,,
179,179,Eumops Perotis,Pipistrello Mastino Gigante,Western Mastiff Bat,97207171,ok,1.5,Foresta – Subtropicale/tropicale secca,suitable,yes,unknown,,,,
179,179,Eumops Perotis,Pipistrello Mastino Gigante,Western Mastiff Bat,97207171,ok,7.1,Grotte e habitat sotterranei (non acquatici) – Grotte,suitable,yes,unknown,,,,
179,179,Eumops Perotis,Pipistrello Mastino Gigante,Western Mastiff Bat,97207171,ok,14.5,Aree urbane,marginal,unknown,unknown,,,,
180,180,Ara Macao,Ara Scarlatta,Scarlet Macaw,163778999,ok,1.7,Foresta – Vegetazione di mangrovie subtropicale/tropicale al di sopra del livello dell'alta marea,suitable,no,resident,0.0,1000.0,,
180,180,Ara Macao,Ara Scarlatta,Scarlet Macaw,163778999,ok,1.6,Foresta – Pianura umida subtropicale/tropicale,suitable,yes,resident,0.0,1000.0,,
180,180,Ara Macao,Ara Scarlatta,Scarlet Macaw,163778999,ok,1.5,Foresta – Subtropicale/tropicale secca,suitable,no,resident,0.0,1000.0,,
180,180,Ara Macao,Ara Scarlatta,Scarlet Macaw,163778999,ok,2.2,Savana - Umida,suitable,no,resident,0.0,1000.0,,
181,181,Hystrix Africaeaustralis,Porcospino Del Capo,Cape Porcupine,115099085,ok,14.4,Orti rurali,suitable,unknown,unknown,0.0,2000.0,,
181,181,Hystrix Africaeaustralis,Porcospino Del Capo,Cape Porcupine,115099085,ok,3.5,Arbusti – Zona secca subtropicale/tropicale,suitable,unknown,unknown,0.0,2000.0,,
181,181,Hystrix Africaeaustralis,Porcospino Del Capo,Cape Porcupine,115099085,ok,2.2,Savana - Umida,suitable,unknown,unknown,0.0,2000.0,,
181,181,Hystrix Africaeaustralis,Porcospino Del Capo,Cape Porcupine,115099085,ok,14.2,Pascoli,unknown,unknown,unknown,0.0,2000.0,,
181,181,Hystrix Africaeaustralis,Porcospino Del Capo,Cape Porcupine,115099085,ok,14.3,Piantagioni,suitable,unknown,unknown,0.0,2000.0,,
181,181,Hystrix Africaeaustralis,Porcospino Del Capo,Cape Porcupine,115099085,ok,4.5,Prateria – Subtropicale/tropicale arida,suitable,unknown,unknown,0.0,2000.0,,
181,181,Hystrix Africaeaustralis,Porcospino Del Capo,Cape Porcupine,115099085,ok,14.1,Terreno arabile,suitable,unknown,unknown,0.0,2000.0,,
182,182,Crocodylus Mindorensis,Coccodrillo Delle Filippine,Philippine Crocodile,3048281,ok,5.4,"Zone umide (interne) – Paludi, acquitrini, torbiere",suitable,yes,unknown,0.0,850.0,,
182,182,Crocodylus Mindorensis,Coccodrillo Delle Filippine,Philippine Crocodile,3048281,ok,5.1,Zone umide (interne) – Fiumi/torrenti/cascate permanenti,suitable,yes,unknown,0.0,850.0,,
182,182,Crocodylus Mindorensis,Coccodrillo Delle Filippine,Philippine Crocodile,3048281,ok,5.2,Zone umide (interne) – Fiumi/torrenti/canali stagionali/intermittenti/irregolari,marginal,unknown,unknown,0.0,850.0,,
182,182,Crocodylus Mindorensis,Coccodrillo Delle Filippine,Philippine Crocodile,3048281,ok,5.7,Zone umide (interne) – Paludi/stagni d'acqua dolce permanenti (inferiori a 8 ettari),suitable,yes,unknown,0.0,850.0,,
183,183,Cebus Imitator,Cappuccino Di Panama,Panamanian White-Faced Capuchin,191708420,ok,1.8,Foresta – Palude subtropicale/tropicale,suitable,unknown,unknown,,1500.0,,
183,183,Cebus Imitator,Cappuccino Di Panama,Panamanian White-Faced Capuchin,191708420,ok,1.5,Foresta – Subtropicale/tropicale secca,suitable,unknown,unknown,,1500.0,,
183,183,Cebus Imitator,Cappuccino Di Panama,Panamanian White-Faced Capuchin,191708420,ok,1.6,Foresta – Pianura umida subtropicale/tropicale,suitable,unknown,unknown,,1500.0,,
183,183,Cebus Imitator,Cappuccino Di Panama,Panamanian White-Faced Capuchin,191708420,ok,1.9,Foresta – Subtropicale/tropicale umida montana,suitable,unknown,unknown,,1500.0,,
184,184,Lemur Catta,Lemure Dalla Coda Ad Anelli,Ring-Tailed Lemur,115565760,ok,1.5,Foresta – Subtropicale/tropicale secca,suitable,yes,resident,,2600.0,,
184,184,Lemur Catta,Lemure Dalla Coda Ad Anelli,Ring-Tailed Lemur,115565760,ok,3.5,Arbusti – Zona secca subtropicale/tropicale,suitable,yes,resident,,2600.0,,
184,184,Lemur Catta,Lemure Dalla Coda Ad Anelli,Ring-Tailed Lemur,115565760,ok,1.9,Foresta – Subtropicale/tropicale umida montana,suitable,yes,resident,,2600.0,,
184,184,Lemur Catta,Lemure Dalla Coda Ad Anelli,Ring-Tailed Lemur,115565760,ok,6,Zone rocciose,suitable,yes,resident,,2600.0,,
184,184,Lemur Catta,Lemure Dalla Coda Ad Anelli,Ring-Tailed Lemur,115565760,ok,7.1,Grotte e habitat sotterranei (non acquatici) – Grotte,suitable,yes,resident,,2600.0,,
185,185,Tomistoma Schlegelii,Falso Gaviale Malese,False Gharial,214287051,ok,5.1,Zone umide (interne) – Fiumi/torrenti/cascate permanenti,suitable,yes,resident,0.0,200.0,,
185,185,Tomistoma Schlegelii,Falso Gaviale Malese,False Gharial,214287051,ok,5.4,"Zone umide (interne) – Paludi, acquitrini, torbiere",suitable,yes,resident,0.0,200.0,,
185,185,Tomistoma Schlegelii,Falso Gaviale Malese,False Gharial,214287051,ok,5.5,Zone umide (interne) – Laghi permanenti di acqua dolce (oltre 8 ettari),suitable,yes,resident,0.0,200.0,,
185,185,Tomistoma Schlegelii,Falso Gaviale Malese,False Gharial,214287051,ok,1.8,Foresta – Palude subtropicale/tropicale,suitable,yes,resident,0.0,200.0,,
185,185,Tomistoma Schlegelii,Falso Gaviale Malese,False Gharial,214287051,ok,1.6,Foresta – Pianura umida subtropicale/tropicale,marginal,unknown,resident,0.0,200.0,,
185,185,Tomistoma Schlegelii,Falso Gaviale Malese,False Gharial,214287051,ok,1.7,Foresta – Vegetazione di mangrovie subtropicale/tropicale al di sopra del livello dell'alta marea,unknown,unknown,unknown,0.0,200.0,,
185,185,Tomistoma Schlegelii,Falso Gaviale Malese,False Gharial,214287051,ok,5.6,Zone umide (interne) – Laghi d'acqua dolce stagionali/intermittenti (oltre 8 ha),marginal,unknown,unknown,0.0,200.0,,
185,185,Tomistoma Schlegelii,Falso Gaviale Malese,False Gharial,214287051,ok,5.7,Zone umide (interne) – Paludi/stagni d'acqua dolce permanenti (inferiori a 8 ettari),suitable,yes,resident,0.0,200.0,,
186,186,Nasua Narica,Coati Dal Naso Bianco,White-Nosed Coati,45216060,ok,4.5,Prateria – Subtropicale/tropicale arida,marginal,unknown,unknown,,,,
186,186,Nasua Narica,Coati Dal Naso Bianco,White-Nosed Coati,45216060,ok,1.6,Foresta – Pianura umida subtropicale/tropicale,suitable,yes,unknown,,,,
186,186,Nasua Narica,Coati Dal Naso Bianco,White-Nosed Coati,45216060,ok,1.5,Foresta – Subtropicale/tropicale secca,suitable,yes,unknown,,,,
187,187,Propithecus Coquereli,Sifaka Di Coquerel,Coquerel'S Sifaka,115572275,ok,1.7,Foresta – Vegetazione di mangrovie subtropicale/tropicale al di sopra del livello dell'alta marea,marginal,unknown,resident,7.0,380.0,,
187,187,Propithecus Coquereli,Sifaka Di Coquerel,Coquerel'S Sifaka,115572275,ok,1.5,Foresta – Subtropicale/tropicale secca,suitable,yes,resident,7.0,380.0,,
188,188,Paleosuchus Palpebrosus,Caimano Di Cuvier,Cuvier'S Dwarf Caiman,3009946,ok,5.1,Zone umide (interne) – Fiumi/torrenti/cascate permanenti,suitable,yes,resident,100.0,500.0,,
189,189,Furcifer Pardalis,Camaleonte Pantera,Panther Chameleon,6947909,ok,14.3,Piantagioni,suitable,unknown,unknown,0.0,950.0,,
189,189,Furcifer Pardalis,Camaleonte Pantera,Panther Chameleon,6947909,ok,3.6,Arbusti – Subtropicale/tropicale umido,suitable,unknown,unknown,0.0,950.0,,
189,189,Furcifer Pardalis,Camaleonte Pantera,Panther Chameleon,6947909,ok,14.6,Foresta subtropicale/tropicale fortemente degradata,suitable,yes,unknown,0.0,950.0,,
189,189,Furcifer Pardalis,Camaleonte Pantera,Panther Chameleon,6947909,ok,14.4,Orti rurali,suitable,unknown,unknown,0.0,950.0,,
189,189,Furcifer Pardalis,Camaleonte Pantera,Panther Chameleon,6947909,ok,1.5,Foresta – Subtropicale/tropicale secca,suitable,no,unknown,0.0,950.0,,
189,189,Furcifer Pardalis,Camaleonte Pantera,Panther Chameleon,6947909,ok,1.6,Foresta – Pianura umida subtropicale/tropicale,suitable,no,unknown,0.0,950.0,,
190,190,Cyclura Lewisi,Iguana Blu Delle Cayman,Blue Iguana,2994409,ok,3.5,Arbusti – Zona secca subtropicale/tropicale,suitable,yes,unknown,1.0,6.0,,
190,190,Cyclura Lewisi,Iguana Blu Delle Cayman,Blue Iguana,2994409,ok,14.3,Piantagioni,marginal,unknown,unknown,1.0,6.0,,
190,190,Cyclura Lewisi,Iguana Blu Delle Cayman,Blue Iguana,2994409,ok,14.2,Pascoli,marginal,unknown,unknown,1.0,6.0,,
190,190,Cyclura Lewisi,Iguana Blu Delle Cayman,Blue Iguana,2994409,ok,1.5,Foresta – Subtropicale/tropicale secca,marginal,unknown,unknown,1.0,6.0,,
190,190,Cyclura Lewisi,Iguana Blu Delle Cayman,Blue Iguana,2994409,ok,14.1,Terreno arabile,marginal,unknown,unknown,1.0,6.0,,
190,190,Cyclura Lewisi,Iguana Blu Delle Cayman,Blue Iguana,2994409,ok,12.2,"Coste sabbiose e/o spiagge, banchi di sabbia, lingue di sabbia",suitable,no,unknown,1.0,6.0,,
190,190,Cyclura Lewisi,Iguana Blu Delle Cayman,Blue Iguana,2994409,ok,14.6,Foresta subtropicale/tropicale fortemente degradata,marginal,unknown,unknown,1.0,6.0,,
191,191,Agalychnis Callidryas,Rana Dagli Occhi Rossi,Red-Eyed Tree Frog,3028059,ok,5.8,Zone umide (interne) – Paludi/stagni d'acqua dolce stagionali/intermittenti (inferiori a 8 ettari),suitable,yes,resident,0.0,1700.0,,
191,191,Agalychnis Callidryas,Rana Dagli Occhi Rossi,Red-Eyed Tree Frog,3028059,ok,5.7,Zone umide (interne) – Paludi/stagni d'acqua dolce permanenti (inferiori a 8 ettari),suitable,yes,resident,0.0,1700.0,,
191,191,Agalychnis Callidryas,Rana Dagli Occhi Rossi,Red-Eyed Tree Frog,3028059,ok,1.5,Foresta – Subtropicale/tropicale secca,suitable,yes,resident,0.0,1700.0,,
191,191,Agalychnis Callidryas,Rana Dagli Occhi Rossi,Red-Eyed Tree Frog,3028059,ok,1.6,Foresta – Pianura umida subtropicale/tropicale,suitable,yes,resident,0.0,1700.0,,
191,191,Agalychnis Callidryas,Rana Dagli Occhi Rossi,Red-Eyed Tree Frog,3028059,ok,1.9,Foresta – Subtropicale/tropicale umida montana,suitable,yes,resident,0.0,1700.0,,
191,191,Agalychnis Callidryas,Rana Dagli Occhi Rossi,Red-Eyed Tree Frog,3028059,ok,14.6,Foresta subtropicale/tropicale fortemente degradata,suitable,unknown,resident,0.0,1700.0,,
192,192,Cryptoprocta Ferox,Fossa,Fossa,45197189,ok,1.5,Foresta – Subtropicale/tropicale secca,suitable,yes,unknown,0.0,2600.0,,
192,192,Cryptoprocta Ferox,Fossa,Fossa,45197189,ok,1.6,Foresta – Pianura umida subtropicale/tropicale,suitable,yes,unknown,0.0,2600.0,,
192,192,Cryptoprocta Ferox,Fossa,Fossa,45197189,ok,1.9,Foresta – Subtropicale/tropicale umida montana,suitable,yes,unknown,0.0,2600.0,,
193,193,Conolophus Subcristatus,Iguana Terrestre Delle Galápagos,Galápagos Land Iguana,3014082,ok,1.5,Foresta – Subtropicale/tropicale secca,suitable,yes,resident,0.0,1707.0,,
193,193,Conolophus Subcristatus,Iguana Terrestre Delle Galápagos,Galápagos Land Iguana,3014082,ok,3.5,Arbusti – Zona secca subtropicale/tropicale,suitable,yes,resident,0.0,1707.0,,
194,194,Morpho Peleides,Morfo Blu,Blue Morpho,,assessment_not_found,,,unknown,unknown,unknown,,,,
195,195,Uroplatus Fimbriatus,Geco Foglia Gigante Del Madagascar,Giant Leaf-Tailed Gecko,6945080,ok,1.6,Foresta – Pianura umida subtropicale/tropicale,suitable,yes,unknown,0.0,800.0,,
196,196,Varanus Salvadorii,Varano Coccodrillo,Crocodile Monitor,42485784,ok,1.6,Foresta – Pianura umida subtropicale/tropicale,suitable,yes,resident,0.0,740.0,,
197,197,Phelsuma Madagascariensis,Geco Diurno Del Madagascar,Madagascar Day Gecko,6951710,ok,14.3,Piantagioni,suitable,unknown,unknown,0.0,1000.0,,
197,197,Phelsuma Madagascariensis,Geco Diurno Del Madagascar,Madagascar Day Gecko,6951710,ok,14.6,Foresta subtropicale/tropicale fortemente degradata,suitable,unknown,unknown,0.0,1000.0,,
197,197,Phelsuma Madagascariensis,Geco Diurno Del Madagascar,Madagascar Day Gecko,6951710,ok,14.4,Orti rurali,suitable,unknown,unknown,0.0,1000.0,,
197,197,Phelsuma Madagascariensis,Geco Diurno Del Madagascar,Madagascar Day Gecko,6951710,ok,14.5,Aree urbane,suitable,unknown,unknown,0.0,1000.0,,
197,197,Phelsuma Madagascariensis,Geco Diurno Del Madagascar,Madagascar Day Gecko,6951710,ok,1.5,Foresta – Subtropicale/tropicale secca,suitable,unknown,unknown,0.0,1000.0,,
197,197,Phelsuma Madagascariensis,Geco Diurno Del Madagascar,Madagascar Day Gecko,6951710,ok,1.6,Foresta – Pianura umida subtropicale/tropicale,suitable,unknown,unknown,0.0,1000.0,,
198,198,Varanus Albigularis,Varano Dalla Gola Bianca,White-Throated Monitor,22473630,ok,2.1,Savana - Secca,suitable,yes,resident,0.0,2000.0,,
198,198,Varanus Albigularis,Varano Dalla Gola Bianca,White-Throated Monitor,22473630,ok,3.6,Arbusti – Subtropicale/tropicale umido,suitable,yes,resident,0.0,2000.0,,
198,198,Varanus Albigularis,Varano Dalla Gola Bianca,White-Throated Monitor,22473630,ok,1.5,Foresta – Subtropicale/tropicale secca,suitable,yes,resident,0.0,2000.0,,
199,199,Didelphis Marsupialis,Opossum Comune,Common Opossum,197310576,ok,3.6,Arbusti – Subtropicale/tropicale umido,suitable,yes,unknown,0.0,2000.0,,
199,199,Didelphis Marsupialis,Opossum Comune,Common Opossum,197310576,ok,1.9,Foresta – Subtropicale/tropicale umida montana,marginal,unknown,unknown,0.0,2000.0,,
199,199,Didelphis Marsupialis,Opossum Comune,Common Opossum,197310576,ok,14.1,Terreno arabile,marginal,unknown,unknown,0.0,2000.0,,
199,199,Didelphis Marsupialis,Opossum Comune,Common Opossum,197310576,ok,14.3,Piantagioni,marginal,unknown,unknown,0.0,2000.0,,
199,199,Didelphis Marsupialis,Opossum Comune,Common Opossum,197310576,ok,14.4,Orti rurali,marginal,unknown,unknown,0.0,2000.0,,
199,199,Didelphis Marsupialis,Opossum Comune,Common Opossum,197310576,ok,14.5,Aree urbane,marginal,unknown,unknown,0.0,2000.0,,
199,199,Didelphis Marsupialis,Opossum Comune,Common Opossum,197310576,ok,3.5,Arbusti – Zona secca subtropicale/tropicale,marginal,unknown,unknown,0.0,2000.0,,
199,199,Didelphis Marsupialis,Opossum Comune,Common Opossum,197310576,ok,1.7,Foresta – Vegetazione di mangrovie subtropicale/tropicale al di sopra del livello dell'alta marea,marginal,unknown,unknown,0.0,2000.0,,
199,199,Didelphis Marsupialis,Opossum Comune,Common Opossum,197310576,ok,1.5,Foresta – Subtropicale/tropicale secca,suitable,yes,unknown,0.0,2000.0,,
199,199,Didelphis Marsupialis,Opossum Comune,Common Opossum,197310576,ok,1.6,Foresta – Pianura umida subtropicale/tropicale,suitable,yes,unknown,0.0,2000.0,,
199,199,Didelphis Marsupialis,Opossum Comune,Common Opossum,197310576,ok,1.8,Foresta – Palude subtropicale/tropicale,suitable,yes,unknown,0.0,2000.0,,
200,200,Indri Indri,Indri,Indri,115565566,ok,1.6,Foresta – Pianura umida subtropicale/tropicale,suitable,yes,resident,10.0,1800.0,,
200,200,Indri Indri,Indri,Indri,115565566,ok,1.9,Foresta – Subtropicale/tropicale umida montana,suitable,yes,resident,10.0,1800.0,,
201,201,Chlamydosaurus Kingii,Drago Con Collare,Frilled Lizard,21644690,ok,1.5,Foresta – Subtropicale/tropicale secca,suitable,unknown,resident,,,,
201,201,Chlamydosaurus Kingii,Drago Con Collare,Frilled Lizard,21644690,ok,14.4,Orti rurali,marginal,unknown,resident,,,,
201,201,Chlamydosaurus Kingii,Drago Con Collare,Frilled Lizard,21644690,ok,14.5,Aree urbane,marginal,unknown,resident,,,,
201,201,Chlamydosaurus Kingii,Drago Con Collare,Frilled Lizard,21644690,ok,2.2,Savana - Umida,suitable,unknown,resident,,,,
202,202,Eulemur Fulvus,Lemure Bruno,Common Brown Lemur,115562499,ok,1.6,Foresta – Pianura umida subtropicale/tropicale,suitable,yes,resident,0.0,1880.0,,
202,202,Eulemur Fulvus,Lemure Bruno,Common Brown Lemur,115562499,ok,1.5,Foresta – Subtropicale/tropicale secca,suitable,yes,resident,0.0,1880.0,,
202,202,Eulemur Fulvus,Lemure Bruno,Common Brown Lemur,115562499,ok,1.9,Foresta – Subtropicale/tropicale umida montana,suitable,yes,resident,0.0,1880.0,,
203,203,Moloch Horridus,Diavolo Spinoso,Thorny Devil,83492039,ok,8.1,Deserto – Caldo,suitable,unknown,resident,,,,
203,203,Moloch Horridus,Diavolo Spinoso,Thorny Devil,83492039,ok,3.8,Arbusti – Vegetazione arbustiva di tipo mediterraneo,suitable,unknown,resident,,,,
203,203,Moloch Horridus,Diavolo Spinoso,Thorny Devil,83492039,ok,3.4,Arbusti – Temperati,suitable,unknown,resident,,,,
203,203,Moloch Horridus,Diavolo Spinoso,Thorny Devil,83492039,ok,3.5,Arbusti – Zona secca subtropicale/tropicale,suitable,unknown,resident,,,,
204,204,Trogon Massena,Trogon Di Massena,Slaty-Tailed Trogon,152224279,ok,1.7,Foresta – Vegetazione di mangrovie subtropicale/tropicale al di sopra del livello dell'alta marea,suitable,no,resident,0.0,1550.0,,
204,204,Trogon Massena,Trogon Di Massena,Slaty-Tailed Trogon,152224279,ok,1.6,Foresta – Pianura umida subtropicale/tropicale,suitable,yes,resident,0.0,1550.0,,
204,204,Trogon Massena,Trogon Di Massena,Slaty-Tailed Trogon,152224279,ok,14.6,Foresta subtropicale/tropicale fortemente degradata,suitable,no,resident,0.0,1550.0,,
204,204,Trogon Massena,Trogon Di Massena,Slaty-Tailed Trogon,152224279,ok,14.3,Piantagioni,suitable,no,resident,0.0,1550.0,,
205,205,Varecia Variegata,Lemure A Collare Bianco E Nero,Black-And-White Ruffed Lemur,115574178,ok,1.6,Foresta – Pianura umida subtropicale/tropicale,suitable,yes,resident,3.0,1319.0,,
205,205,Varecia Variegata,Lemure A Collare Bianco E Nero,Black-And-White Ruffed Lemur,115574178,ok,1.9,Foresta – Subtropicale/tropicale umida montana,suitable,yes,resident,3.0,1319.0,,
206,206,Corucia Zebrata,Scinco Delle Salomone,Solomon Islands Skink,2463961,ok,1.6,Foresta – Pianura umida subtropicale/tropicale,suitable,yes,resident,,,,
207,207,Sciurus Variegatoides,Scoiattolo Variegato Del Centroamerica,Variegated Squirrel,22246448,ok,1.9,Foresta – Subtropicale/tropicale umida montana,suitable,unknown,unknown,,,,
207,207,Sciurus Variegatoides,Scoiattolo Variegato Del Centroamerica,Variegated Squirrel,22246448,ok,14.1,Terreno arabile,suitable,unknown,unknown,,,,
207,207,Sciurus Variegatoides,Scoiattolo Variegato Del Centroamerica,Variegated Squirrel,22246448,ok,14.3,Piantagioni,suitable,unknown,unknown,,,,
207,207,Sciurus Variegatoides,Scoiattolo Variegato Del Centroamerica,Variegated Squirrel,22246448,ok,1.5,Foresta – Subtropicale/tropicale secca,suitable,unknown,unknown,,,,
207,207,Sciurus Variegatoides,Scoiattolo Variegato Del Centroamerica,Variegated Squirrel,22246448,ok,1.6,Foresta – Pianura umida subtropicale/tropicale,suitable,unknown,unknown,,,,
208,208,Dromas Ardeola,Droma Granchiaiola,Crab-Plover,265007778,ok,12.2,"Coste sabbiose e/o spiagge, banchi di sabbia, lingue di sabbia",suitable,yes,breeding,0.0,150.0,,
208,208,Dromas Ardeola,Droma Granchiaiola,Crab-Plover,265007778,ok,12.4,Coste fangose e piane fangose intertidali,suitable,yes,breeding,0.0,150.0,,
208,208,Dromas Ardeola,Droma Granchiaiola,Crab-Plover,265007778,ok,13.4,Lagune costiere salmastre/saline/laghi marini,suitable,no,breeding,0.0,150.0,,
208,208,Dromas Ardeola,Droma Granchiaiola,Crab-Plover,265007778,ok,13.5,Laghi costieri di acqua dolce,suitable,no,breeding,0.0,150.0,,
208,208,Dromas Ardeola,Droma Granchiaiola,Crab-Plover,265007778,ok,12.1,Costa rocciosa,suitable,no,breeding,0.0,150.0,,
208,208,Dromas Ardeola,Droma Granchiaiola,Crab-Plover,265007778,ok,12.3,Coste e/o spiagge di ciottoli e/o ghiaia,suitable,yes,breeding,0.0,150.0,,
209,209,Tiliqua Rugosa,Scinco Dalla Lingua Blu Rugoso,Shingleback Skink,109481530,ok,3.5,Arbusti – Zona secca subtropicale/tropicale,suitable,unknown,resident,,,,
209,209,Tiliqua Rugosa,Scinco Dalla Lingua Blu Rugoso,Shingleback Skink,109481530,ok,13.3,Dune sabbiose costiere,suitable,unknown,resident,,,,
209,209,Tiliqua Rugosa,Scinco Dalla Lingua Blu Rugoso,Shingleback Skink,109481530,ok,14.4,Orti rurali,suitable,unknown,resident,,,,
209,209,Tiliqua Rugosa,Scinco Dalla Lingua Blu Rugoso,Shingleback Skink,109481530,ok,3.4,Arbusti – Temperati,suitable,unknown,resident,,,,
209,209,Tiliqua Rugosa,Scinco Dalla Lingua Blu Rugoso,Shingleback Skink,109481530,ok,1.4,Foresta – Temperata,suitable,unknown,resident,,,,
210,210,Mantella Aurantiaca,Mantella Dorata,Golden Mantella,508612,ok,1.8,Foresta – Palude subtropicale/tropicale,marginal,unknown,resident,867.0,1065.0,,
210,210,Mantella Aurantiaca,Mantella Dorata,Golden Mantella,508612,ok,5.4,"Zone umide (interne) – Paludi, acquitrini, torbiere",marginal,unknown,resident,867.0,1065.0,,
210,210,Mantella Aurantiaca,Mantella Dorata,Golden Mantella,508612,ok,1.6,Foresta – Pianura umida subtropicale/tropicale,suitable,yes,resident,867.0,1065.0,,
210,210,Mantella Aurantiaca,Mantella Dorata,Golden Mantella,508612,ok,5.7,Zone umide (interne) – Paludi/stagni d'acqua dolce permanenti (inferiori a 8 ettari),suitable,yes,breeding,867.0,1065.0,,
210,210,Mantella Aurantiaca,Mantella Dorata,Golden Mantella,508612,ok,5.8,Zone umide (interne) – Paludi/stagni d'acqua dolce stagionali/intermittenti (inferiori a 8 ettari),suitable,yes,breeding,867.0,1065.0,,
211,211,Ouroborus Cataphractus,Lucertola Armadillo,Armadillo Girdled Lizard,197397829,ok,6,Zone rocciose,suitable,unknown,unknown,,,,
211,211,Ouroborus Cataphractus,Lucertola Armadillo,Armadillo Girdled Lizard,197397829,ok,3.8,Arbusti – Vegetazione arbustiva di tipo mediterraneo,suitable,unknown,unknown,,,,
211,211,Ouroborus Cataphractus,Lucertola Armadillo,Armadillo Girdled Lizard,197397829,ok,3.5,Arbusti – Zona secca subtropicale/tropicale,suitable,unknown,unknown,,,,
212,212,Amazona Albifrons,Pappagallo Dalla Fronte Bianca,White-Fronted Amazon,131918643,ok,14.2,Pascoli,suitable,no,resident,,1800.0,,
212,212,Amazona Albifrons,Pappagallo Dalla Fronte Bianca,White-Fronted Amazon,131918643,ok,2.1,Savana - Secca,suitable,no,resident,,1800.0,,
212,212,Amazona Albifrons,Pappagallo Dalla Fronte Bianca,White-Fronted Amazon,131918643,ok,1.5,Foresta – Subtropicale/tropicale secca,suitable,yes,resident,,1800.0,,
212,212,Amazona Albifrons,Pappagallo Dalla Fronte Bianca,White-Fronted Amazon,131918643,ok,14.1,Terreno arabile,suitable,no,resident,,1800.0,,
212,212,Amazona Albifrons,Pappagallo Dalla Fronte Bianca,White-Fronted Amazon,131918643,ok,3.5,Arbusti – Zona secca subtropicale/tropicale,suitable,no,resident,,1800.0,,
212,212,Amazona Albifrons,Pappagallo Dalla Fronte Bianca,White-Fronted Amazon,131918643,ok,1.7,Foresta – Vegetazione di mangrovie subtropicale/tropicale al di sopra del livello dell'alta marea,suitable,no,resident,,1800.0,,
212,212,Amazona Albifrons,Pappagallo Dalla Fronte Bianca,White-Fronted Amazon,131918643,ok,14.6,Foresta subtropicale/tropicale fortemente degradata,suitable,no,resident,,1800.0,,
212,212,Amazona Albifrons,Pappagallo Dalla Fronte Bianca,White-Fronted Amazon,131918643,ok,1.6,Foresta – Pianura umida subtropicale/tropicale,suitable,no,resident,,1800.0,,
213,213,Tenrec Ecaudatus,Tenrec Comune,Common Tenrec,97204107,ok,1.6,Foresta – Pianura umida subtropicale/tropicale,suitable,no,unknown,0.0,2050.0,,
213,213,Tenrec Ecaudatus,Tenrec Comune,Common Tenrec,97204107,ok,1.5,Foresta – Subtropicale/tropicale secca,suitable,no,unknown,0.0,2050.0,,
213,213,Tenrec Ecaudatus,Tenrec Comune,Common Tenrec,97204107,ok,4.7,Prateria – Alta quota subtropicale/tropicale,suitable,no,unknown,0.0,2050.0,,
213,213,Tenrec Ecaudatus,Tenrec Comune,Common Tenrec,97204107,ok,1.9,Foresta – Subtropicale/tropicale umida montana,suitable,no,unknown,0.0,2050.0,,
213,213,Tenrec Ecaudatus,Tenrec Comune,Common Tenrec,97204107,ok,14.1,Terreno arabile,suitable,no,unknown,0.0,2050.0,,
213,213,Tenrec Ecaudatus,Tenrec Comune,Common Tenrec,97204107,ok,14.2,Pascoli,suitable,no,unknown,0.0,2050.0,,
213,213,Tenrec Ecaudatus,Tenrec Comune,Common Tenrec,97204107,ok,14.3,Piantagioni,suitable,no,unknown,0.0,2050.0,,
213,213,Tenrec Ecaudatus,Tenrec Comune,Common Tenrec,97204107,ok,14.4,Orti rurali,suitable,no,unknown,0.0,2050.0,,
213,213,Tenrec Ecaudatus,Tenrec Comune,Common Tenrec,97204107,ok,14.5,Aree urbane,suitable,no,unknown,0.0,2050.0,,
213,213,Tenrec Ecaudatus,Tenrec Comune,Common Tenrec,97204107,ok,2.1,Savana - Secca,suitable,no,unknown,0.0,2050.0,,
213,213,Tenrec Ecaudatus,Tenrec Comune,Common Tenrec,97204107,ok,2.2,Savana - Umida,suitable,no,unknown,0.0,2050.0,,
213,213,Tenrec Ecaudatus,Tenrec Comune,Common Tenrec,97204107,ok,3.5,Arbusti – Zona secca subtropicale/tropicale,suitable,no,unknown,0.0,2050.0,,
213,213,Tenrec Ecaudatus,Tenrec Comune,Common Tenrec,97204107,ok,3.6,Arbusti – Subtropicale/tropicale umido,suitable,no,unknown,0.0,2050.0,,
213,213,Tenrec Ecaudatus,Tenrec Comune,Common Tenrec,97204107,ok,3.7,Arbusti – Zone subtropicali/tropicali di alta quota,suitable,no,unknown,0.0,2050.0,,
213,213,Tenrec Ecaudatus,Tenrec Comune,Common Tenrec,97204107,ok,4.5,Prateria – Subtropicale/tropicale arida,suitable,no,unknown,0.0,2050.0,,
214,214,Malayopython Reticulatus,Pitone Reticolato,Reticulated Python,1730027,ok,14.3,Piantagioni,suitable,unknown,resident,0.0,1000.0,,
214,214,Malayopython Reticulatus,Pitone Reticolato,Reticulated Python,1730027,ok,3.6,Arbusti – Subtropicale/tropicale umido,suitable,unknown,resident,0.0,1000.0,,
214,214,Malayopython Reticulatus,Pitone Reticolato,Reticulated Python,1730027,ok,14.4,Orti rurali,suitable,unknown,resident,0.0,1000.0,,
214,214,Malayopython Reticulatus,Pitone Reticolato,Reticulated Python,1730027,ok,14.5,Aree urbane,suitable,unknown,resident,0.0,1000.0,,
214,214,Malayopython Reticulatus,Pitone Reticolato,Reticulated Python,1730027,ok,1.6,Foresta – Pianura umida subtropicale/tropicale,suitable,unknown,resident,0.0,1000.0,,
214,214,Malayopython Reticulatus,Pitone Reticolato,Reticulated Python,1730027,ok,1.9,Foresta – Subtropicale/tropicale umida montana,suitable,unknown,resident,0.0,1000.0,,
215,215,Lophotibis Cristata,Ibis Crestato Del Madagascar,Madagascar Crested Ibis,254926243,ok,1.9,Foresta – Subtropicale/tropicale umida montana,suitable,no,resident,0.0,2000.0,,
215,215,Lophotibis Cristata,Ibis Crestato Del Madagascar,Madagascar Crested Ibis,254926243,ok,1.5,Foresta – Subtropicale/tropicale secca,suitable,yes,resident,0.0,2000.0,,
215,215,Lophotibis Cristata,Ibis Crestato Del Madagascar,Madagascar Crested Ibis,254926243,ok,1.6,Foresta – Pianura umida subtropicale/tropicale,suitable,yes,resident,0.0,2000.0,,
216,216,Morelia Viridis,Pitone Verde Arboriceo,Green Tree Python,21649845,ok,1.9,Foresta – Subtropicale/tropicale umida montana,suitable,unknown,resident,0.0,2000.0,,
216,216,Morelia Viridis,Pitone Verde Arboriceo,Green Tree Python,21649845,ok,1.6,Foresta – Pianura umida subtropicale/tropicale,suitable,unknown,resident,0.0,2000.0,,
216,216,Morelia Viridis,Pitone Verde Arboriceo,Green Tree Python,21649845,ok,14.4,Orti rurali,suitable,unknown,resident,0.0,2000.0,,
216,216,Morelia Viridis,Pitone Verde Arboriceo,Green Tree Python,21649845,ok,14.3,Piantagioni,suitable,unknown,resident,0.0,2000.0,,
216,216,Morelia Viridis,Pitone Verde Arboriceo,Green Tree Python,21649845,ok,14.5,Aree urbane,marginal,unknown,resident,0.0,2000.0,,
216,216,Morelia Viridis,Pitone Verde Arboriceo,Green Tree Python,21649845,ok,14.6,Foresta subtropicale/tropicale fortemente degradata,suitable,unknown,resident,0.0,2000.0,,
216,216,Morelia Viridis,Pitone Verde Arboriceo,Green Tree Python,21649845,ok,3.6,Arbusti – Subtropicale/tropicale umido,suitable,unknown,resident,0.0,2000.0,,
216,216,Morelia Viridis,Pitone Verde Arboriceo,Green Tree Python,21649845,ok,3.7,Arbusti – Zone subtropicali/tropicali di alta quota,suitable,unknown,resident,0.0,2000.0,,
216,216,Morelia Viridis,Pitone Verde Arboriceo,Green Tree Python,21649845,ok,1.5,Foresta – Subtropicale/tropicale secca,suitable,unknown,resident,0.0,2000.0,,
217,217,Eira Barbara,Tayra,Tayra,45212151,ok,1.6,Foresta – Pianura umida subtropicale/tropicale,suitable,yes,unknown,,1200.0,,
217,217,Eira Barbara,Tayra,Tayra,45212151,ok,1.5,Foresta – Subtropicale/tropicale secca,suitable,yes,unknown,,1200.0,,
217,217,Eira Barbara,Tayra,Tayra,45212151,ok,1.9,Foresta – Subtropicale/tropicale umida montana,suitable,yes,unknown,,1200.0,,
217,217,Eira Barbara,Tayra,Tayra,45212151,ok,2.2,Savana - Umida,suitable,yes,unknown,,1200.0,,
217,217,Eira Barbara,Tayra,Tayra,45212151,ok,2.1,Savana - Secca,suitable,yes,unknown,,1200.0,,
218,218,Microcebus Murinus,Microcebo Murino,Grey Mouse Lemur,182239898,ok,14.3,Piantagioni,marginal,unknown,resident,,,,
218,218,Microcebus Murinus,Microcebo Murino,Grey Mouse Lemur,182239898,ok,3.5,Arbusti – Zona secca subtropicale/tropicale,suitable,yes,resident,,,,
218,218,Microcebus Murinus,Microcebo Murino,Grey Mouse Lemur,182239898,ok,1.5,Foresta – Subtropicale/tropicale secca,suitable,yes,resident,,,,
219,219,Lichanura Trivirgata,Boa Rosato Del Deserto,Rosy Boa,18977981,ok,6,Zone rocciose,suitable,unknown,unknown,0.0,2070.0,,
219,219,Lichanura Trivirgata,Boa Rosato Del Deserto,Rosy Boa,18977981,ok,5.1,Zone umide (interne) – Fiumi/torrenti/cascate permanenti,marginal,unknown,unknown,0.0,2070.0,,
219,219,Lichanura Trivirgata,Boa Rosato Del Deserto,Rosy Boa,18977981,ok,5.2,Zone umide (interne) – Fiumi/torrenti/canali stagionali/intermittenti/irregolari,marginal,unknown,unknown,0.0,2070.0,,
219,219,Lichanura Trivirgata,Boa Rosato Del Deserto,Rosy Boa,18977981,ok,5.9,Zone umide (interne) – Sorgenti di acqua dolce e oasi,marginal,unknown,unknown,0.0,2070.0,,
219,219,Lichanura Trivirgata,Boa Rosato Del Deserto,Rosy Boa,18977981,ok,3.8,Arbusti – Vegetazione arbustiva di tipo mediterraneo,suitable,unknown,unknown,0.0,2070.0,,
219,219,Lichanura Trivirgata,Boa Rosato Del Deserto,Rosy Boa,18977981,ok,3.5,Arbusti – Zona secca subtropicale/tropicale,suitable,unknown,unknown,0.0,2070.0,,
219,219,Lichanura Trivirgata,Boa Rosato Del Deserto,Rosy Boa,18977981,ok,3.4,Arbusti – Temperati,suitable,unknown,unknown,0.0,2070.0,,
220,220,Pecari Tajacu,Pecari Dal Collare,Collared Peccary,10562361,ok,14.3,Piantagioni,marginal,unknown,unknown,0.0,3000.0,,
220,220,Pecari Tajacu,Pecari Dal Collare,Collared Peccary,10562361,ok,1.8,Foresta – Palude subtropicale/tropicale,marginal,unknown,unknown,0.0,3000.0,,
220,220,Pecari Tajacu,Pecari Dal Collare,Collared Peccary,10562361,ok,3.8,Arbusti – Vegetazione arbustiva di tipo mediterraneo,suitable,yes,unknown,0.0,3000.0,,
220,220,Pecari Tajacu,Pecari Dal Collare,Collared Peccary,10562361,ok,14.2,Pascoli,marginal,unknown,unknown,0.0,3000.0,,
220,220,Pecari Tajacu,Pecari Dal Collare,Collared Peccary,10562361,ok,1.9,Foresta – Subtropicale/tropicale umida montana,marginal,unknown,unknown,0.0,3000.0,,
220,220,Pecari Tajacu,Pecari Dal Collare,Collared Peccary,10562361,ok,2.2,Savana - Umida,suitable,yes,unknown,0.0,3000.0,,
220,220,Pecari Tajacu,Pecari Dal Collare,Collared Peccary,10562361,ok,2.1,Savana - Secca,suitable,yes,unknown,0.0,3000.0,,
220,220,Pecari Tajacu,Pecari Dal Collare,Collared Peccary,10562361,ok,8.2,Deserto – Temperato,suitable,yes,unknown,0.0,3000.0,,
220,220,Pecari Tajacu,Pecari Dal Collare,Collared Peccary,10562361,ok,3.6,Arbusti – Subtropicale/tropicale umido,suitable,yes,unknown,0.0,3000.0,,
220,220,Pecari Tajacu,Pecari Dal Collare,Collared Peccary,10562361,ok,3.5,Arbusti – Zona secca subtropicale/tropicale,suitable,yes,unknown,0.0,3000.0,,
220,220,Pecari Tajacu,Pecari Dal Collare,Collared Peccary,10562361,ok,4.6,Prateria – Subtropicale/tropicale stagionalmente umida/allagata,suitable,yes,unknown,0.0,3000.0,,
220,220,Pecari Tajacu,Pecari Dal Collare,Collared Peccary,10562361,ok,4.5,Prateria – Subtropicale/tropicale arida,suitable,yes,unknown,0.0,3000.0,,
220,220,Pecari Tajacu,Pecari Dal Collare,Collared Peccary,10562361,ok,8.1,Deserto – Caldo,suitable,yes,unknown,0.0,3000.0,,
220,220,Pecari Tajacu,Pecari Dal Collare,Collared Peccary,10562361,ok,1.7,Foresta – Vegetazione di mangrovie subtropicale/tropicale al di sopra del livello dell'alta marea,marginal,unknown,unknown,0.0,3000.0,,
220,220,Pecari Tajacu,Pecari Dal Collare,Collared Peccary,10562361,ok,1.6,Foresta – Pianura umida subtropicale/tropicale,suitable,yes,unknown,0.0,3000.0,,
220,220,Pecari Tajacu,Pecari Dal Collare,Collared Peccary,10562361,ok,1.5,Foresta – Subtropicale/tropicale secca,suitable,yes,unknown,0.0,3000.0,,
220,220,Pecari Tajacu,Pecari Dal Collare,Collared Peccary,10562361,ok,3.7,Arbusti – Zone subtropicali/tropicali di alta quota,suitable,yes,unknown,0.0,3000.0,,
221,221,Terpsiphone Mutata,Terpsifone Del Madagascar,Madagascar Paradise Flycatcher,280923077,ok,1.5,Foresta – Subtropicale/tropicale secca,suitable,yes,resident,0.0,2300.0,,
221,221,Terpsiphone Mutata,Terpsifone Del Madagascar,Madagascar Paradise Flycatcher,280923077,ok,2.1,Savana - Secca,suitable,no,resident,0.0,2300.0,,
221,221,Terpsiphone Mutata,Terpsifone Del Madagascar,Madagascar Paradise Flycatcher,280923077,ok,14.3,Piantagioni,suitable,no,resident,0.0,2300.0,,
221,221,Terpsiphone Mutata,Terpsifone Del Madagascar,Madagascar Paradise Flycatcher,280923077,ok,1.6,Foresta – Pianura umida subtropicale/tropicale,suitable,yes,resident,0.0,2300.0,,
221,221,Terpsiphone Mutata,Terpsifone Del Madagascar,Madagascar Paradise Flycatcher,280923077,ok,14.5,Aree urbane,suitable,no,resident,0.0,2300.0,,
221,221,Terpsiphone Mutata,Terpsifone Del Madagascar,Madagascar Paradise Flycatcher,280923077,ok,1.7,Foresta – Vegetazione di mangrovie subtropicale/tropicale al di sopra del livello dell'alta marea,suitable,no,resident,0.0,2300.0,,
222,222,Dendroaspis Polylepis,Mamba Nero,Black Mamba,15627370,ok,1.6,Foresta – Pianura umida subtropicale/tropicale,suitable,unknown,unknown,0.0,1600.0,,
222,222,Dendroaspis Polylepis,Mamba Nero,Black Mamba,15627370,ok,1.5,Foresta – Subtropicale/tropicale secca,suitable,unknown,unknown,0.0,1600.0,,
222,222,Dendroaspis Polylepis,Mamba Nero,Black Mamba,15627370,ok,6,Zone rocciose,suitable,unknown,unknown,0.0,1600.0,,
222,222,Dendroaspis Polylepis,Mamba Nero,Black Mamba,15627370,ok,4.7,Prateria – Alta quota subtropicale/tropicale,suitable,unknown,unknown,0.0,1600.0,,
222,222,Dendroaspis Polylepis,Mamba Nero,Black Mamba,15627370,ok,4.6,Prateria – Subtropicale/tropicale stagionalmente umida/allagata,suitable,unknown,unknown,0.0,1600.0,,
222,222,Dendroaspis Polylepis,Mamba Nero,Black Mamba,15627370,ok,4.5,Prateria – Subtropicale/tropicale arida,suitable,unknown,unknown,0.0,1600.0,,
222,222,Dendroaspis Polylepis,Mamba Nero,Black Mamba,15627370,ok,3.7,Arbusti – Zone subtropicali/tropicali di alta quota,suitable,unknown,unknown,0.0,1600.0,,
222,222,Dendroaspis Polylepis,Mamba Nero,Black Mamba,15627370,ok,3.6,Arbusti – Subtropicale/tropicale umido,suitable,unknown,unknown,0.0,1600.0,,
222,222,Dendroaspis Polylepis,Mamba Nero,Black Mamba,15627370,ok,3.5,Arbusti – Zona secca subtropicale/tropicale,suitable,unknown,unknown,0.0,1600.0,,
222,222,Dendroaspis Polylepis,Mamba Nero,Black Mamba,15627370,ok,2.2,Savana - Umida,suitable,unknown,unknown,0.0,1600.0,,
222,222,Dendroaspis Polylepis,Mamba Nero,Black Mamba,15627370,ok,2.1,Savana - Secca,suitable,unknown,unknown,0.0,1600.0,,
222,222,Dendroaspis Polylepis,Mamba Nero,Black Mamba,15627370,ok,1.9,Foresta – Subtropicale/tropicale umida montana,suitable,unknown,unknown,0.0,1600.0,,
222,222,Dendroaspis Polylepis,Mamba Nero,Black Mamba,15627370,ok,14.4,Orti rurali,suitable,unknown,resident,0.0,1600.0,,
223,223,Hydrochoerus Hydrochaeris,Capibara,Capybara,22190005,ok,2.2,Savana - Umida,suitable,unknown,unknown,,,,
223,223,Hydrochoerus Hydrochaeris,Capibara,Capybara,22190005,ok,1.6,Foresta – Pianura umida subtropicale/tropicale,suitable,unknown,unknown,,,,
223,223,Hydrochoerus Hydrochaeris,Capibara,Capybara,22190005,ok,5.4,"Zone umide (interne) – Paludi, acquitrini, torbiere",suitable,unknown,unknown,,,,
224,224,Astrochelys Radiata,Tartaruga Radiata Del Madagascar,Radiated Tortoise,12950491,ok,3.5,Arbusti – Zona secca subtropicale/tropicale,suitable,unknown,unknown,,,,
224,224,Astrochelys Radiata,Tartaruga Radiata Del Madagascar,Radiated Tortoise,12950491,ok,13.3,Dune sabbiose costiere,marginal,unknown,unknown,,,,
225,225,Notechis Scutatus,Serpente Tigre Australiano,Tiger Snake,83767147,ok,5.1,Zone umide (interne) – Fiumi/torrenti/cascate permanenti,suitable,unknown,resident,,,,
225,225,Notechis Scutatus,Serpente Tigre Australiano,Tiger Snake,83767147,ok,5.2,Zone umide (interne) – Fiumi/torrenti/canali stagionali/intermittenti/irregolari,suitable,unknown,resident,,,,
225,225,Notechis Scutatus,Serpente Tigre Australiano,Tiger Snake,83767147,ok,5.3,Zone umide (interne) – Zone umide dominate da arbusti,suitable,unknown,resident,,,,
225,225,Notechis Scutatus,Serpente Tigre Australiano,Tiger Snake,83767147,ok,3.4,Arbusti – Temperati,suitable,unknown,resident,,,,
225,225,Notechis Scutatus,Serpente Tigre Australiano,Tiger Snake,83767147,ok,5.4,"Zone umide (interne) – Paludi, acquitrini, torbiere",suitable,unknown,resident,,,,
225,225,Notechis Scutatus,Serpente Tigre Australiano,Tiger Snake,83767147,ok,1.5,Foresta – Subtropicale/tropicale secca,suitable,unknown,resident,,,,
225,225,Notechis Scutatus,Serpente Tigre Australiano,Tiger Snake,83767147,ok,1.6,Foresta – Pianura umida subtropicale/tropicale,suitable,unknown,resident,,,,
225,225,Notechis Scutatus,Serpente Tigre Australiano,Tiger Snake,83767147,ok,14.2,Pascoli,suitable,unknown,resident,,,,
226,226,Saimiri Sciureus,Scimmia Scoiattolo Comune,Common Squirrel Monkey,192584742,ok,1.6,Foresta – Pianura umida subtropicale/tropicale,suitable,unknown,unknown,,,,
227,227,Foudia Madagascariensis,Fody Del Madagascar,Red Fody,131884843,ok,3.5,Arbusti – Zona secca subtropicale/tropicale,suitable,no,resident,,,,
227,227,Foudia Madagascariensis,Fody Del Madagascar,Red Fody,131884843,ok,14.5,Aree urbane,suitable,no,resident,,,,
227,227,Foudia Madagascariensis,Fody Del Madagascar,Red Fody,131884843,ok,1.6,Foresta – Pianura umida subtropicale/tropicale,suitable,no,resident,,,,
227,227,Foudia Madagascariensis,Fody Del Madagascar,Red Fody,131884843,ok,2.1,Savana - Secca,suitable,no,resident,,,,
227,227,Foudia Madagascariensis,Fody Del Madagascar,Red Fody,131884843,ok,14.4,Orti rurali,suitable,no,resident,,,,
227,227,Foudia Madagascariensis,Fody Del Madagascar,Red Fody,131884843,ok,14.6,Foresta subtropicale/tropicale fortemente degradata,suitable,no,resident,,,,
227,227,Foudia Madagascariensis,Fody Del Madagascar,Red Fody,131884843,ok,14.1,Terreno arabile,suitable,no,resident,,,,
227,227,Foudia Madagascariensis,Fody Del Madagascar,Red Fody,131884843,ok,3.6,Arbusti – Subtropicale/tropicale umido,suitable,no,resident,,,,
227,227,Foudia Madagascariensis,Fody Del Madagascar,Red Fody,131884843,ok,14.2,Pascoli,suitable,no,resident,,,,
227,227,Foudia Madagascariensis,Fody Del Madagascar,Red Fody,131884843,ok,1.5,Foresta – Subtropicale/tropicale secca,suitable,no,resident,,,,
228,228,Laticauda Colubrina,Serpente Di Mare Fasciato,Yellow-Lipped Sea Krait,7296975,ok,15.11,Strutture antropiche marine,suitable,unknown,unknown,0.0,100.0,0.0,50.0
228,228,Laticauda Colubrina,Serpente Di Mare Fasciato,Yellow-Lipped Sea Krait,7296975,ok,15.12,Gabbie per la maricoltura,suitable,unknown,unknown,0.0,100.0,0.0,50.0
228,228,Laticauda Colubrina,Serpente Di Mare Fasciato,Yellow-Lipped Sea Krait,7296975,ok,12.2,"Coste sabbiose e/o spiagge, banchi di sabbia, lingue di sabbia",suitable,unknown,unknown,0.0,100.0,0.0,50.0
228,228,Laticauda Colubrina,Serpente Di Mare Fasciato,Yellow-Lipped Sea Krait,7296975,ok,13.2,Grotte costiere/Carsismo,suitable,unknown,unknown,0.0,100.0,0.0,50.0
228,228,Laticauda Colubrina,Serpente Di Mare Fasciato,Yellow-Lipped Sea Krait,7296975,ok,9.2,Neritica marina – Rocce e scogliere rocciose subtidali,suitable,unknown,unknown,0.0,100.0,0.0,50.0
228,228,Laticauda Colubrina,Serpente Di Mare Fasciato,Yellow-Lipped Sea Krait,7296975,ok,13.1,Scogliere marine e isole rocciose al largo della costa,suitable,unknown,unknown,0.0,100.0,0.0,50.0
228,228,Laticauda Colubrina,Serpente Di Mare Fasciato,Yellow-Lipped Sea Krait,7296975,ok,12.1,Costa rocciosa,suitable,unknown,unknown,0.0,100.0,0.0,50.0
228,228,Laticauda Colubrina,Serpente Di Mare Fasciato,Yellow-Lipped Sea Krait,7296975,ok,9.8,Neritica marina – Barriera corallina,suitable,unknown,unknown,0.0,100.0,0.0,50.0
228,228,Laticauda Colubrina,Serpente Di Mare Fasciato,Yellow-Lipped Sea Krait,7296975,ok,12.7,Radici sommerse delle mangrovie,suitable,unknown,unknown,0.0,100.0,0.0,50.0
229,229,Coragyps Atratus,Avvoltoio Americano,Black Vulture,281039099,ok,14.2,Pascoli,suitable,no,breeding,0.0,4790.0,,
229,229,Coragyps Atratus,Avvoltoio Americano,Black Vulture,281039099,ok,14.5,Aree urbane,suitable,yes,breeding,0.0,4790.0,,
229,229,Coragyps Atratus,Avvoltoio Americano,Black Vulture,281039099,ok,14.6,Foresta subtropicale/tropicale fortemente degradata,suitable,no,breeding,0.0,4790.0,,
229,229,Coragyps Atratus,Avvoltoio Americano,Black Vulture,281039099,ok,3.5,Arbusti – Zona secca subtropicale/tropicale,suitable,no,breeding,0.0,4790.0,,
229,229,Coragyps Atratus,Avvoltoio Americano,Black Vulture,281039099,ok,4.4,Prateria – Temperata,suitable,no,breeding,0.0,4790.0,,
229,229,Coragyps Atratus,Avvoltoio Americano,Black Vulture,281039099,ok,1.4,Foresta – Temperata,suitable,no,breeding,0.0,4790.0,,
229,229,Coragyps Atratus,Avvoltoio Americano,Black Vulture,281039099,ok,1.6,Foresta – Pianura umida subtropicale/tropicale,suitable,no,breeding,0.0,4790.0,,
229,229,Coragyps Atratus,Avvoltoio Americano,Black Vulture,281039099,ok,4.6,Prateria – Subtropicale/tropicale stagionalmente umida/allagata,suitable,no,breeding,0.0,4790.0,,
229,229,Coragyps Atratus,Avvoltoio Americano,Black Vulture,281039099,ok,3.4,Arbusti – Temperati,suitable,no,breeding,0.0,4790.0,,
230,230,Coracopsis Vasa,Vasa Maggiore,Greater Vasa Parrot,131279943,ok,1.6,Foresta – Pianura umida subtropicale/tropicale,suitable,no,resident,,1000.0,,
230,230,Coracopsis Vasa,Vasa Maggiore,Greater Vasa Parrot,131279943,ok,1.5,Foresta – Subtropicale/tropicale secca,suitable,no,resident,,1000.0,,
230,230,Coracopsis Vasa,Vasa Maggiore,Greater Vasa Parrot,131279943,ok,4.5,Prateria – Subtropicale/tropicale arida,suitable,no,resident,,1000.0,,
230,230,Coracopsis Vasa,Vasa Maggiore,Greater Vasa Parrot,131279943,ok,3.5,Arbusti – Zona secca subtropicale/tropicale,suitable,no,resident,,1000.0,,
230,230,Coracopsis Vasa,Vasa Maggiore,Greater Vasa Parrot,131279943,ok,2.1,Savana - Secca,suitable,no,resident,,1000.0,,
230,230,Coracopsis Vasa,Vasa Maggiore,Greater Vasa Parrot,131279943,ok,14.3,Piantagioni,suitable,no,resident,,1000.0,,
230,230,Coracopsis Vasa,Vasa Maggiore,Greater Vasa Parrot,131279943,ok,14.1,Terreno arabile,suitable,no,breeding,,1000.0,,
231,231,Chelodina Longicollis,Tartaruga Collo Lungo Orientale,Eastern Long-Necked Turtle,,assessment_not_found,,,unknown,unknown,unknown,,,,
232,232,Pitangus Sulphuratus,Pitango Solforato,Great Kiskadee,132069895,ok,3.6,Arbusti – Subtropicale/tropicale umido,suitable,no,breeding,,1600.0,,
232,232,Pitangus Sulphuratus,Pitango Solforato,Great Kiskadee,132069895,ok,1.6,Foresta – Pianura umida subtropicale/tropicale,suitable,no,breeding,,1600.0,,
232,232,Pitangus Sulphuratus,Pitango Solforato,Great Kiskadee,132069895,ok,1.9,Foresta – Subtropicale/tropicale umida montana,suitable,no,breeding,,1600.0,,
232,232,Pitangus Sulphuratus,Pitango Solforato,Great Kiskadee,132069895,ok,14.5,Aree urbane,suitable,no,breeding,,1600.0,,
232,232,Pitangus Sulphuratus,Pitango Solforato,Great Kiskadee,132069895,ok,14.6,Foresta subtropicale/tropicale fortemente degradata,suitable,no,breeding,,1600.0,,
232,232,Pitangus Sulphuratus,Pitango Solforato,Great Kiskadee,132069895,ok,4.5,Prateria – Subtropicale/tropicale arida,suitable,no,breeding,,1600.0,,
232,232,Pitangus Sulphuratus,Pitango Solforato,Great Kiskadee,132069895,ok,14.1,Terreno arabile,suitable,no,breeding,,1600.0,,
232,232,Pitangus Sulphuratus,Pitango Solforato,Great Kiskadee,132069895,ok,1.7,Foresta – Vegetazione di mangrovie subtropicale/tropicale al di sopra del livello dell'alta marea,suitable,no,breeding,,1600.0,,
232,232,Pitangus Sulphuratus,Pitango Solforato,Great Kiskadee,132069895,ok,14.2,Pascoli,suitable,no,breeding,,1600.0,,
233,233,Brookesia Micra,Camaleonte Nano Di Nosy Hara,Nosy Hara Leaf Chameleon,176092455,ok,1.5,Foresta – Subtropicale/tropicale secca,suitable,yes,resident,10.0,20.0,,
234,234,Macrochelys Temminckii,Tartaruga Alligatore,Alligator Snapping Turtle,507158,ok,5.7,Zone umide (interne) – Paludi/stagni d'acqua dolce permanenti (inferiori a 8 ettari),suitable,yes,unknown,0.0,366.0,,
234,234,Macrochelys Temminckii,Tartaruga Alligatore,Alligator Snapping Turtle,507158,ok,5.5,Zone umide (interne) – Laghi permanenti di acqua dolce (oltre 8 ettari),suitable,yes,unknown,0.0,366.0,,
234,234,Macrochelys Temminckii,Tartaruga Alligatore,Alligator Snapping Turtle,507158,ok,5.3,Zone umide (interne) – Zone umide dominate da arbusti,suitable,yes,unknown,0.0,366.0,,
234,234,Macrochelys Temminckii,Tartaruga Alligatore,Alligator Snapping Turtle,507158,ok,5.4,"Zone umide (interne) – Paludi, acquitrini, torbiere",suitable,yes,unknown,0.0,366.0,,
234,234,Macrochelys Temminckii,Tartaruga Alligatore,Alligator Snapping Turtle,507158,ok,5.1,Zone umide (interne) – Fiumi/torrenti/cascate permanenti,suitable,yes,unknown,0.0,366.0,,
235,235,Pteropus Rufus,Volpe,Madagascan Flying Fox,22087230,ok,1.5,Foresta – Subtropicale/tropicale secca,marginal,unknown,unknown,0.0,1200.0,,
235,235,Pteropus Rufus,Volpe,Madagascan Flying Fox,22087230,ok,14.6,Foresta subtropicale/tropicale fortemente degradata,suitable,unknown,unknown,0.0,1200.0,,
235,235,Pteropus Rufus,Volpe,Madagascan Flying Fox,22087230,ok,14.3,Piantagioni,suitable,unknown,unknown,0.0,1200.0,,
235,235,Pteropus Rufus,Volpe,Madagascan Flying Fox,22087230,ok,1.6,Foresta – Pianura umida subtropicale/tropicale,marginal,unknown,unknown,0.0,1200.0,,
235,235,Pteropus Rufus,Volpe,Madagascan Flying Fox,22087230,ok,1.7,Foresta – Vegetazione di mangrovie subtropicale/tropicale al di sopra del livello dell'alta marea,marginal,unknown,unknown,0.0,1200.0,,
236,236,Malaclemys Terrapin,Tartaruga Diamantina,Diamondback Terrapin,507698,ok,9.4,Neritico marino – Sabbioso subtidale,suitable,yes,resident,0.0,5.0,0.0,10.0
236,236,Malaclemys Terrapin,Tartaruga Diamantina,Diamondback Terrapin,507698,ok,13.4,Lagune costiere salmastre/saline/laghi marini,suitable,yes,resident,0.0,5.0,0.0,10.0
236,236,Malaclemys Terrapin,Tartaruga Diamantina,Diamondback Terrapin,507698,ok,9.5,Neritico marino – Fango sabbioso subtidale,suitable,yes,resident,0.0,5.0,0.0,10.0
236,236,Malaclemys Terrapin,Tartaruga Diamantina,Diamondback Terrapin,507698,ok,9.3,Neritico marino – Roccia/ciottoli/ghiaia sciolti subtidali,marginal,unknown,unknown,0.0,5.0,0.0,10.0
236,236,Malaclemys Terrapin,Tartaruga Diamantina,Diamondback Terrapin,507698,ok,12.2,"Coste sabbiose e/o spiagge, banchi di sabbia, lingue di sabbia",suitable,yes,resident,0.0,5.0,0.0,10.0
236,236,Malaclemys Terrapin,Tartaruga Diamantina,Diamondback Terrapin,507698,ok,12.4,Coste fangose e piane fangose intertidali,suitable,yes,resident,0.0,5.0,0.0,10.0
236,236,Malaclemys Terrapin,Tartaruga Diamantina,Diamondback Terrapin,507698,ok,9.10,Estuari,suitable,yes,resident,0.0,5.0,0.0,10.0
236,236,Malaclemys Terrapin,Tartaruga Diamantina,Diamondback Terrapin,507698,ok,12.5,Paludi salmastre,suitable,yes,resident,0.0,5.0,0.0,10.0
236,236,Malaclemys Terrapin,Tartaruga Diamantina,Diamondback Terrapin,507698,ok,12.7,Radici sommerse delle mangrovie,suitable,yes,resident,0.0,5.0,0.0,10.0
236,236,Malaclemys Terrapin,Tartaruga Diamantina,Diamondback Terrapin,507698,ok,13.3,Dune sabbiose costiere,suitable,yes,breeding,0.0,5.0,0.0,10.0
237,237,Rhea Americana,Struzzo Americano,Greater Rhea,219615764,ok,4.4,Prateria – Temperata,suitable,no,resident,0.0,1650.0,,
237,237,Rhea Americana,Struzzo Americano,Greater Rhea,219615764,ok,4.6,Prateria – Subtropicale/tropicale stagionalmente umida/allagata,suitable,no,resident,0.0,1650.0,,
237,237,Rhea Americana,Struzzo Americano,Greater Rhea,219615764,ok,2.1,Savana - Secca,suitable,no,resident,0.0,1650.0,,
237,237,Rhea Americana,Struzzo Americano,Greater Rhea,219615764,ok,3.5,Arbusti – Zona secca subtropicale/tropicale,suitable,no,resident,0.0,1650.0,,
237,237,Rhea Americana,Struzzo Americano,Greater Rhea,219615764,ok,14.1,Terreno arabile,marginal,unknown,resident,0.0,1650.0,,
237,237,Rhea Americana,Struzzo Americano,Greater Rhea,219615764,ok,3.4,Arbusti – Temperati,suitable,no,resident,0.0,1650.0,,
237,237,Rhea Americana,Struzzo Americano,Greater Rhea,219615764,ok,4.5,Prateria – Subtropicale/tropicale arida,suitable,no,resident,0.0,1650.0,,
238,238,Pavo Cristatus,Pavone Indiano,Indian Peafowl,154429562,ok,1.6,Foresta – Pianura umida subtropicale/tropicale,suitable,no,resident,0.0,2250.0,,
238,238,Pavo Cristatus,Pavone Indiano,Indian Peafowl,154429562,ok,3.5,Arbusti – Zona secca subtropicale/tropicale,suitable,no,resident,0.0,2250.0,,
238,238,Pavo Cristatus,Pavone Indiano,Indian Peafowl,154429562,ok,14.3,Piantagioni,suitable,no,resident,0.0,2250.0,,
238,238,Pavo Cristatus,Pavone Indiano,Indian Peafowl,154429562,ok,14.1,Terreno arabile,suitable,no,resident,0.0,2250.0,,
238,238,Pavo Cristatus,Pavone Indiano,Indian Peafowl,154429562,ok,1.9,Foresta – Subtropicale/tropicale umida montana,suitable,no,resident,0.0,2250.0,,
239,239,Myrmecophaga Tridactyla,Formichiere Gigante,Giant Anteater,210444314,ok,3.6,Arbusti – Subtropicale/tropicale umido,suitable,yes,resident,0.0,2000.0,,
239,239,Myrmecophaga Tridactyla,Formichiere Gigante,Giant Anteater,210444314,ok,1.6,Foresta – Pianura umida subtropicale/tropicale,suitable,yes,resident,0.0,2000.0,,
239,239,Myrmecophaga Tridactyla,Formichiere Gigante,Giant Anteater,210444314,ok,3.7,Arbusti – Zone subtropicali/tropicali di alta quota,suitable,yes,resident,0.0,2000.0,,
239,239,Myrmecophaga Tridactyla,Formichiere Gigante,Giant Anteater,210444314,ok,4.6,Prateria – Subtropicale/tropicale stagionalmente umida/allagata,suitable,yes,resident,0.0,2000.0,,
239,239,Myrmecophaga Tridactyla,Formichiere Gigante,Giant Anteater,210444314,ok,14.3,Piantagioni,suitable,no,resident,0.0,2000.0,,
239,239,Myrmecophaga Tridactyla,Formichiere Gigante,Giant Anteater,210444314,ok,3.5,Arbusti – Zona secca subtropicale/tropicale,suitable,yes,resident,0.0,2000.0,,
239,239,Myrmecophaga Tridactyla,Formichiere Gigante,Giant Anteater,210444314,ok,1.9,Foresta – Subtropicale/tropicale umida montana,suitable,yes,resident,0.0,2000.0,,
239,239,Myrmecophaga Tridactyla,Formichiere Gigante,Giant Anteater,210444314,ok,1.5,Foresta – Subtropicale/tropicale secca,suitable,yes,resident,0.0,2000.0,,
239,239,Myrmecophaga Tridactyla,Formichiere Gigante,Giant Anteater,210444314,ok,2.2,Savana - Umida,suitable,yes,resident,0.0,2000.0,,
239,239,Myrmecophaga Tridactyla,Formichiere Gigante,Giant Anteater,210444314,ok,2.1,Savana - Secca,suitable,yes,resident,0.0,2000.0,,
239,239,Myrmecophaga Tridactyla,Formichiere Gigante,Giant Anteater,210444314,ok,4.5,Prateria – Subtropicale/tropicale arida,suitable,yes,resident,0.0,2000.0,,
239,239,Myrmecophaga Tridactyla,Formichiere Gigante,Giant Anteater,210444314,ok,1.7,Foresta – Vegetazione di mangrovie subtropicale/tropicale al di sopra del livello dell'alta marea,suitable,no,resident,0.0,2000.0,,
239,239,Myrmecophaga Tridactyla,Formichiere Gigante,Giant Anteater,210444314,ok,1.8,Foresta – Palude subtropicale/tropicale,suitable,no,resident,0.0,2000.0,,
240,240,Macaca Mulatta,Macaco Rhesus,Rhesus Macaque,256057746,ok,14.4,Orti rurali,suitable,yes,unknown,0.0,4000.0,,
240,240,Macaca Mulatta,Macaco Rhesus,Rhesus Macaque,256057746,ok,1.9,Foresta – Subtropicale/tropicale umida montana,suitable,yes,unknown,0.0,4000.0,,
240,240,Macaca Mulatta,Macaco Rhesus,Rhesus Macaque,256057746,ok,14.1,Terreno arabile,suitable,yes,unknown,0.0,4000.0,,
240,240,Macaca Mulatta,Macaco Rhesus,Rhesus Macaque,256057746,ok,14.2,Pascoli,suitable,yes,unknown,0.0,4000.0,,
240,240,Macaca Mulatta,Macaco Rhesus,Rhesus Macaque,256057746,ok,14.3,Piantagioni,suitable,yes,unknown,0.0,4000.0,,
240,240,Macaca Mulatta,Macaco Rhesus,Rhesus Macaque,256057746,ok,1.4,Foresta – Temperata,suitable,yes,unknown,0.0,4000.0,,
240,240,Macaca Mulatta,Macaco Rhesus,Rhesus Macaque,256057746,ok,1.6,Foresta – Pianura umida subtropicale/tropicale,suitable,yes,unknown,0.0,4000.0,,
240,240,Macaca Mulatta,Macaco Rhesus,Rhesus Macaque,256057746,ok,14.5,Aree urbane,suitable,yes,unknown,0.0,4000.0,,
240,240,Macaca Mulatta,Macaco Rhesus,Rhesus Macaque,256057746,ok,14.6,Foresta subtropicale/tropicale fortemente degradata,suitable,yes,unknown,0.0,4000.0,,
240,240,Macaca Mulatta,Macaco Rhesus,Rhesus Macaque,256057746,ok,2.1,Savana - Secca,suitable,yes,unknown,0.0,4000.0,,
240,240,Macaca Mulatta,Macaco Rhesus,Rhesus Macaque,256057746,ok,1.5,Foresta – Subtropicale/tropicale secca,suitable,yes,unknown,0.0,4000.0,,
240,240,Macaca Mulatta,Macaco Rhesus,Rhesus Macaque,256057746,ok,2.2,Savana - Umida,suitable,yes,unknown,0.0,4000.0,,
240,240,Macaca Mulatta,Macaco Rhesus,Rhesus Macaque,256057746,ok,3.4,Arbusti – Temperati,suitable,yes,unknown,0.0,4000.0,,
240,240,Macaca Mulatta,Macaco Rhesus,Rhesus Macaque,256057746,ok,3.6,Arbusti – Subtropicale/tropicale umido,suitable,yes,unknown,0.0,4000.0,,
240,240,Macaca Mulatta,Macaco Rhesus,Rhesus Macaque,256057746,ok,3.5,Arbusti – Zona secca subtropicale/tropicale,suitable,yes,unknown,0.0,4000.0,,
240,240,Macaca Mulatta,Macaco Rhesus,Rhesus Macaque,256057746,ok,1.7,Foresta – Vegetazione di mangrovie subtropicale/tropicale al di sopra del livello dell'alta marea,suitable,yes,unknown,0.0,4000.0,,
241,241,Heosemys Spinosa,Tartaruga Spinosa,Spiny Turtle,3152508,ok,1.6,Foresta – Pianura umida subtropicale/tropicale,suitable,unknown,unknown,,,,
241,241,Heosemys Spinosa,Tartaruga Spinosa,Spiny Turtle,3152508,ok,5.4,"Zone umide (interne) – Paludi, acquitrini, torbiere",suitable,unknown,unknown,,,,
241,241,Heosemys Spinosa,Tartaruga Spinosa,Spiny Turtle,3152508,ok,5.1,Zone umide (interne) – Fiumi/torrenti/cascate permanenti,suitable,unknown,unknown,,,,
242,242,Lontra Longicaudis,Lontra Neotropicale,Neotropical Otter,219373698,ok,15.6,Aree di trattamento delle acque reflue,unknown,unknown,unknown,0.0,4000.0,0.0,14.0
242,242,Lontra Longicaudis,Lontra Neotropicale,Neotropical Otter,219373698,ok,15.4,Siti di sfruttamento del sale,unknown,unknown,unknown,0.0,4000.0,0.0,14.0
242,242,Lontra Longicaudis,Lontra Neotropicale,Neotropical Otter,219373698,ok,15.5,Scavi a cielo aperto,unknown,unknown,unknown,0.0,4000.0,0.0,14.0
242,242,Lontra Longicaudis,Lontra Neotropicale,Neotropical Otter,219373698,ok,15.7,"Terreni irrigati, compresi i canali di irrigazione",unknown,unknown,unknown,0.0,4000.0,0.0,14.0
242,242,Lontra Longicaudis,Lontra Neotropicale,Neotropical Otter,219373698,ok,15.2,Stagni sotto gli 8 ettari,suitable,yes,resident,0.0,4000.0,0.0,14.0
242,242,Lontra Longicaudis,Lontra Neotropicale,Neotropical Otter,219373698,ok,13.2,Grotte costiere/Carsismo,unknown,unknown,unknown,0.0,4000.0,0.0,14.0
242,242,Lontra Longicaudis,Lontra Neotropicale,Neotropical Otter,219373698,ok,15.8,Terreni agricoli soggetti a inondazioni stagionali,unknown,unknown,unknown,0.0,4000.0,0.0,14.0
242,242,Lontra Longicaudis,Lontra Neotropicale,Neotropical Otter,219373698,ok,5.1,Zone umide (interne) – Fiumi/torrenti/cascate permanenti,suitable,yes,resident,0.0,4000.0,0.0,14.0
242,242,Lontra Longicaudis,Lontra Neotropicale,Neotropical Otter,219373698,ok,12.5,Paludi salmastre,suitable,yes,resident,0.0,4000.0,0.0,14.0
242,242,Lontra Longicaudis,Lontra Neotropicale,Neotropical Otter,219373698,ok,9.10,Estuari,suitable,yes,resident,0.0,4000.0,0.0,14.0
242,242,Lontra Longicaudis,Lontra Neotropicale,Neotropical Otter,219373698,ok,13.5,Laghi costieri di acqua dolce,suitable,yes,resident,0.0,4000.0,0.0,14.0
242,242,Lontra Longicaudis,Lontra Neotropicale,Neotropical Otter,219373698,ok,5.2,Zone umide (interne) – Fiumi/torrenti/canali stagionali/intermittenti/irregolari,marginal,unknown,unknown,0.0,4000.0,0.0,14.0
242,242,Lontra Longicaudis,Lontra Neotropicale,Neotropical Otter,219373698,ok,5.16,"Zone umide (interne) – Paludi/stagni permanenti salini, salmastri o alcalini",marginal,unknown,resident,0.0,4000.0,0.0,14.0
242,242,Lontra Longicaudis,Lontra Neotropicale,Neotropical Otter,219373698,ok,5.6,Zone umide (interne) – Laghi d'acqua dolce stagionali/intermittenti (oltre 8 ha),marginal,unknown,unknown,0.0,4000.0,0.0,14.0
242,242,Lontra Longicaudis,Lontra Neotropicale,Neotropical Otter,219373698,ok,5.3,Zone umide (interne) – Zone umide dominate da arbusti,suitable,yes,resident,0.0,4000.0,0.0,14.0
242,242,Lontra Longicaudis,Lontra Neotropicale,Neotropical Otter,219373698,ok,5.12,Zone umide (interne) – Zone umide geotermiche,unknown,unknown,unknown,0.0,4000.0,0.0,14.0
242,242,Lontra Longicaudis,Lontra Neotropicale,Neotropical Otter,219373698,ok,5.13,Zone umide (interne) – Delta interni permanenti,unknown,unknown,unknown,0.0,4000.0,0.0,14.0
242,242,Lontra Longicaudis,Lontra Neotropicale,Neotropical Otter,219373698,ok,5.15,"Zone umide (interne) – Laghi e piane salmastre, saline o alcaline stagionali/intermittenti",unknown,unknown,unknown,0.0,4000.0,0.0,14.0
242,242,Lontra Longicaudis,Lontra Neotropicale,Neotropical Otter,219373698,ok,15.3,Stagni per l'acquacoltura,suitable,yes,passage,0.0,4000.0,0.0,14.0
242,242,Lontra Longicaudis,Lontra Neotropicale,Neotropical Otter,219373698,ok,15.1,Aree di stoccaggio dell'acqua oltre 8 ettari,suitable,yes,resident,0.0,4000.0,0.0,14.0
242,242,Lontra Longicaudis,Lontra Neotropicale,Neotropical Otter,219373698,ok,5.17,"Zone umide (interne) – Paludi/pozze saline, salmastre o alcaline stagionali/intermittenti",unknown,unknown,unknown,0.0,4000.0,0.0,14.0
242,242,Lontra Longicaudis,Lontra Neotropicale,Neotropical Otter,219373698,ok,5.8,Zone umide (interne) – Paludi/stagni d'acqua dolce stagionali/intermittenti (inferiori a 8 ettari),marginal,unknown,resident,0.0,4000.0,0.0,14.0
242,242,Lontra Longicaudis,Lontra Neotropicale,Neotropical Otter,219373698,ok,13.4,Lagune costiere salmastre/saline/laghi marini,suitable,no,resident,0.0,4000.0,0.0,14.0
242,242,Lontra Longicaudis,Lontra Neotropicale,Neotropical Otter,219373698,ok,15.9,Canali e fossi di drenaggio,suitable,yes,resident,0.0,4000.0,0.0,14.0
242,242,Lontra Longicaudis,Lontra Neotropicale,Neotropical Otter,219373698,ok,5.14,"Zone umide (interne) – Laghi permanenti salini, salmastri o alcalini",marginal,unknown,resident,0.0,4000.0,0.0,14.0
242,242,Lontra Longicaudis,Lontra Neotropicale,Neotropical Otter,219373698,ok,5.5,Zone umide (interne) – Laghi permanenti di acqua dolce (oltre 8 ettari),suitable,yes,resident,0.0,4000.0,0.0,14.0
242,242,Lontra Longicaudis,Lontra Neotropicale,Neotropical Otter,219373698,ok,5.7,Zone umide (interne) – Paludi/stagni d'acqua dolce permanenti (inferiori a 8 ettari),suitable,yes,resident,0.0,4000.0,0.0,14.0
243,243,Acridotheres Tristis,Myna Comune,Common Myna,137492530,ok,1.7,Foresta – Vegetazione di mangrovie subtropicale/tropicale al di sopra del livello dell'alta marea,suitable,no,resident,0.0,3740.0,,
243,243,Acridotheres Tristis,Myna Comune,Common Myna,137492530,ok,4.6,Prateria – Subtropicale/tropicale stagionalmente umida/allagata,suitable,no,resident,0.0,3740.0,,
243,243,Acridotheres Tristis,Myna Comune,Common Myna,137492530,ok,4.5,Prateria – Subtropicale/tropicale arida,suitable,no,resident,0.0,3740.0,,
243,243,Acridotheres Tristis,Myna Comune,Common Myna,137492530,ok,14.5,Aree urbane,suitable,no,resident,0.0,3740.0,,
243,243,Acridotheres Tristis,Myna Comune,Common Myna,137492530,ok,14.3,Piantagioni,suitable,no,resident,0.0,3740.0,,
243,243,Acridotheres Tristis,Myna Comune,Common Myna,137492530,ok,14.2,Pascoli,suitable,no,resident,0.0,3740.0,,
243,243,Acridotheres Tristis,Myna Comune,Common Myna,137492530,ok,14.1,Terreno arabile,suitable,no,resident,0.0,3740.0,,
244,244,Pyxicephalus Adspersus,Rana Toro Africana,African Bullfrog,3070700,ok,5.8,Zone umide (interne) – Paludi/stagni d'acqua dolce stagionali/intermittenti (inferiori a 8 ettari),suitable,unknown,unknown,,,,
244,244,Pyxicephalus Adspersus,Rana Toro Africana,African Bullfrog,3070700,ok,5.6,Zone umide (interne) – Laghi d'acqua dolce stagionali/intermittenti (oltre 8 ha),suitable,unknown,unknown,,,,
244,244,Pyxicephalus Adspersus,Rana Toro Africana,African Bullfrog,3070700,ok,3.5,Arbusti – Zona secca subtropicale/tropicale,suitable,unknown,unknown,,,,
244,244,Pyxicephalus Adspersus,Rana Toro Africana,African Bullfrog,3070700,ok,14.2,Pascoli,suitable,unknown,unknown,,,,
244,244,Pyxicephalus Adspersus,Rana Toro Africana,African Bullfrog,3070700,ok,14.1,Terreno arabile,marginal,unknown,unknown,,,,
244,244,Pyxicephalus Adspersus,Rana Toro Africana,African Bullfrog,3070700,ok,15.9,Canali e fossi di drenaggio,suitable,unknown,unknown,,,,
244,244,Pyxicephalus Adspersus,Rana Toro Africana,African Bullfrog,3070700,ok,2.1,Savana - Secca,suitable,unknown,unknown,,,,
244,244,Pyxicephalus Adspersus,Rana Toro Africana,African Bullfrog,3070700,ok,2.2,Savana - Umida,marginal,unknown,unknown,,,,
245,245,Euphonia Violacea,Eufonia Violacea,Violaceous Euphonia,264321179,ok,1.5,Foresta – Subtropicale/tropicale secca,suitable,no,resident,0.0,1420.0,,
245,245,Euphonia Violacea,Eufonia Violacea,Violaceous Euphonia,264321179,ok,14.4,Orti rurali,suitable,no,resident,0.0,1420.0,,
245,245,Euphonia Violacea,Eufonia Violacea,Violaceous Euphonia,264321179,ok,3.5,Arbusti – Zona secca subtropicale/tropicale,suitable,no,resident,0.0,1420.0,,
245,245,Euphonia Violacea,Eufonia Violacea,Violaceous Euphonia,264321179,ok,3.6,Arbusti – Subtropicale/tropicale umido,suitable,no,resident,0.0,1420.0,,
245,245,Euphonia Violacea,Eufonia Violacea,Violaceous Euphonia,264321179,ok,2.1,Savana - Secca,suitable,no,resident,0.0,1420.0,,
245,245,Euphonia Violacea,Eufonia Violacea,Violaceous Euphonia,264321179,ok,14.6,Foresta subtropicale/tropicale fortemente degradata,suitable,no,resident,0.0,1420.0,,
245,245,Euphonia Violacea,Eufonia Violacea,Violaceous Euphonia,264321179,ok,1.6,Foresta – Pianura umida subtropicale/tropicale,suitable,no,resident,0.0,1420.0,,
246,246,Corvus Splendens,Cornacchia Grigia,House Crow,131944731,ok,14.4,Orti rurali,suitable,no,resident,,,,
246,246,Corvus Splendens,Cornacchia Grigia,House Crow,131944731,ok,14.5,Aree urbane,suitable,no,resident,,,,
247,247,Ceratophrys Ornata,Rana Cornuta Ornata,Ornate Horned Frog,263201909,ok,14.3,Piantagioni,marginal,unknown,resident,0.0,200.0,,
247,247,Ceratophrys Ornata,Rana Cornuta Ornata,Ornate Horned Frog,263201909,ok,14.4,Orti rurali,marginal,unknown,resident,0.0,200.0,,
247,247,Ceratophrys Ornata,Rana Cornuta Ornata,Ornate Horned Frog,263201909,ok,15.7,"Terreni irrigati, compresi i canali di irrigazione",marginal,unknown,resident,0.0,200.0,,
247,247,Ceratophrys Ornata,Rana Cornuta Ornata,Ornate Horned Frog,263201909,ok,15.8,Terreni agricoli soggetti a inondazioni stagionali,marginal,unknown,resident,0.0,200.0,,
247,247,Ceratophrys Ornata,Rana Cornuta Ornata,Ornate Horned Frog,263201909,ok,15.9,Canali e fossi di drenaggio,suitable,yes,resident,0.0,200.0,,
247,247,Ceratophrys Ornata,Rana Cornuta Ornata,Ornate Horned Frog,263201909,ok,3.4,Arbusti – Temperati,suitable,yes,resident,0.0,200.0,,
247,247,Ceratophrys Ornata,Rana Cornuta Ornata,Ornate Horned Frog,263201909,ok,4.4,Prateria – Temperata,suitable,yes,resident,0.0,200.0,,
247,247,Ceratophrys Ornata,Rana Cornuta Ornata,Ornate Horned Frog,263201909,ok,5.8,Zone umide (interne) – Paludi/stagni d'acqua dolce stagionali/intermittenti (inferiori a 8 ettari),suitable,yes,resident,0.0,200.0,,
248,248,Semnopithecus Entellus,Langur Di Hanuman,Hanuman Langur,17942050,ok,2.2,Savana - Umida,suitable,yes,unknown,0.0,400.0,,
248,248,Semnopithecus Entellus,Langur Di Hanuman,Hanuman Langur,17942050,ok,14.3,Piantagioni,suitable,yes,unknown,0.0,400.0,,
248,248,Semnopithecus Entellus,Langur Di Hanuman,Hanuman Langur,17942050,ok,14.5,Aree urbane,suitable,yes,unknown,0.0,400.0,,
248,248,Semnopithecus Entellus,Langur Di Hanuman,Hanuman Langur,17942050,ok,3.6,Arbusti – Subtropicale/tropicale umido,suitable,yes,unknown,0.0,400.0,,
248,248,Semnopithecus Entellus,Langur Di Hanuman,Hanuman Langur,17942050,ok,1.5,Foresta – Subtropicale/tropicale secca,suitable,yes,unknown,0.0,400.0,,
248,248,Semnopithecus Entellus,Langur Di Hanuman,Hanuman Langur,17942050,ok,3.5,Arbusti – Zona secca subtropicale/tropicale,suitable,yes,unknown,0.0,400.0,,
248,248,Semnopithecus Entellus,Langur Di Hanuman,Hanuman Langur,17942050,ok,14.6,Foresta subtropicale/tropicale fortemente degradata,marginal,unknown,unknown,0.0,400.0,,
248,248,Semnopithecus Entellus,Langur Di Hanuman,Hanuman Langur,17942050,ok,1.7,Foresta – Vegetazione di mangrovie subtropicale/tropicale al di sopra del livello dell'alta marea,suitable,yes,unknown,0.0,400.0,,
248,248,Semnopithecus Entellus,Langur Di Hanuman,Hanuman Langur,17942050,ok,2.1,Savana - Secca,suitable,yes,unknown,0.0,400.0,,
248,248,Semnopithecus Entellus,Langur Di Hanuman,Hanuman Langur,17942050,ok,14.4,Orti rurali,suitable,yes,unknown,0.0,400.0,,
249,249,Sapajus Libidinosus,Cappuccino Dal Ciuffo,Tufted Capuchin,192593226,ok,2.1,Savana - Secca,suitable,yes,unknown,,,,
249,249,Sapajus Libidinosus,Cappuccino Dal Ciuffo,Tufted Capuchin,192593226,ok,2.2,Savana - Umida,suitable,yes,unknown,,,,
249,249,Sapajus Libidinosus,Cappuccino Dal Ciuffo,Tufted Capuchin,192593226,ok,1.7,Foresta – Vegetazione di mangrovie subtropicale/tropicale al di sopra del livello dell'alta marea,suitable,yes,unknown,,,,
249,249,Sapajus Libidinosus,Cappuccino Dal Ciuffo,Tufted Capuchin,192593226,ok,1.5,Foresta – Subtropicale/tropicale secca,suitable,yes,unknown,,,,
250,250,Milvus Migrans,Nibbio Bruno,Black Kite,206588554,ok,14.1,Terreno arabile,suitable,no,resident,0.0,4900.0,,
250,250,Milvus Migrans,Nibbio Bruno,Black Kite,206588554,ok,14.2,Pascoli,suitable,no,resident,0.0,4900.0,,
250,250,Milvus Migrans,Nibbio Bruno,Black Kite,206588554,ok,4.4,Prateria – Temperata,suitable,no,resident,0.0,4900.0,,
250,250,Milvus Migrans,Nibbio Bruno,Black Kite,206588554,ok,12.2,"Coste sabbiose e/o spiagge, banchi di sabbia, lingue di sabbia",suitable,no,resident,0.0,4900.0,,
250,250,Milvus Migrans,Nibbio Bruno,Black Kite,206588554,ok,3.4,Arbusti – Temperati,suitable,no,resident,0.0,4900.0,,
250,250,Milvus Migrans,Nibbio Bruno,Black Kite,206588554,ok,3.8,Arbusti – Vegetazione arbustiva di tipo mediterraneo,suitable,no,resident,0.0,4900.0,,
250,250,Milvus Migrans,Nibbio Bruno,Black Kite,206588554,ok,5.4,"Zone umide (interne) – Paludi, acquitrini, torbiere",suitable,no,resident,0.0,4900.0,,
250,250,Milvus Migrans,Nibbio Bruno,Black Kite,206588554,ok,12.1,Costa rocciosa,suitable,no,resident,0.0,4900.0,,
250,250,Milvus Migrans,Nibbio Bruno,Black Kite,206588554,ok,12.3,Coste e/o spiagge di ciottoli e/o ghiaia,suitable,no,resident,0.0,4900.0,,
250,250,Milvus Migrans,Nibbio Bruno,Black Kite,206588554,ok,1.5,Foresta – Subtropicale/tropicale secca,suitable,no,resident,0.0,4900.0,,
250,250,Milvus Migrans,Nibbio Bruno,Black Kite,206588554,ok,14.4,Orti rurali,suitable,no,resident,0.0,4900.0,,
250,250,Milvus Migrans,Nibbio Bruno,Black Kite,206588554,ok,4.5,Prateria – Subtropicale/tropicale arida,suitable,no,resident,0.0,4900.0,,
250,250,Milvus Migrans,Nibbio Bruno,Black Kite,206588554,ok,1.4,Foresta – Temperata,suitable,no,resident,0.0,4900.0,,
250,250,Milvus Migrans,Nibbio Bruno,Black Kite,206588554,ok,13.1,Scogliere marine e isole rocciose al largo della costa,suitable,no,resident,0.0,4900.0,,
250,250,Milvus Migrans,Nibbio Bruno,Black Kite,206588554,ok,12.6,Pozze di marea,suitable,no,resident,0.0,4900.0,,
250,250,Milvus Migrans,Nibbio Bruno,Black Kite,206588554,ok,14.5,Aree urbane,suitable,no,resident,0.0,4900.0,,
250,250,Milvus Migrans,Nibbio Bruno,Black Kite,206588554,ok,2.1,Savana - Secca,suitable,no,resident,0.0,4900.0,,
250,250,Milvus Migrans,Nibbio Bruno,Black Kite,206588554,ok,3.5,Arbusti – Zona secca subtropicale/tropicale,suitable,no,resident,0.0,4900.0,,
250,250,Milvus Migrans,Nibbio Bruno,Black Kite,206588554,ok,8.1,Deserto – Caldo,suitable,no,resident,0.0,4900.0,,
250,250,Milvus Migrans,Nibbio Bruno,Black Kite,206588554,ok,1.6,Foresta – Pianura umida subtropicale/tropicale,suitable,no,resident,0.0,4900.0,,
251,251,Oophaga Pumilio,Rana Velenosa Fragola,Strawberry Poison-Dart Frog,3025630,ok,14.3,Piantagioni,marginal,unknown,resident,0.0,960.0,,
251,251,Oophaga Pumilio,Rana Velenosa Fragola,Strawberry Poison-Dart Frog,3025630,ok,1.6,Foresta – Pianura umida subtropicale/tropicale,suitable,yes,resident,0.0,960.0,,
252,252,Vanellus Chilensis,Pavoncella Di Fronte Bianca,Southern Lapwing,163620949,ok,5.4,"Zone umide (interne) – Paludi, acquitrini, torbiere",suitable,no,breeding,,2600.0,,
252,252,Vanellus Chilensis,Pavoncella Di Fronte Bianca,Southern Lapwing,163620949,ok,4.6,Prateria – Subtropicale/tropicale stagionalmente umida/allagata,suitable,yes,breeding,,2600.0,,
252,252,Vanellus Chilensis,Pavoncella Di Fronte Bianca,Southern Lapwing,163620949,ok,14.2,Pascoli,suitable,no,breeding,,2600.0,,
253,253,Naja Naja,Cobra Indiano,Indian Cobra,3110222,ok,1.9,Foresta – Subtropicale/tropicale umida montana,suitable,yes,resident,100.0,2000.0,,
253,253,Naja Naja,Cobra Indiano,Indian Cobra,3110222,ok,14.5,Aree urbane,suitable,yes,resident,100.0,2000.0,,
253,253,Naja Naja,Cobra Indiano,Indian Cobra,3110222,ok,14.4,Orti rurali,suitable,yes,resident,100.0,2000.0,,
253,253,Naja Naja,Cobra Indiano,Indian Cobra,3110222,ok,3.5,Arbusti – Zona secca subtropicale/tropicale,suitable,yes,resident,100.0,2000.0,,
253,253,Naja Naja,Cobra Indiano,Indian Cobra,3110222,ok,4.5,Prateria – Subtropicale/tropicale arida,suitable,yes,resident,100.0,2000.0,,
253,253,Naja Naja,Cobra Indiano,Indian Cobra,3110222,ok,8.1,Deserto – Caldo,suitable,yes,resident,100.0,2000.0,,
253,253,Naja Naja,Cobra Indiano,Indian Cobra,3110222,ok,1.5,Foresta – Subtropicale/tropicale secca,suitable,yes,resident,100.0,2000.0,,
253,253,Naja Naja,Cobra Indiano,Indian Cobra,3110222,ok,15.8,Terreni agricoli soggetti a inondazioni stagionali,suitable,yes,resident,100.0,2000.0,,
253,253,Naja Naja,Cobra Indiano,Indian Cobra,3110222,ok,15.9,Canali e fossi di drenaggio,suitable,yes,resident,100.0,2000.0,,
253,253,Naja Naja,Cobra Indiano,Indian Cobra,3110222,ok,14.1,Terreno arabile,suitable,yes,resident,100.0,2000.0,,
253,253,Naja Naja,Cobra Indiano,Indian Cobra,3110222,ok,15.7,"Terreni irrigati, compresi i canali di irrigazione",suitable,yes,resident,100.0,2000.0,,
253,253,Naja Naja,Cobra Indiano,Indian Cobra,3110222,ok,14.3,Piantagioni,suitable,yes,resident,100.0,2000.0,,
253,253,Naja Naja,Cobra Indiano,Indian Cobra,3110222,ok,12.4,Coste fangose e piane fangose intertidali,suitable,yes,resident,100.0,2000.0,,
254,254,Theloderma Corticale,Rana Muschiata Vietnamita,Vietnamese Mossy Frog,219667057,ok,1.9,Foresta – Subtropicale/tropicale umida montana,suitable,yes,resident,500.0,1320.0,,
254,254,Theloderma Corticale,Rana Muschiata Vietnamita,Vietnamese Mossy Frog,219667057,ok,1.6,Foresta – Pianura umida subtropicale/tropicale,suitable,yes,resident,500.0,1320.0,,
255,255,Didelphis Albiventris,Opossum Dal Ventre Bianco,White-Eared Opossum,197310863,ok,14.3,Piantagioni,marginal,unknown,unknown,,,,
255,255,Didelphis Albiventris,Opossum Dal Ventre Bianco,White-Eared Opossum,197310863,ok,14.4,Orti rurali,marginal,unknown,unknown,,,,
255,255,Didelphis Albiventris,Opossum Dal Ventre Bianco,White-Eared Opossum,197310863,ok,14.5,Aree urbane,marginal,unknown,unknown,,,,
255,255,Didelphis Albiventris,Opossum Dal Ventre Bianco,White-Eared Opossum,197310863,ok,14.6,Foresta subtropicale/tropicale fortemente degradata,marginal,unknown,unknown,,,,
255,255,Didelphis Albiventris,Opossum Dal Ventre Bianco,White-Eared Opossum,197310863,ok,2.1,Savana - Secca,suitable,yes,unknown,,,,
255,255,Didelphis Albiventris,Opossum Dal Ventre Bianco,White-Eared Opossum,197310863,ok,2.2,Savana - Umida,suitable,yes,unknown,,,,
255,255,Didelphis Albiventris,Opossum Dal Ventre Bianco,White-Eared Opossum,197310863,ok,3.5,Arbusti – Zona secca subtropicale/tropicale,suitable,yes,unknown,,,,
255,255,Didelphis Albiventris,Opossum Dal Ventre Bianco,White-Eared Opossum,197310863,ok,1.6,Foresta – Pianura umida subtropicale/tropicale,suitable,yes,unknown,,,,
256,256,Rusa Unicolor,Cervo Sambar,Sambar Deer,85628124,ok,1.9,Foresta – Subtropicale/tropicale umida montana,suitable,yes,unknown,0.0,3900.0,,
256,256,Rusa Unicolor,Cervo Sambar,Sambar Deer,85628124,ok,14.3,Piantagioni,suitable,no,unknown,0.0,3900.0,,
256,256,Rusa Unicolor,Cervo Sambar,Sambar Deer,85628124,ok,14.6,Foresta subtropicale/tropicale fortemente degradata,suitable,yes,unknown,0.0,3900.0,,
256,256,Rusa Unicolor,Cervo Sambar,Sambar Deer,85628124,ok,2.1,Savana - Secca,suitable,yes,unknown,0.0,3900.0,,
256,256,Rusa Unicolor,Cervo Sambar,Sambar Deer,85628124,ok,2.2,Savana - Umida,suitable,yes,unknown,0.0,3900.0,,
256,256,Rusa Unicolor,Cervo Sambar,Sambar Deer,85628124,ok,3.5,Arbusti – Zona secca subtropicale/tropicale,suitable,no,unknown,0.0,3900.0,,
256,256,Rusa Unicolor,Cervo Sambar,Sambar Deer,85628124,ok,3.6,Arbusti – Subtropicale/tropicale umido,suitable,no,unknown,0.0,3900.0,,
256,256,Rusa Unicolor,Cervo Sambar,Sambar Deer,85628124,ok,3.7,Arbusti – Zone subtropicali/tropicali di alta quota,suitable,no,unknown,0.0,3900.0,,
256,256,Rusa Unicolor,Cervo Sambar,Sambar Deer,85628124,ok,4.6,Prateria – Subtropicale/tropicale stagionalmente umida/allagata,suitable,no,unknown,0.0,3900.0,,
256,256,Rusa Unicolor,Cervo Sambar,Sambar Deer,85628124,ok,5.4,"Zone umide (interne) – Paludi, acquitrini, torbiere",suitable,no,unknown,0.0,3900.0,,
256,256,Rusa Unicolor,Cervo Sambar,Sambar Deer,85628124,ok,1.4,Foresta – Temperata,suitable,no,unknown,0.0,3900.0,,
256,256,Rusa Unicolor,Cervo Sambar,Sambar Deer,85628124,ok,1.5,Foresta – Subtropicale/tropicale secca,suitable,yes,unknown,0.0,3900.0,,
256,256,Rusa Unicolor,Cervo Sambar,Sambar Deer,85628124,ok,1.6,Foresta – Pianura umida subtropicale/tropicale,suitable,yes,unknown,0.0,3900.0,,
257,257,Typhlonectes Natans,Cecilia Acquatica,Aquatic Caecilian,85909110,ok,3.6,Arbusti – Subtropicale/tropicale umido,suitable,no,resident,0.0,1000.0,,
257,257,Typhlonectes Natans,Cecilia Acquatica,Aquatic Caecilian,85909110,ok,3.5,Arbusti – Zona secca subtropicale/tropicale,suitable,no,resident,0.0,1000.0,,
257,257,Typhlonectes Natans,Cecilia Acquatica,Aquatic Caecilian,85909110,ok,5.1,Zone umide (interne) – Fiumi/torrenti/cascate permanenti,suitable,yes,resident,0.0,1000.0,,
257,257,Typhlonectes Natans,Cecilia Acquatica,Aquatic Caecilian,85909110,ok,2.1,Savana - Secca,suitable,no,resident,0.0,1000.0,,
257,257,Typhlonectes Natans,Cecilia Acquatica,Aquatic Caecilian,85909110,ok,4.6,Prateria – Subtropicale/tropicale stagionalmente umida/allagata,suitable,no,resident,0.0,1000.0,,
257,257,Typhlonectes Natans,Cecilia Acquatica,Aquatic Caecilian,85909110,ok,5.5,Zone umide (interne) – Laghi permanenti di acqua dolce (oltre 8 ettari),suitable,yes,resident,0.0,1000.0,,
257,257,Typhlonectes Natans,Cecilia Acquatica,Aquatic Caecilian,85909110,ok,5.7,Zone umide (interne) – Paludi/stagni d'acqua dolce permanenti (inferiori a 8 ettari),suitable,yes,resident,0.0,1000.0,,
258,258,Psittacula Krameri,Parrocchetto Dal Collare,Rose-Ringed Parakeet,,assessment_not_found,,,unknown,unknown,unknown,,,,
259,259,Cerdocyon Thous,Volpe Del Granchio,Crab-Eating Fox,81266293,ok,1.6,Foresta – Pianura umida subtropicale/tropicale,suitable,yes,unknown,0.0,3000.0,,
259,259,Cerdocyon Thous,Volpe Del Granchio,Crab-Eating Fox,81266293,ok,1.9,Foresta – Subtropicale/tropicale umida montana,suitable,yes,unknown,0.0,3000.0,,
259,259,Cerdocyon Thous,Volpe Del Granchio,Crab-Eating Fox,81266293,ok,14.1,Terreno arabile,suitable,no,unknown,0.0,3000.0,,
259,259,Cerdocyon Thous,Volpe Del Granchio,Crab-Eating Fox,81266293,ok,14.2,Pascoli,suitable,no,unknown,0.0,3000.0,,
259,259,Cerdocyon Thous,Volpe Del Granchio,Crab-Eating Fox,81266293,ok,14.3,Piantagioni,suitable,no,unknown,0.0,3000.0,,
259,259,Cerdocyon Thous,Volpe Del Granchio,Crab-Eating Fox,81266293,ok,14.6,Foresta subtropicale/tropicale fortemente degradata,suitable,no,unknown,0.0,3000.0,,
259,259,Cerdocyon Thous,Volpe Del Granchio,Crab-Eating Fox,81266293,ok,2.1,Savana - Secca,suitable,yes,unknown,0.0,3000.0,,
259,259,Cerdocyon Thous,Volpe Del Granchio,Crab-Eating Fox,81266293,ok,2.2,Savana - Umida,suitable,yes,unknown,0.0,3000.0,,
259,259,Cerdocyon Thous,Volpe Del Granchio,Crab-Eating Fox,81266293,ok,3.5,Arbusti – Zona secca subtropicale/tropicale,suitable,yes,unknown,0.0,3000.0,,
259,259,Cerdocyon Thous,Volpe Del Granchio,Crab-Eating Fox,81266293,ok,3.6,Arbusti – Subtropicale/tropicale umido,suitable,yes,unknown,0.0,3000.0,,
259,259,Cerdocyon Thous,Volpe Del Granchio,Crab-Eating Fox,81266293,ok,4.5,Prateria – Subtropicale/tropicale arida,suitable,yes,unknown,0.0,3000.0,,
259,259,Cerdocyon Thous,Volpe Del Granchio,Crab-Eating Fox,81266293,ok,4.7,Prateria – Alta quota subtropicale/tropicale,marginal,unknown,unknown,0.0,3000.0,,
259,259,Cerdocyon Thous,Volpe Del Granchio,Crab-Eating Fox,81266293,ok,5.4,"Zone umide (interne) – Paludi, acquitrini, torbiere",suitable,yes,unknown,0.0,3000.0,,
259,259,Cerdocyon Thous,Volpe Del Granchio,Crab-Eating Fox,81266293,ok,1.5,Foresta – Subtropicale/tropicale secca,suitable,yes,unknown,0.0,3000.0,,
260,260,Varanus Bengalensis,Varano Del Bengala,Bengal Monitor,1058949,ok,3.5,Arbusti – Zona secca subtropicale/tropicale,suitable,unknown,resident,0.0,3000.0,,
260,260,Varanus Bengalensis,Varano Del Bengala,Bengal Monitor,1058949,ok,14.3,Piantagioni,suitable,unknown,resident,0.0,3000.0,,
260,260,Varanus Bengalensis,Varano Del Bengala,Bengal Monitor,1058949,ok,3.6,Arbusti – Subtropicale/tropicale umido,suitable,unknown,resident,0.0,3000.0,,
260,260,Varanus Bengalensis,Varano Del Bengala,Bengal Monitor,1058949,ok,14.1,Terreno arabile,suitable,unknown,resident,0.0,3000.0,,
260,260,Varanus Bengalensis,Varano Del Bengala,Bengal Monitor,1058949,ok,5.2,Zone umide (interne) – Fiumi/torrenti/canali stagionali/intermittenti/irregolari,marginal,unknown,resident,0.0,3000.0,,
260,260,Varanus Bengalensis,Varano Del Bengala,Bengal Monitor,1058949,ok,5.1,Zone umide (interne) – Fiumi/torrenti/cascate permanenti,marginal,unknown,resident,0.0,3000.0,,
260,260,Varanus Bengalensis,Varano Del Bengala,Bengal Monitor,1058949,ok,1.6,Foresta – Pianura umida subtropicale/tropicale,suitable,unknown,resident,0.0,3000.0,,
260,260,Varanus Bengalensis,Varano Del Bengala,Bengal Monitor,1058949,ok,8.1,Deserto – Caldo,suitable,unknown,resident,0.0,3000.0,,
261,261,Choloepus Didactylus,Bradipo Dalle Due Dita,Linnaeus'S Two-Toed Sloth,210443323,ok,1.9,Foresta – Subtropicale/tropicale umida montana,suitable,yes,resident,0.0,2400.0,,
261,261,Choloepus Didactylus,Bradipo Dalle Due Dita,Linnaeus'S Two-Toed Sloth,210443323,ok,1.5,Foresta – Subtropicale/tropicale secca,marginal,unknown,resident,0.0,2400.0,,
261,261,Choloepus Didactylus,Bradipo Dalle Due Dita,Linnaeus'S Two-Toed Sloth,210443323,ok,1.6,Foresta – Pianura umida subtropicale/tropicale,suitable,yes,resident,0.0,2400.0,,
262,262,Herpestes Edwardsi,Mangusta Indiana,Indian Grey Mongoose,,assessment_not_found,,,unknown,unknown,unknown,,,,
263,263,Eudynamys Scolopaceus,Koel Orientale,Asian Koel,280940326,ok,14.5,Aree urbane,suitable,no,breeding,0.0,2380.0,,
263,263,Eudynamys Scolopaceus,Koel Orientale,Asian Koel,280940326,ok,1.6,Foresta – Pianura umida subtropicale/tropicale,suitable,no,breeding,0.0,2380.0,,
263,263,Eudynamys Scolopaceus,Koel Orientale,Asian Koel,280940326,ok,14.3,Piantagioni,suitable,no,breeding,0.0,2380.0,,
263,263,Eudynamys Scolopaceus,Koel Orientale,Asian Koel,280940326,ok,14.4,Orti rurali,suitable,no,breeding,0.0,2380.0,,
263,263,Eudynamys Scolopaceus,Koel Orientale,Asian Koel,280940326,ok,3.6,Arbusti – Subtropicale/tropicale umido,suitable,no,breeding,0.0,2380.0,,
263,263,Eudynamys Scolopaceus,Koel Orientale,Asian Koel,280940326,ok,3.5,Arbusti – Zona secca subtropicale/tropicale,suitable,no,breeding,0.0,2380.0,,
264,264,Dendrocygna Autumnalis,Anatra Fischiante Dal Ventre Nero,Black-Bellied Whistling Duck,138940651,ok,5.4,"Zone umide (interne) – Paludi, acquitrini, torbiere",suitable,yes,breeding,,1500.0,,
264,264,Dendrocygna Autumnalis,Anatra Fischiante Dal Ventre Nero,Black-Bellied Whistling Duck,138940651,ok,14.1,Terreno arabile,suitable,no,breeding,,1500.0,,
265,265,Ardeola Grayii,Sgarza Indiana,Indian Pond Heron,265000155,ok,15.8,Terreni agricoli soggetti a inondazioni stagionali,suitable,no,resident,0.0,4050.0,,
265,265,Ardeola Grayii,Sgarza Indiana,Indian Pond Heron,265000155,ok,12.4,Coste fangose e piane fangose intertidali,suitable,no,resident,0.0,4050.0,,
265,265,Ardeola Grayii,Sgarza Indiana,Indian Pond Heron,265000155,ok,5.4,"Zone umide (interne) – Paludi, acquitrini, torbiere",suitable,no,resident,0.0,4050.0,,
265,265,Ardeola Grayii,Sgarza Indiana,Indian Pond Heron,265000155,ok,5.1,Zone umide (interne) – Fiumi/torrenti/cascate permanenti,suitable,no,resident,0.0,4050.0,,
265,265,Ardeola Grayii,Sgarza Indiana,Indian Pond Heron,265000155,ok,15.1,Aree di stoccaggio dell'acqua oltre 8 ettari,suitable,no,resident,0.0,4050.0,,
265,265,Ardeola Grayii,Sgarza Indiana,Indian Pond Heron,265000155,ok,1.7,Foresta – Vegetazione di mangrovie subtropicale/tropicale al di sopra del livello dell'alta marea,suitable,no,resident,0.0,4050.0,,
265,265,Ardeola Grayii,Sgarza Indiana,Indian Pond Heron,265000155,ok,5.5,Zone umide (interne) – Laghi permanenti di acqua dolce (oltre 8 ettari),suitable,no,resident,0.0,4050.0,,
266,266,Leopardus Pardalis,Ocelot,Ocelot,97212355,ok,1.7,Foresta – Vegetazione di mangrovie subtropicale/tropicale al di sopra del livello dell'alta marea,suitable,yes,unknown,0.0,3000.0,,
266,266,Leopardus Pardalis,Ocelot,Ocelot,97212355,ok,1.6,Foresta – Pianura umida subtropicale/tropicale,suitable,yes,unknown,0.0,3000.0,,
266,266,Leopardus Pardalis,Ocelot,Ocelot,97212355,ok,1.5,Foresta – Subtropicale/tropicale secca,suitable,yes,unknown,0.0,3000.0,,
266,266,Leopardus Pardalis,Ocelot,Ocelot,97212355,ok,3.6,Arbusti – Subtropicale/tropicale umido,suitable,yes,unknown,0.0,3000.0,,
266,266,Leopardus Pardalis,Ocelot,Ocelot,97212355,ok,3.5,Arbusti – Zona secca subtropicale/tropicale,suitable,yes,unknown,0.0,3000.0,,
266,266,Leopardus Pardalis,Ocelot,Ocelot,97212355,ok,2.2,Savana - Umida,suitable,yes,unknown,0.0,3000.0,,
266,266,Leopardus Pardalis,Ocelot,Ocelot,97212355,ok,2.1,Savana - Secca,suitable,yes,unknown,0.0,3000.0,,
266,266,Leopardus Pardalis,Ocelot,Ocelot,97212355,ok,1.9,Foresta – Subtropicale/tropicale umida montana,marginal,unknown,unknown,0.0,3000.0,,
267,267,Canis Aureus,Sciacallo Dorato,Golden Jackal,163507876,ok,1.5,Foresta – Subtropicale/tropicale secca,suitable,yes,unknown,0.0,2000.0,,
267,267,Canis Aureus,Sciacallo Dorato,Golden Jackal,163507876,ok,4.5,Prateria – Subtropicale/tropicale arida,suitable,yes,unknown,0.0,2000.0,,
267,267,Canis Aureus,Sciacallo Dorato,Golden Jackal,163507876,ok,3.5,Arbusti – Zona secca subtropicale/tropicale,suitable,yes,unknown,0.0,2000.0,,
267,267,Canis Aureus,Sciacallo Dorato,Golden Jackal,163507876,ok,2.2,Savana - Umida,suitable,yes,unknown,0.0,2000.0,,
267,267,Canis Aureus,Sciacallo Dorato,Golden Jackal,163507876,ok,2.1,Savana - Secca,suitable,yes,unknown,0.0,2000.0,,
267,267,Canis Aureus,Sciacallo Dorato,Golden Jackal,163507876,ok,14.2,Pascoli,suitable,yes,unknown,0.0,2000.0,,
267,267,Canis Aureus,Sciacallo Dorato,Golden Jackal,163507876,ok,14.1,Terreno arabile,suitable,yes,unknown,0.0,2000.0,,
267,267,Canis Aureus,Sciacallo Dorato,Golden Jackal,163507876,ok,14.6,Foresta subtropicale/tropicale fortemente degradata,marginal,unknown,unknown,0.0,2000.0,,
267,267,Canis Aureus,Sciacallo Dorato,Golden Jackal,163507876,ok,14.5,Aree urbane,marginal,unknown,unknown,0.0,2000.0,,
268,268,Guira Guira,Guira,Guira Cuckoo,263682441,ok,2.1,Savana - Secca,suitable,no,breeding,0.0,1250.0,,
268,268,Guira Guira,Guira,Guira Cuckoo,263682441,ok,4.6,Prateria – Subtropicale/tropicale stagionalmente umida/allagata,suitable,no,breeding,0.0,1250.0,,
268,268,Guira Guira,Guira,Guira Cuckoo,263682441,ok,14.6,Foresta subtropicale/tropicale fortemente degradata,suitable,yes,breeding,0.0,1250.0,,
268,268,Guira Guira,Guira,Guira Cuckoo,263682441,ok,5.4,"Zone umide (interne) – Paludi, acquitrini, torbiere",suitable,no,breeding,0.0,1250.0,,
268,268,Guira Guira,Guira,Guira Cuckoo,263682441,ok,4.5,Prateria – Subtropicale/tropicale arida,suitable,no,breeding,0.0,1250.0,,
268,268,Guira Guira,Guira,Guira Cuckoo,263682441,ok,3.5,Arbusti – Zona secca subtropicale/tropicale,suitable,no,breeding,0.0,1250.0,,
269,269,Axis Axis,Cervo Asse,Chital,22158006,ok,1.5,Foresta – Subtropicale/tropicale secca,suitable,yes,unknown,0.0,1100.0,,
269,269,Axis Axis,Cervo Asse,Chital,22158006,ok,4.6,Prateria – Subtropicale/tropicale stagionalmente umida/allagata,suitable,yes,unknown,0.0,1100.0,,
269,269,Axis Axis,Cervo Asse,Chital,22158006,ok,2.1,Savana - Secca,suitable,yes,unknown,0.0,1100.0,,
269,269,Axis Axis,Cervo Asse,Chital,22158006,ok,14.3,Piantagioni,marginal,unknown,unknown,0.0,1100.0,,
269,269,Axis Axis,Cervo Asse,Chital,22158006,ok,2.2,Savana - Umida,suitable,yes,unknown,0.0,1100.0,,
269,269,Axis Axis,Cervo Asse,Chital,22158006,ok,4.5,Prateria – Subtropicale/tropicale arida,suitable,yes,unknown,0.0,1100.0,,
269,269,Axis Axis,Cervo Asse,Chital,22158006,ok,14.2,Pascoli,marginal,unknown,unknown,0.0,1100.0,,
269,269,Axis Axis,Cervo Asse,Chital,22158006,ok,14.6,Foresta subtropicale/tropicale fortemente degradata,marginal,unknown,unknown,0.0,1100.0,,
270,270,Camelus Dromedarius,Dromedario,Dromedary,,assessment_not_found,,,unknown,unknown,unknown,,,,
271,271,Boselaphus Tragocamelus,Nilgai,Nilgai,115064758,ok,4.5,Prateria – Subtropicale/tropicale arida,suitable,no,resident,,,,
271,271,Boselaphus Tragocamelus,Nilgai,Nilgai,115064758,ok,14.2,Pascoli,marginal,unknown,resident,,,,
271,271,Boselaphus Tragocamelus,Nilgai,Nilgai,115064758,ok,14.1,Terreno arabile,marginal,unknown,resident,,,,
271,271,Boselaphus Tragocamelus,Nilgai,Nilgai,115064758,ok,3.5,Arbusti – Zona secca subtropicale/tropicale,suitable,yes,resident,,,,
271,271,Boselaphus Tragocamelus,Nilgai,Nilgai,115064758,ok,1.5,Foresta – Subtropicale/tropicale secca,suitable,no,resident,,,,
272,272,Gavialis Gangeticus,Gaviale Del Gange,Gharial,149227430,ok,5.1,Zone umide (interne) – Fiumi/torrenti/cascate permanenti,suitable,yes,resident,0.0,750.0,,
272,272,Gavialis Gangeticus,Gaviale Del Gange,Gharial,149227430,ok,5.5,Zone umide (interne) – Laghi permanenti di acqua dolce (oltre 8 ettari),marginal,unknown,resident,0.0,750.0,,
272,272,Gavialis Gangeticus,Gaviale Del Gange,Gharial,149227430,ok,15.1,Aree di stoccaggio dell'acqua oltre 8 ettari,marginal,unknown,resident,0.0,750.0,,
273,273,Panthera Tigris,Tigre Del Bengala,Bengal Tiger,214862019,ok,1.9,Foresta – Subtropicale/tropicale umida montana,suitable,yes,resident,0.0,4500.0,,
273,273,Panthera Tigris,Tigre Del Bengala,Bengal Tiger,214862019,ok,1.4,Foresta – Temperata,suitable,yes,resident,0.0,4500.0,,
273,273,Panthera Tigris,Tigre Del Bengala,Bengal Tiger,214862019,ok,3.5,Arbusti – Zona secca subtropicale/tropicale,suitable,yes,resident,0.0,4500.0,,
273,273,Panthera Tigris,Tigre Del Bengala,Bengal Tiger,214862019,ok,3.6,Arbusti – Subtropicale/tropicale umido,suitable,yes,resident,0.0,4500.0,,
273,273,Panthera Tigris,Tigre Del Bengala,Bengal Tiger,214862019,ok,1.1,Foresta boreale,suitable,yes,resident,0.0,4500.0,,
273,273,Panthera Tigris,Tigre Del Bengala,Bengal Tiger,214862019,ok,4.5,Prateria – Subtropicale/tropicale arida,suitable,yes,resident,0.0,4500.0,,
273,273,Panthera Tigris,Tigre Del Bengala,Bengal Tiger,214862019,ok,1.5,Foresta – Subtropicale/tropicale secca,suitable,yes,resident,0.0,4500.0,,
273,273,Panthera Tigris,Tigre Del Bengala,Bengal Tiger,214862019,ok,4.6,Prateria – Subtropicale/tropicale stagionalmente umida/allagata,suitable,yes,resident,0.0,4500.0,,
273,273,Panthera Tigris,Tigre Del Bengala,Bengal Tiger,214862019,ok,1.6,Foresta – Pianura umida subtropicale/tropicale,suitable,yes,resident,0.0,4500.0,,
273,273,Panthera Tigris,Tigre Del Bengala,Bengal Tiger,214862019,ok,1.7,Foresta – Vegetazione di mangrovie subtropicale/tropicale al di sopra del livello dell'alta marea,suitable,yes,resident,0.0,4500.0,,
273,273,Panthera Tigris,Tigre Del Bengala,Bengal Tiger,214862019,ok,4.4,Prateria – Temperata,marginal,unknown,resident,0.0,4500.0,,
273,273,Panthera Tigris,Tigre Del Bengala,Bengal Tiger,214862019,ok,14.3,Piantagioni,marginal,unknown,resident,0.0,4500.0,,
273,273,Panthera Tigris,Tigre Del Bengala,Bengal Tiger,214862019,ok,14.4,Orti rurali,marginal,unknown,passage,0.0,4500.0,,
273,273,Panthera Tigris,Tigre Del Bengala,Bengal Tiger,214862019,ok,3.3,Arbusti – Boreale,marginal,unknown,resident,0.0,4500.0,,
273,273,Panthera Tigris,Tigre Del Bengala,Bengal Tiger,214862019,ok,3.4,Arbusti – Temperati,marginal,unknown,resident,0.0,4500.0,,
273,273,Panthera Tigris,Tigre Del Bengala,Bengal Tiger,214862019,ok,4.7,Prateria – Alta quota subtropicale/tropicale,marginal,unknown,resident,0.0,4500.0,,
273,273,Panthera Tigris,Tigre Del Bengala,Bengal Tiger,214862019,ok,5.4,"Zone umide (interne) – Paludi, acquitrini, torbiere",suitable,yes,resident,0.0,4500.0,,
273,273,Panthera Tigris,Tigre Del Bengala,Bengal Tiger,214862019,ok,1.8,Foresta – Palude subtropicale/tropicale,suitable,yes,resident,0.0,4500.0,,
273,273,Panthera Tigris,Tigre Del Bengala,Bengal Tiger,214862019,ok,13.4,Lagune costiere salmastre/saline/laghi marini,suitable,yes,resident,0.0,4500.0,,
273,273,Panthera Tigris,Tigre Del Bengala,Bengal Tiger,214862019,ok,14.6,Foresta subtropicale/tropicale fortemente degradata,suitable,yes,resident,0.0,4500.0,,
273,273,Panthera Tigris,Tigre Del Bengala,Bengal Tiger,214862019,ok,2.2,Savana - Umida,suitable,yes,resident,0.0,4500.0,,
274,274,Enypniastes Eximia,Cetriolo Di Mare Pelagico,Headless Chicken Fish,,assessment_not_found,,,unknown,unknown,unknown,,,,
275,275,Elephas Maximus,Elefante Asiatico,Asian Elephant,45818198,ok,1.9,Foresta – Subtropicale/tropicale umida montana,suitable,yes,unknown,0.0,3000.0,,
275,275,Elephas Maximus,Elefante Asiatico,Asian Elephant,45818198,ok,14.6,Foresta subtropicale/tropicale fortemente degradata,marginal,unknown,unknown,0.0,3000.0,,
275,275,Elephas Maximus,Elefante Asiatico,Asian Elephant,45818198,ok,4.6,Prateria – Subtropicale/tropicale stagionalmente umida/allagata,suitable,yes,unknown,0.0,3000.0,,
275,275,Elephas Maximus,Elefante Asiatico,Asian Elephant,45818198,ok,3.5,Arbusti – Zona secca subtropicale/tropicale,suitable,yes,unknown,0.0,3000.0,,
275,275,Elephas Maximus,Elefante Asiatico,Asian Elephant,45818198,ok,1.5,Foresta – Subtropicale/tropicale secca,suitable,yes,unknown,0.0,3000.0,,
275,275,Elephas Maximus,Elefante Asiatico,Asian Elephant,45818198,ok,1.6,Foresta – Pianura umida subtropicale/tropicale,suitable,yes,unknown,0.0,3000.0,,
275,275,Elephas Maximus,Elefante Asiatico,Asian Elephant,45818198,ok,14.3,Piantagioni,marginal,unknown,unknown,0.0,3000.0,,
275,275,Elephas Maximus,Elefante Asiatico,Asian Elephant,45818198,ok,4.5,Prateria – Subtropicale/tropicale arida,suitable,yes,unknown,0.0,3000.0,,
275,275,Elephas Maximus,Elefante Asiatico,Asian Elephant,45818198,ok,3.6,Arbusti – Subtropicale/tropicale umido,suitable,yes,unknown,0.0,3000.0,,
276,276,Grimpoteuthis,Polpo Dumbo,Dumbo Octopus,,invalid_scientific_name,,,unknown,unknown,unknown,,,,
277,277,Pteropus Medius,Volpe Volante Indiana,Indian Flying Fox,271209371,ok,14.3,Piantagioni,marginal,unknown,passage,0.0,2000.0,,
277,277,Pteropus Medius,Volpe Volante Indiana,Indian Flying Fox,271209371,ok,14.4,Orti rurali,marginal,unknown,passage,0.0,2000.0,,
277,277,Pteropus Medius,Volpe Volante Indiana,Indian Flying Fox,271209371,ok,14.5,Aree urbane,marginal,unknown,passage,0.0,2000.0,,
277,277,Pteropus Medius,Volpe Volante Indiana,Indian Flying Fox,271209371,ok,14.6,Foresta subtropicale/tropicale fortemente degradata,marginal,unknown,passage,0.0,2000.0,,
277,277,Pteropus Medius,Volpe Volante Indiana,Indian Flying Fox,271209371,ok,1.6,Foresta – Pianura umida subtropicale/tropicale,suitable,yes,resident,0.0,2000.0,,
277,277,Pteropus Medius,Volpe Volante Indiana,Indian Flying Fox,271209371,ok,1.7,Foresta – Vegetazione di mangrovie subtropicale/tropicale al di sopra del livello dell'alta marea,suitable,yes,resident,0.0,2000.0,,
278,278,Bathynomus Giganteus,Isopode Gigante,Giant Isopod,,assessment_not_found,,,unknown,unknown,unknown,,,,
279,279,Oryx Leucoryx,Orice Arabico,Arabian Oryx,50191626,ok,8.1,Deserto – Caldo,suitable,yes,resident,,,,
280,280,Kiwa Hirsuta,Granchio Yeti,Yeti Crab,,assessment_not_found,,,unknown,unknown,unknown,,,,
281,281,Gazella Gazella,Gazzella Di Montagna,Mountain Gazelle,50186574,ok,13.3,Dune sabbiose costiere,suitable,no,resident,0.0,1500.0,,
281,281,Gazella Gazella,Gazzella Di Montagna,Mountain Gazelle,50186574,ok,8.1,Deserto – Caldo,suitable,yes,resident,0.0,1500.0,,
281,281,Gazella Gazella,Gazzella Di Montagna,Mountain Gazelle,50186574,ok,14.2,Pascoli,suitable,no,resident,0.0,1500.0,,
282,282,Paralithodes Camtschaticus,Granchio Reale Del Kamchatka,Red King Crab,,assessment_not_found,,,unknown,unknown,unknown,,,,
283,283,Papio Hamadryas,Babbuino Sacro,Hamadryas Baboon,17953082,ok,6,Zone rocciose,suitable,yes,resident,,,,
283,283,Papio Hamadryas,Babbuino Sacro,Hamadryas Baboon,17953082,ok,4.7,Prateria – Alta quota subtropicale/tropicale,marginal,unknown,resident,,,,
283,283,Papio Hamadryas,Babbuino Sacro,Hamadryas Baboon,17953082,ok,3.5,Arbusti – Zona secca subtropicale/tropicale,suitable,yes,resident,,,,
283,283,Papio Hamadryas,Babbuino Sacro,Hamadryas Baboon,17953082,ok,4.5,Prateria – Subtropicale/tropicale arida,suitable,yes,resident,,,,
284,284,Goniopsis Pulchra,Granchio Delle Mangrovie Colorato,Mangrove Root Crab,,assessment_not_found,,,unknown,unknown,unknown,,,,
285,285,Uromastyx Aegyptia,Dei Più Grandi Agamidi Al Mondo,Egyptian Spiny-Tailed Lizard,115304711,ok,6,Zone rocciose,suitable,unknown,unknown,0.0,1500.0,,
285,285,Uromastyx Aegyptia,Dei Più Grandi Agamidi Al Mondo,Egyptian Spiny-Tailed Lizard,115304711,ok,3.5,Arbusti – Zona secca subtropicale/tropicale,suitable,unknown,unknown,0.0,1500.0,,
285,285,Uromastyx Aegyptia,Dei Più Grandi Agamidi Al Mondo,Egyptian Spiny-Tailed Lizard,115304711,ok,8.1,Deserto – Caldo,suitable,unknown,unknown,0.0,1500.0,,
286,286,Hymenocera Picta,Gambero Arlecchino,Harlequin Shrimp,,assessment_not_found,,,unknown,unknown,unknown,,,,
287,287,Vulpes Cana,Volpe Di Blanford,Blanford'S Fox,48075169,ok,8.1,Deserto – Caldo,suitable,yes,unknown,0.0,3000.0,,
287,287,Vulpes Cana,Volpe Di Blanford,Blanford'S Fox,48075169,ok,6,Zone rocciose,suitable,yes,unknown,0.0,3000.0,,
287,287,Vulpes Cana,Volpe Di Blanford,Blanford'S Fox,48075169,ok,8.2,Deserto – Temperato,suitable,unknown,unknown,0.0,3000.0,,
288,288,Lysmata Amboinensis,Gamberetto Pulitore,Scarlet Cleaner Shrimp,,assessment_not_found,,,unknown,unknown,unknown,,,,
289,289,Caracal Caracal,Caracal,Caracal,102424310,ok,1.5,Foresta – Subtropicale/tropicale secca,suitable,yes,unknown,0.0,3300.0,,
289,289,Caracal Caracal,Caracal,Caracal,102424310,ok,8.2,Deserto – Temperato,suitable,yes,unknown,0.0,3300.0,,
289,289,Caracal Caracal,Caracal,Caracal,102424310,ok,8.1,Deserto – Caldo,suitable,yes,unknown,0.0,3300.0,,
289,289,Caracal Caracal,Caracal,Caracal,102424310,ok,4.5,Prateria – Subtropicale/tropicale arida,suitable,yes,unknown,0.0,3300.0,,
289,289,Caracal Caracal,Caracal,Caracal,102424310,ok,4.4,Prateria – Temperata,suitable,yes,unknown,0.0,3300.0,,
289,289,Caracal Caracal,Caracal,Caracal,102424310,ok,3.5,Arbusti – Zona secca subtropicale/tropicale,suitable,yes,unknown,0.0,3300.0,,
289,289,Caracal Caracal,Caracal,Caracal,102424310,ok,2.1,Savana - Secca,suitable,yes,unknown,0.0,3300.0,,
290,290,Leptailurus Serval,Serval,Serval,156536762,ok,5.3,Zone umide (interne) – Zone umide dominate da arbusti,suitable,yes,resident,,3800.0,,
290,290,Leptailurus Serval,Serval,Serval,156536762,ok,5.1,Zone umide (interne) – Fiumi/torrenti/cascate permanenti,suitable,yes,resident,,3800.0,,
290,290,Leptailurus Serval,Serval,Serval,156536762,ok,4.6,Prateria – Subtropicale/tropicale stagionalmente umida/allagata,suitable,yes,resident,,3800.0,,
290,290,Leptailurus Serval,Serval,Serval,156536762,ok,1.5,Foresta – Subtropicale/tropicale secca,suitable,unknown,resident,,3800.0,,
290,290,Leptailurus Serval,Serval,Serval,156536762,ok,4.7,Prateria – Alta quota subtropicale/tropicale,suitable,unknown,resident,,3800.0,,
290,290,Leptailurus Serval,Serval,Serval,156536762,ok,4.5,Prateria – Subtropicale/tropicale arida,suitable,unknown,resident,,3800.0,,
290,290,Leptailurus Serval,Serval,Serval,156536762,ok,2.1,Savana - Secca,suitable,unknown,resident,,3800.0,,
291,291,Felis Margarita,Gatto Delle Sabbie,Sand Cat,50651884,ok,8.1,Deserto – Caldo,suitable,yes,unknown,,,,
292,292,Prionailurus Viverrinus,Gatto Pescatore,Fishing Cat,268618387,ok,14.4,Orti rurali,suitable,no,resident,0.0,2277.0,,
292,292,Prionailurus Viverrinus,Gatto Pescatore,Fishing Cat,268618387,ok,5.3,Zone umide (interne) – Zone umide dominate da arbusti,suitable,yes,resident,0.0,2277.0,,
292,292,Prionailurus Viverrinus,Gatto Pescatore,Fishing Cat,268618387,ok,5.4,"Zone umide (interne) – Paludi, acquitrini, torbiere",suitable,yes,resident,0.0,2277.0,,
292,292,Prionailurus Viverrinus,Gatto Pescatore,Fishing Cat,268618387,ok,1.6,Foresta – Pianura umida subtropicale/tropicale,suitable,no,resident,0.0,2277.0,,
292,292,Prionailurus Viverrinus,Gatto Pescatore,Fishing Cat,268618387,ok,1.8,Foresta – Palude subtropicale/tropicale,suitable,no,resident,0.0,2277.0,,
292,292,Prionailurus Viverrinus,Gatto Pescatore,Fishing Cat,268618387,ok,3.5,Arbusti – Zona secca subtropicale/tropicale,suitable,no,resident,0.0,2277.0,,
292,292,Prionailurus Viverrinus,Gatto Pescatore,Fishing Cat,268618387,ok,1.7,Foresta – Vegetazione di mangrovie subtropicale/tropicale al di sopra del livello dell'alta marea,suitable,yes,resident,0.0,2277.0,,
292,292,Prionailurus Viverrinus,Gatto Pescatore,Fishing Cat,268618387,ok,5.1,Zone umide (interne) – Fiumi/torrenti/cascate permanenti,suitable,yes,resident,0.0,2277.0,,
292,292,Prionailurus Viverrinus,Gatto Pescatore,Fishing Cat,268618387,ok,3.6,Arbusti – Subtropicale/tropicale umido,suitable,no,resident,0.0,2277.0,,
292,292,Prionailurus Viverrinus,Gatto Pescatore,Fishing Cat,268618387,ok,14.1,Terreno arabile,suitable,no,resident,0.0,2277.0,,
292,292,Prionailurus Viverrinus,Gatto Pescatore,Fishing Cat,268618387,ok,5.13,Zone umide (interne) – Delta interni permanenti,suitable,yes,resident,0.0,2277.0,,
292,292,Prionailurus Viverrinus,Gatto Pescatore,Fishing Cat,268618387,ok,14.5,Aree urbane,marginal,unknown,resident,0.0,2277.0,,
292,292,Prionailurus Viverrinus,Gatto Pescatore,Fishing Cat,268618387,ok,14.2,Pascoli,suitable,no,resident,0.0,2277.0,,
292,292,Prionailurus Viverrinus,Gatto Pescatore,Fishing Cat,268618387,ok,1.5,Foresta – Subtropicale/tropicale secca,suitable,no,resident,0.0,2277.0,,
292,292,Prionailurus Viverrinus,Gatto Pescatore,Fishing Cat,268618387,ok,4.6,Prateria – Subtropicale/tropicale stagionalmente umida/allagata,suitable,yes,resident,0.0,2277.0,,
292,292,Prionailurus Viverrinus,Gatto Pescatore,Fishing Cat,268618387,ok,5.5,Zone umide (interne) – Laghi permanenti di acqua dolce (oltre 8 ettari),suitable,yes,resident,0.0,2277.0,,
292,292,Prionailurus Viverrinus,Gatto Pescatore,Fishing Cat,268618387,ok,1.9,Foresta – Subtropicale/tropicale umida montana,suitable,no,resident,0.0,2277.0,,
292,292,Prionailurus Viverrinus,Gatto Pescatore,Fishing Cat,268618387,ok,5.7,Zone umide (interne) – Paludi/stagni d'acqua dolce permanenti (inferiori a 8 ettari),suitable,yes,resident,0.0,2277.0,,
292,292,Prionailurus Viverrinus,Gatto Pescatore,Fishing Cat,268618387,ok,15.1,Aree di stoccaggio dell'acqua oltre 8 ettari,suitable,yes,resident,0.0,2277.0,,
292,292,Prionailurus Viverrinus,Gatto Pescatore,Fishing Cat,268618387,ok,15.2,Stagni sotto gli 8 ettari,suitable,yes,resident,0.0,2277.0,,
292,292,Prionailurus Viverrinus,Gatto Pescatore,Fishing Cat,268618387,ok,15.3,Stagni per l'acquacoltura,suitable,yes,resident,0.0,2277.0,,
292,292,Prionailurus Viverrinus,Gatto Pescatore,Fishing Cat,268618387,ok,15.7,"Terreni irrigati, compresi i canali di irrigazione",suitable,yes,resident,0.0,2277.0,,
292,292,Prionailurus Viverrinus,Gatto Pescatore,Fishing Cat,268618387,ok,15.8,Terreni agricoli soggetti a inondazioni stagionali,suitable,yes,resident,0.0,2277.0,,
292,292,Prionailurus Viverrinus,Gatto Pescatore,Fishing Cat,268618387,ok,15.9,Canali e fossi di drenaggio,suitable,yes,resident,0.0,2277.0,,
292,292,Prionailurus Viverrinus,Gatto Pescatore,Fishing Cat,268618387,ok,5.6,Zone umide (interne) – Laghi d'acqua dolce stagionali/intermittenti (oltre 8 ha),suitable,yes,resident,0.0,2277.0,,
293,293,Procavia Capensis,Irace Del Capo,Rock Hyrax,21285876,ok,3.5,Arbusti – Zona secca subtropicale/tropicale,marginal,unknown,unknown,0.0,4300.0,,
293,293,Procavia Capensis,Irace Del Capo,Rock Hyrax,21285876,ok,8.1,Deserto – Caldo,marginal,unknown,unknown,0.0,4300.0,,
293,293,Procavia Capensis,Irace Del Capo,Rock Hyrax,21285876,ok,2.1,Savana - Secca,suitable,no,unknown,0.0,4300.0,,
293,293,Procavia Capensis,Irace Del Capo,Rock Hyrax,21285876,ok,8.2,Deserto – Temperato,suitable,no,unknown,0.0,4300.0,,
293,293,Procavia Capensis,Irace Del Capo,Rock Hyrax,21285876,ok,3.4,Arbusti – Temperati,suitable,no,unknown,0.0,4300.0,,
293,293,Procavia Capensis,Irace Del Capo,Rock Hyrax,21285876,ok,6,Zone rocciose,suitable,no,unknown,0.0,4300.0,,
294,294,Pardofelis Marmorata,Gatto Marmorizzato,Marbled Cat,97164299,ok,1.6,Foresta – Pianura umida subtropicale/tropicale,suitable,yes,unknown,0.0,2500.0,,
294,294,Pardofelis Marmorata,Gatto Marmorizzato,Marbled Cat,97164299,ok,1.5,Foresta – Subtropicale/tropicale secca,suitable,yes,unknown,0.0,2500.0,,
294,294,Pardofelis Marmorata,Gatto Marmorizzato,Marbled Cat,97164299,ok,1.9,Foresta – Subtropicale/tropicale umida montana,suitable,yes,unknown,0.0,2500.0,,
295,295,Chlamydotis Macqueenii,Ubara Di Macqueen,Macqueen'S Bustard,205364424,ok,14.2,Pascoli,suitable,no,breeding,,,,
295,295,Chlamydotis Macqueenii,Ubara Di Macqueen,Macqueen'S Bustard,205364424,ok,4.5,Prateria – Subtropicale/tropicale arida,suitable,yes,breeding,,,,
295,295,Chlamydotis Macqueenii,Ubara Di Macqueen,Macqueen'S Bustard,205364424,ok,8.1,Deserto – Caldo,suitable,yes,breeding,,,,
295,295,Chlamydotis Macqueenii,Ubara Di Macqueen,Macqueen'S Bustard,205364424,ok,8.2,Deserto – Temperato,suitable,yes,breeding,,,,
296,296,Felis Manul,Gatto Di Pallas,Pallas'S Cat,,assessment_not_found,,,unknown,unknown,unknown,,,,
297,297,Pterocles Lichtensteinii,Francolino Di Lichtenstein,Lichtenstein'S Sandgrouse,263651821,ok,5.7,Zone umide (interne) – Paludi/stagni d'acqua dolce permanenti (inferiori a 8 ettari),suitable,no,resident,,1800.0,,
297,297,Pterocles Lichtensteinii,Francolino Di Lichtenstein,Lichtenstein'S Sandgrouse,263651821,ok,8.1,Deserto – Caldo,suitable,no,resident,,1800.0,,
297,297,Pterocles Lichtensteinii,Francolino Di Lichtenstein,Lichtenstein'S Sandgrouse,263651821,ok,5.8,Zone umide (interne) – Paludi/stagni d'acqua dolce stagionali/intermittenti (inferiori a 8 ettari),suitable,no,resident,,1800.0,,
297,297,Pterocles Lichtensteinii,Francolino Di Lichtenstein,Lichtenstein'S Sandgrouse,263651821,ok,3.5,Arbusti – Zona secca subtropicale/tropicale,suitable,yes,resident,,1800.0,,
297,297,Pterocles Lichtensteinii,Francolino Di Lichtenstein,Lichtenstein'S Sandgrouse,263651821,ok,2.1,Savana - Secca,suitable,yes,resident,,1800.0,,
297,297,Pterocles Lichtensteinii,Francolino Di Lichtenstein,Lichtenstein'S Sandgrouse,263651821,ok,5.9,Zone umide (interne) – Sorgenti di acqua dolce e oasi,suitable,no,resident,,1800.0,,
298,298,Chinchilla Lanigera,Cincillà,Long-Tailed Chinchilla,,assessment_not_found,,,unknown,unknown,unknown,,,,
299,299,Cerastes Gasperettii,Vipera Cornuta Araba,Arabian Horned Viper,1060588,ok,3.5,Arbusti – Zona secca subtropicale/tropicale,marginal,unknown,unknown,,1500.0,,
299,299,Cerastes Gasperettii,Vipera Cornuta Araba,Arabian Horned Viper,1060588,ok,8.1,Deserto – Caldo,suitable,yes,unknown,,1500.0,,
300,300,Octodon Degus,Degu,Degu,78321302,ok,3.8,Arbusti – Vegetazione arbustiva di tipo mediterraneo,suitable,unknown,unknown,0.0,1800.0,,
301,301,Lepus Capensis,Lepre Del Capo,Cape Hare,45186750,ok,14.1,Terreno arabile,suitable,unknown,unknown,0.0,1800.0,,
301,301,Lepus Capensis,Lepre Del Capo,Cape Hare,45186750,ok,3.8,Arbusti – Vegetazione arbustiva di tipo mediterraneo,suitable,unknown,unknown,0.0,1800.0,,
301,301,Lepus Capensis,Lepre Del Capo,Cape Hare,45186750,ok,4.5,Prateria – Subtropicale/tropicale arida,suitable,unknown,unknown,0.0,1800.0,,
301,301,Lepus Capensis,Lepre Del Capo,Cape Hare,45186750,ok,3.5,Arbusti – Zona secca subtropicale/tropicale,suitable,unknown,unknown,0.0,1800.0,,
301,301,Lepus Capensis,Lepre Del Capo,Cape Hare,45186750,ok,14.2,Pascoli,suitable,unknown,unknown,0.0,1800.0,,
301,301,Lepus Capensis,Lepre Del Capo,Cape Hare,45186750,ok,8.1,Deserto – Caldo,suitable,unknown,unknown,0.0,1800.0,,
301,301,Lepus Capensis,Lepre Del Capo,Cape Hare,45186750,ok,8.2,Deserto – Temperato,suitable,unknown,unknown,0.0,1800.0,,
302,302,Cynocephalus Volans,Colugo Delle Filippine,Philippine Flying Lemur,12410826,ok,14.3,Piantagioni,suitable,unknown,unknown,,,,
302,302,Cynocephalus Volans,Colugo Delle Filippine,Philippine Flying Lemur,12410826,ok,14.6,Foresta subtropicale/tropicale fortemente degradata,marginal,unknown,unknown,,,,
302,302,Cynocephalus Volans,Colugo Delle Filippine,Philippine Flying Lemur,12410826,ok,14.4,Orti rurali,marginal,unknown,unknown,,,,
302,302,Cynocephalus Volans,Colugo Delle Filippine,Philippine Flying Lemur,12410826,ok,1.6,Foresta – Pianura umida subtropicale/tropicale,suitable,unknown,unknown,,,,
303,303,Solenodon Paradoxus,Solenodonte Di Hispaniola,Hispaniolan Solenodon,22327218,ok,1.6,Foresta – Pianura umida subtropicale/tropicale,suitable,unknown,unknown,13.0,2026.0,,
303,303,Solenodon Paradoxus,Solenodonte Di Hispaniola,Hispaniolan Solenodon,22327218,ok,14.3,Piantagioni,marginal,unknown,unknown,13.0,2026.0,,
303,303,Solenodon Paradoxus,Solenodonte Di Hispaniola,Hispaniolan Solenodon,22327218,ok,7.1,Grotte e habitat sotterranei (non acquatici) – Grotte,suitable,unknown,unknown,13.0,2026.0,,
303,303,Solenodon Paradoxus,Solenodonte Di Hispaniola,Hispaniolan Solenodon,22327218,ok,1.9,Foresta – Subtropicale/tropicale umida montana,suitable,unknown,unknown,13.0,2026.0,,
303,303,Solenodon Paradoxus,Solenodonte Di Hispaniola,Hispaniolan Solenodon,22327218,ok,14.1,Terreno arabile,suitable,unknown,unknown,13.0,2026.0,,
303,303,Solenodon Paradoxus,Solenodonte Di Hispaniola,Hispaniolan Solenodon,22327218,ok,14.2,Pascoli,suitable,unknown,unknown,13.0,2026.0,,
303,303,Solenodon Paradoxus,Solenodonte Di Hispaniola,Hispaniolan Solenodon,22327218,ok,14.6,Foresta subtropicale/tropicale fortemente degradata,suitable,unknown,unknown,13.0,2026.0,,
303,303,Solenodon Paradoxus,Solenodonte Di Hispaniola,Hispaniolan Solenodon,22327218,ok,1.5,Foresta – Subtropicale/tropicale secca,suitable,unknown,unknown,13.0,2026.0,,
304,304,Alectoris Chukar,Coturnice Chukar,Chukar Partridge,155454429,ok,4.4,Prateria – Temperata,suitable,no,resident,,4500.0,,
304,304,Alectoris Chukar,Coturnice Chukar,Chukar Partridge,155454429,ok,3.8,Arbusti – Vegetazione arbustiva di tipo mediterraneo,suitable,no,resident,,4500.0,,
305,305,Falco Concolor,Falco Concolore,Sooty Falcon,180387681,ok,2.1,Savana - Secca,suitable,no,breeding,0.0,1500.0,,
305,305,Falco Concolor,Falco Concolore,Sooty Falcon,180387681,ok,3.5,Arbusti – Zona secca subtropicale/tropicale,suitable,no,breeding,0.0,1500.0,,
305,305,Falco Concolor,Falco Concolore,Sooty Falcon,180387681,ok,3.6,Arbusti – Subtropicale/tropicale umido,suitable,no,breeding,0.0,1500.0,,
305,305,Falco Concolor,Falco Concolore,Sooty Falcon,180387681,ok,6,Zone rocciose,suitable,no,breeding,0.0,1500.0,,
305,305,Falco Concolor,Falco Concolore,Sooty Falcon,180387681,ok,8.1,Deserto – Caldo,suitable,yes,breeding,0.0,1500.0,,
305,305,Falco Concolor,Falco Concolore,Sooty Falcon,180387681,ok,1.5,Foresta – Subtropicale/tropicale secca,suitable,no,breeding,0.0,1500.0,,
305,305,Falco Concolor,Falco Concolore,Sooty Falcon,180387681,ok,1.6,Foresta – Pianura umida subtropicale/tropicale,suitable,no,breeding,0.0,1500.0,,
305,305,Falco Concolor,Falco Concolore,Sooty Falcon,180387681,ok,13.1,Scogliere marine e isole rocciose al largo della costa,suitable,yes,breeding,0.0,1500.0,,
306,306,Eudyptes Chrysocome,Pinguino Saltarocce,Southern Rockhopper Penguin,182762377,ok,9.1,Neritico marino – Pelagico,suitable,yes,breeding,0.0,60.0,0.0,113.0
306,306,Eudyptes Chrysocome,Pinguino Saltarocce,Southern Rockhopper Penguin,182762377,ok,10.1,Epipelagico (0–200 m),suitable,yes,breeding,0.0,60.0,0.0,113.0
306,306,Eudyptes Chrysocome,Pinguino Saltarocce,Southern Rockhopper Penguin,182762377,ok,12.1,Costa rocciosa,suitable,yes,breeding,0.0,60.0,0.0,113.0
306,306,Eudyptes Chrysocome,Pinguino Saltarocce,Southern Rockhopper Penguin,182762377,ok,13.1,Scogliere marine e isole rocciose al largo della costa,suitable,yes,breeding,0.0,60.0,0.0,113.0
307,307,Naja Haje,Cobra Egiziano,Egyptian Cobra,1748178,ok,3.5,Arbusti – Zona secca subtropicale/tropicale,suitable,unknown,resident,1000.0,1600.0,,
307,307,Naja Haje,Cobra Egiziano,Egyptian Cobra,1748178,ok,14.3,Piantagioni,suitable,unknown,resident,1000.0,1600.0,,
307,307,Naja Haje,Cobra Egiziano,Egyptian Cobra,1748178,ok,3.8,Arbusti – Vegetazione arbustiva di tipo mediterraneo,suitable,unknown,resident,1000.0,1600.0,,
307,307,Naja Haje,Cobra Egiziano,Egyptian Cobra,1748178,ok,14.2,Pascoli,suitable,unknown,resident,1000.0,1600.0,,
307,307,Naja Haje,Cobra Egiziano,Egyptian Cobra,1748178,ok,14.1,Terreno arabile,suitable,unknown,resident,1000.0,1600.0,,
307,307,Naja Haje,Cobra Egiziano,Egyptian Cobra,1748178,ok,14.4,Orti rurali,suitable,unknown,resident,1000.0,1600.0,,
307,307,Naja Haje,Cobra Egiziano,Egyptian Cobra,1748178,ok,14.5,Aree urbane,marginal,unknown,resident,1000.0,1600.0,,
307,307,Naja Haje,Cobra Egiziano,Egyptian Cobra,1748178,ok,5.9,Zone umide (interne) – Sorgenti di acqua dolce e oasi,suitable,unknown,resident,1000.0,1600.0,,
307,307,Naja Haje,Cobra Egiziano,Egyptian Cobra,1748178,ok,2.1,Savana - Secca,suitable,unknown,resident,1000.0,1600.0,,
307,307,Naja Haje,Cobra Egiziano,Egyptian Cobra,1748178,ok,4.5,Prateria – Subtropicale/tropicale arida,suitable,unknown,resident,1000.0,1600.0,,
308,308,Morus Bassanus,Sula Bassana,Northern Gannet,132587285,ok,9.2,Neritica marina – Rocce e scogliere rocciose subtidali,suitable,no,breeding,,200.0,,
308,308,Morus Bassanus,Sula Bassana,Northern Gannet,132587285,ok,9.5,Neritico marino – Fango sabbioso subtidale,suitable,no,breeding,,200.0,,
308,308,Morus Bassanus,Sula Bassana,Northern Gannet,132587285,ok,9.9,Erba marina sommersa,suitable,no,breeding,,200.0,,
308,308,Morus Bassanus,Sula Bassana,Northern Gannet,132587285,ok,9.3,Neritico marino – Roccia/ciottoli/ghiaia sciolti subtidali,suitable,no,breeding,,200.0,,
308,308,Morus Bassanus,Sula Bassana,Northern Gannet,132587285,ok,9.7,Neritico marino – Macroalghe/alghe,suitable,no,breeding,,200.0,,
308,308,Morus Bassanus,Sula Bassana,Northern Gannet,132587285,ok,10.1,Epipelagico (0–200 m),suitable,yes,breeding,,200.0,,
308,308,Morus Bassanus,Sula Bassana,Northern Gannet,132587285,ok,9.1,Neritico marino – Pelagico,suitable,yes,breeding,,200.0,,
308,308,Morus Bassanus,Sula Bassana,Northern Gannet,132587285,ok,13.1,Scogliere marine e isole rocciose al largo della costa,suitable,yes,breeding,,200.0,,
308,308,Morus Bassanus,Sula Bassana,Northern Gannet,132587285,ok,10.2,Mesopelagico (200–1.000 m),suitable,yes,breeding,,200.0,,
308,308,Morus Bassanus,Sula Bassana,Northern Gannet,132587285,ok,9.4,Neritico marino – Sabbioso subtidale,suitable,no,breeding,,200.0,,
309,309,Passer Montanus,Passero Mattugio,Eurasian Tree Sparrow,137421099,ok,1.4,Foresta – Temperata,suitable,no,resident,0.0,4400.0,,
309,309,Passer Montanus,Passero Mattugio,Eurasian Tree Sparrow,137421099,ok,3.4,Arbusti – Temperati,suitable,no,resident,0.0,4400.0,,
309,309,Passer Montanus,Passero Mattugio,Eurasian Tree Sparrow,137421099,ok,14.5,Aree urbane,suitable,no,resident,0.0,4400.0,,
309,309,Passer Montanus,Passero Mattugio,Eurasian Tree Sparrow,137421099,ok,14.4,Orti rurali,suitable,no,resident,0.0,4400.0,,
309,309,Passer Montanus,Passero Mattugio,Eurasian Tree Sparrow,137421099,ok,14.2,Pascoli,suitable,no,resident,0.0,4400.0,,
309,309,Passer Montanus,Passero Mattugio,Eurasian Tree Sparrow,137421099,ok,14.1,Terreno arabile,suitable,no,resident,0.0,4400.0,,
310,310,Sula Leucogaster,Sula Bruna,Brown Booby,132590197,ok,10.2,Mesopelagico (200–1.000 m),suitable,yes,resident,,100.0,,
310,310,Sula Leucogaster,Sula Bruna,Brown Booby,132590197,ok,9.7,Neritico marino – Macroalghe/alghe,suitable,yes,resident,,100.0,,
310,310,Sula Leucogaster,Sula Bruna,Brown Booby,132590197,ok,9.3,Neritico marino – Roccia/ciottoli/ghiaia sciolti subtidali,suitable,yes,resident,,100.0,,
310,310,Sula Leucogaster,Sula Bruna,Brown Booby,132590197,ok,9.5,Neritico marino – Fango sabbioso subtidale,suitable,yes,resident,,100.0,,
310,310,Sula Leucogaster,Sula Bruna,Brown Booby,132590197,ok,10.1,Epipelagico (0–200 m),suitable,yes,resident,,100.0,,
310,310,Sula Leucogaster,Sula Bruna,Brown Booby,132590197,ok,9.2,Neritica marina – Rocce e scogliere rocciose subtidali,suitable,yes,resident,,100.0,,
310,310,Sula Leucogaster,Sula Bruna,Brown Booby,132590197,ok,9.4,Neritico marino – Sabbioso subtidale,suitable,yes,resident,,100.0,,
310,310,Sula Leucogaster,Sula Bruna,Brown Booby,132590197,ok,9.1,Neritico marino – Pelagico,suitable,yes,resident,,100.0,,
310,310,Sula Leucogaster,Sula Bruna,Brown Booby,132590197,ok,13.1,Scogliere marine e isole rocciose al largo della costa,suitable,no,resident,,100.0,,
310,310,Sula Leucogaster,Sula Bruna,Brown Booby,132590197,ok,9.9,Erba marina sommersa,suitable,yes,resident,,100.0,,
311,311,Pica Serica,Gazza Orientale,Oriental Magpie,,assessment_not_found,,,unknown,unknown,unknown,,,,
312,312,Phaethon Aethereus,Fetonte Beccorosso,Red-Billed Tropicbird,155736224,ok,13.1,Scogliere marine e isole rocciose al largo della costa,suitable,yes,breeding,0.0,,,
312,312,Phaethon Aethereus,Fetonte Beccorosso,Red-Billed Tropicbird,155736224,ok,10.2,Mesopelagico (200–1.000 m),suitable,yes,breeding,0.0,,,
312,312,Phaethon Aethereus,Fetonte Beccorosso,Red-Billed Tropicbird,155736224,ok,10.1,Epipelagico (0–200 m),suitable,yes,breeding,0.0,,,
312,312,Phaethon Aethereus,Fetonte Beccorosso,Red-Billed Tropicbird,155736224,ok,9.9,Erba marina sommersa,suitable,yes,breeding,0.0,,,
312,312,Phaethon Aethereus,Fetonte Beccorosso,Red-Billed Tropicbird,155736224,ok,9.1,Neritico marino – Pelagico,suitable,yes,breeding,0.0,,,
312,312,Phaethon Aethereus,Fetonte Beccorosso,Red-Billed Tropicbird,155736224,ok,9.2,Neritica marina – Rocce e scogliere rocciose subtidali,suitable,yes,breeding,0.0,,,
312,312,Phaethon Aethereus,Fetonte Beccorosso,Red-Billed Tropicbird,155736224,ok,9.3,Neritico marino – Roccia/ciottoli/ghiaia sciolti subtidali,suitable,yes,breeding,0.0,,,
312,312,Phaethon Aethereus,Fetonte Beccorosso,Red-Billed Tropicbird,155736224,ok,9.4,Neritico marino – Sabbioso subtidale,suitable,yes,breeding,0.0,,,
312,312,Phaethon Aethereus,Fetonte Beccorosso,Red-Billed Tropicbird,155736224,ok,9.5,Neritico marino – Fango sabbioso subtidale,suitable,yes,breeding,0.0,,,
312,312,Phaethon Aethereus,Fetonte Beccorosso,Red-Billed Tropicbird,155736224,ok,9.7,Neritico marino – Macroalghe/alghe,suitable,yes,breeding,0.0,,,
313,313,Spilopelia Chinensis,Tortora Cinese,Spotted Dove,264111548,ok,14.1,Terreno arabile,suitable,no,breeding,,2400.0,,
313,313,Spilopelia Chinensis,Tortora Cinese,Spotted Dove,264111548,ok,14.4,Orti rurali,suitable,no,breeding,,2400.0,,
313,313,Spilopelia Chinensis,Tortora Cinese,Spotted Dove,264111548,ok,5.1,Zone umide (interne) – Fiumi/torrenti/cascate permanenti,suitable,no,breeding,,2400.0,,
313,313,Spilopelia Chinensis,Tortora Cinese,Spotted Dove,264111548,ok,1.6,Foresta – Pianura umida subtropicale/tropicale,suitable,no,breeding,,2400.0,,
313,313,Spilopelia Chinensis,Tortora Cinese,Spotted Dove,264111548,ok,1.5,Foresta – Subtropicale/tropicale secca,suitable,no,breeding,,2400.0,,
314,314,Alca Torda,Gazza Marina,Razorbill,228697220,ok,9.2,Neritica marina – Rocce e scogliere rocciose subtidali,suitable,yes,breeding,0.0,,,
314,314,Alca Torda,Gazza Marina,Razorbill,228697220,ok,9.1,Neritico marino – Pelagico,suitable,no,breeding,0.0,,,
314,314,Alca Torda,Gazza Marina,Razorbill,228697220,ok,10.2,Mesopelagico (200–1.000 m),suitable,no,breeding,0.0,,,
314,314,Alca Torda,Gazza Marina,Razorbill,228697220,ok,9.7,Neritico marino – Macroalghe/alghe,suitable,yes,breeding,0.0,,,
314,314,Alca Torda,Gazza Marina,Razorbill,228697220,ok,9.9,Erba marina sommersa,suitable,yes,breeding,0.0,,,
314,314,Alca Torda,Gazza Marina,Razorbill,228697220,ok,9.3,Neritico marino – Roccia/ciottoli/ghiaia sciolti subtidali,suitable,yes,breeding,0.0,,,
314,314,Alca Torda,Gazza Marina,Razorbill,228697220,ok,9.4,Neritico marino – Sabbioso subtidale,suitable,yes,breeding,0.0,,,
314,314,Alca Torda,Gazza Marina,Razorbill,228697220,ok,12.6,Pozze di marea,suitable,yes,breeding,0.0,,,
314,314,Alca Torda,Gazza Marina,Razorbill,228697220,ok,9.5,Neritico marino – Fango sabbioso subtidale,suitable,yes,breeding,0.0,,,
314,314,Alca Torda,Gazza Marina,Razorbill,228697220,ok,13.1,Scogliere marine e isole rocciose al largo della costa,suitable,yes,breeding,0.0,,,
314,314,Alca Torda,Gazza Marina,Razorbill,228697220,ok,10.1,Epipelagico (0–200 m),suitable,no,breeding,0.0,,,
314,314,Alca Torda,Gazza Marina,Razorbill,228697220,ok,12.1,Costa rocciosa,suitable,yes,breeding,0.0,,,
315,315,Pycnonotus Jocosus,Bulbul Orfeo,Red-Whiskered Bulbul,263762446,ok,1.6,Foresta – Pianura umida subtropicale/tropicale,suitable,no,resident,0.0,2000.0,,
315,315,Pycnonotus Jocosus,Bulbul Orfeo,Red-Whiskered Bulbul,263762446,ok,14.6,Foresta subtropicale/tropicale fortemente degradata,suitable,no,resident,0.0,2000.0,,
315,315,Pycnonotus Jocosus,Bulbul Orfeo,Red-Whiskered Bulbul,263762446,ok,5.4,"Zone umide (interne) – Paludi, acquitrini, torbiere",suitable,no,resident,0.0,2000.0,,
315,315,Pycnonotus Jocosus,Bulbul Orfeo,Red-Whiskered Bulbul,263762446,ok,14.5,Aree urbane,suitable,no,resident,0.0,2000.0,,
315,315,Pycnonotus Jocosus,Bulbul Orfeo,Red-Whiskered Bulbul,263762446,ok,3.6,Arbusti – Subtropicale/tropicale umido,suitable,no,resident,0.0,2000.0,,
315,315,Pycnonotus Jocosus,Bulbul Orfeo,Red-Whiskered Bulbul,263762446,ok,14.4,Orti rurali,suitable,no,resident,0.0,2000.0,,
315,315,Pycnonotus Jocosus,Bulbul Orfeo,Red-Whiskered Bulbul,263762446,ok,14.1,Terreno arabile,suitable,no,resident,0.0,2000.0,,
316,316,Pelecanus Erythrorhynchos,Pellicano Bianco Americano,American White Pelican,281856383,ok,9.10,Estuari,suitable,no,breeding,0.0,150.0,,
316,316,Pelecanus Erythrorhynchos,Pellicano Bianco Americano,American White Pelican,281856383,ok,13.4,Lagune costiere salmastre/saline/laghi marini,suitable,no,breeding,0.0,150.0,,
316,316,Pelecanus Erythrorhynchos,Pellicano Bianco Americano,American White Pelican,281856383,ok,5.4,"Zone umide (interne) – Paludi, acquitrini, torbiere",suitable,no,breeding,0.0,150.0,,
316,316,Pelecanus Erythrorhynchos,Pellicano Bianco Americano,American White Pelican,281856383,ok,5.5,Zone umide (interne) – Laghi permanenti di acqua dolce (oltre 8 ettari),suitable,yes,breeding,0.0,150.0,,
316,316,Pelecanus Erythrorhynchos,Pellicano Bianco Americano,American White Pelican,281856383,ok,5.14,"Zone umide (interne) – Laghi permanenti salini, salmastri o alcalini",suitable,yes,breeding,0.0,150.0,,
317,317,Cochlearius Cochlearius,Airone Cucchiaio-Barca,Boat-Billed Heron,130187930,ok,1.7,Foresta – Vegetazione di mangrovie subtropicale/tropicale al di sopra del livello dell'alta marea,suitable,no,resident,,800.0,,
317,317,Cochlearius Cochlearius,Airone Cucchiaio-Barca,Boat-Billed Heron,130187930,ok,5.5,Zone umide (interne) – Laghi permanenti di acqua dolce (oltre 8 ettari),suitable,yes,resident,,800.0,,
317,317,Cochlearius Cochlearius,Airone Cucchiaio-Barca,Boat-Billed Heron,130187930,ok,5.1,Zone umide (interne) – Fiumi/torrenti/cascate permanenti,suitable,no,resident,,800.0,,
318,318,Prionailurus Bengalensis,Gatto Leopardo,Leopard Cat,226150742,ok,14.6,Foresta subtropicale/tropicale fortemente degradata,marginal,unknown,unknown,0.0,4474.0,,
318,318,Prionailurus Bengalensis,Gatto Leopardo,Leopard Cat,226150742,ok,14.4,Orti rurali,marginal,unknown,unknown,0.0,4474.0,,
318,318,Prionailurus Bengalensis,Gatto Leopardo,Leopard Cat,226150742,ok,3.7,Arbusti – Zone subtropicali/tropicali di alta quota,suitable,yes,resident,0.0,4474.0,,
318,318,Prionailurus Bengalensis,Gatto Leopardo,Leopard Cat,226150742,ok,1.4,Foresta – Temperata,suitable,yes,resident,0.0,4474.0,,
318,318,Prionailurus Bengalensis,Gatto Leopardo,Leopard Cat,226150742,ok,14.5,Aree urbane,marginal,unknown,unknown,0.0,4474.0,,
318,318,Prionailurus Bengalensis,Gatto Leopardo,Leopard Cat,226150742,ok,3.6,Arbusti – Subtropicale/tropicale umido,suitable,yes,resident,0.0,4474.0,,
318,318,Prionailurus Bengalensis,Gatto Leopardo,Leopard Cat,226150742,ok,3.4,Arbusti – Temperati,marginal,unknown,unknown,0.0,4474.0,,
318,318,Prionailurus Bengalensis,Gatto Leopardo,Leopard Cat,226150742,ok,4.5,Prateria – Subtropicale/tropicale arida,marginal,unknown,unknown,0.0,4474.0,,
318,318,Prionailurus Bengalensis,Gatto Leopardo,Leopard Cat,226150742,ok,4.6,Prateria – Subtropicale/tropicale stagionalmente umida/allagata,marginal,unknown,unknown,0.0,4474.0,,
318,318,Prionailurus Bengalensis,Gatto Leopardo,Leopard Cat,226150742,ok,1.7,Foresta – Vegetazione di mangrovie subtropicale/tropicale al di sopra del livello dell'alta marea,marginal,unknown,unknown,0.0,4474.0,,
318,318,Prionailurus Bengalensis,Gatto Leopardo,Leopard Cat,226150742,ok,1.6,Foresta – Pianura umida subtropicale/tropicale,suitable,yes,resident,0.0,4474.0,,
318,318,Prionailurus Bengalensis,Gatto Leopardo,Leopard Cat,226150742,ok,1.1,Foresta boreale,suitable,yes,resident,0.0,4474.0,,
318,318,Prionailurus Bengalensis,Gatto Leopardo,Leopard Cat,226150742,ok,1.8,Foresta – Palude subtropicale/tropicale,marginal,unknown,unknown,0.0,4474.0,,
318,318,Prionailurus Bengalensis,Gatto Leopardo,Leopard Cat,226150742,ok,14.3,Piantagioni,marginal,unknown,resident,0.0,4474.0,,
318,318,Prionailurus Bengalensis,Gatto Leopardo,Leopard Cat,226150742,ok,3.5,Arbusti – Zona secca subtropicale/tropicale,suitable,yes,resident,0.0,4474.0,,
318,318,Prionailurus Bengalensis,Gatto Leopardo,Leopard Cat,226150742,ok,1.5,Foresta – Subtropicale/tropicale secca,suitable,yes,resident,0.0,4474.0,,
318,318,Prionailurus Bengalensis,Gatto Leopardo,Leopard Cat,226150742,ok,16,Vegetazione introdotta,suitable,unknown,resident,0.0,4474.0,,
318,318,Prionailurus Bengalensis,Gatto Leopardo,Leopard Cat,226150742,ok,1.9,Foresta – Subtropicale/tropicale umida montana,suitable,yes,resident,0.0,4474.0,,
319,319,Tigriornis Leucolopha,Airone Dalla Cresta Bianca,White-Crested Tiger Heron,130188990,ok,1.8,Foresta – Palude subtropicale/tropicale,suitable,no,resident,,,,
319,319,Tigriornis Leucolopha,Airone Dalla Cresta Bianca,White-Crested Tiger Heron,130188990,ok,1.7,Foresta – Vegetazione di mangrovie subtropicale/tropicale al di sopra del livello dell'alta marea,suitable,no,resident,,,,
319,319,Tigriornis Leucolopha,Airone Dalla Cresta Bianca,White-Crested Tiger Heron,130188990,ok,1.6,Foresta – Pianura umida subtropicale/tropicale,suitable,no,resident,,,,
319,319,Tigriornis Leucolopha,Airone Dalla Cresta Bianca,White-Crested Tiger Heron,130188990,ok,5.1,Zone umide (interne) – Fiumi/torrenti/cascate permanenti,suitable,no,resident,,,,
320,320,Uncia Uncia,Leopardo Delle Nevi,Snow Leopard,,assessment_not_found,,,unknown,unknown,unknown,,,,
321,321,Eurypyga Helias,Tarabuso Del Sole,Sunbittern,163625651,ok,1.8,Foresta – Palude subtropicale/tropicale,suitable,yes,resident,,1830.0,,
321,321,Eurypyga Helias,Tarabuso Del Sole,Sunbittern,163625651,ok,5.1,Zone umide (interne) – Fiumi/torrenti/cascate permanenti,suitable,yes,resident,,1830.0,,
322,322,Ailuropoda Melanoleuca,Panda Gigante,Giant Panda,121745669,ok,1.4,Foresta – Temperata,suitable,yes,unknown,1200.0,4100.0,,
323,323,Cariama Cristata,Seriema Crestato,Red-Legged Seriema,263629033,ok,2.1,Savana - Secca,suitable,yes,resident,,2100.0,,
323,323,Cariama Cristata,Seriema Crestato,Red-Legged Seriema,263629033,ok,1.5,Foresta – Subtropicale/tropicale secca,suitable,no,resident,,2100.0,,
324,324,Grus Japonensis,Gru Della Manciuria,Red-Crowned Crane,213488064,ok,13.4,Lagune costiere salmastre/saline/laghi marini,suitable,no,breeding,0.0,300.0,,
324,324,Grus Japonensis,Gru Della Manciuria,Red-Crowned Crane,213488064,ok,14.1,Terreno arabile,suitable,no,breeding,0.0,300.0,,
324,324,Grus Japonensis,Gru Della Manciuria,Red-Crowned Crane,213488064,ok,5.1,Zone umide (interne) – Fiumi/torrenti/cascate permanenti,suitable,no,breeding,0.0,300.0,,
324,324,Grus Japonensis,Gru Della Manciuria,Red-Crowned Crane,213488064,ok,5.4,"Zone umide (interne) – Paludi, acquitrini, torbiere",suitable,yes,breeding,0.0,300.0,,
324,324,Grus Japonensis,Gru Della Manciuria,Red-Crowned Crane,213488064,ok,5.5,Zone umide (interne) – Laghi permanenti di acqua dolce (oltre 8 ettari),suitable,no,breeding,0.0,300.0,,
324,324,Grus Japonensis,Gru Della Manciuria,Red-Crowned Crane,213488064,ok,5.7,Zone umide (interne) – Paludi/stagni d'acqua dolce permanenti (inferiori a 8 ettari),suitable,no,breeding,0.0,300.0,,
324,324,Grus Japonensis,Gru Della Manciuria,Red-Crowned Crane,213488064,ok,12.4,Coste fangose e piane fangose intertidali,suitable,yes,breeding,0.0,300.0,,
324,324,Grus Japonensis,Gru Della Manciuria,Red-Crowned Crane,213488064,ok,12.5,Paludi salmastre,suitable,no,breeding,0.0,300.0,,
325,325,Opisthocomus Hoazin,Hoatzin,Hoatzin,264086808,ok,1.6,Foresta – Pianura umida subtropicale/tropicale,suitable,yes,resident,0.0,1050.0,,
325,325,Opisthocomus Hoazin,Hoatzin,Hoatzin,264086808,ok,5.4,"Zone umide (interne) – Paludi, acquitrini, torbiere",suitable,no,resident,0.0,1050.0,,
326,326,Phasianus Colchicus,Fagiano Comune,Common Pheasant,280926744,ok,3.4,Arbusti – Temperati,suitable,no,resident,0.0,700.0,,
326,326,Phasianus Colchicus,Fagiano Comune,Common Pheasant,280926744,ok,1.4,Foresta – Temperata,suitable,no,resident,0.0,700.0,,
326,326,Phasianus Colchicus,Fagiano Comune,Common Pheasant,280926744,ok,14.1,Terreno arabile,suitable,no,resident,0.0,700.0,,
327,327,Psophia Crepitans,Trombettiere Comune,Grey-Winged Trumpeter,197834257,ok,1.6,Foresta – Pianura umida subtropicale/tropicale,suitable,yes,resident,0.0,750.0,,
328,328,Muntiacus Reevesi,Muntjac Di Reeves,Reeves'S Muntjac,170905827,ok,1.6,Foresta – Pianura umida subtropicale/tropicale,suitable,yes,unknown,50.0,3500.0,,
328,328,Muntiacus Reevesi,Muntjac Di Reeves,Reeves'S Muntjac,170905827,ok,1.4,Foresta – Temperata,suitable,yes,unknown,50.0,3500.0,,
328,328,Muntiacus Reevesi,Muntjac Di Reeves,Reeves'S Muntjac,170905827,ok,3.7,Arbusti – Zone subtropicali/tropicali di alta quota,suitable,yes,unknown,50.0,3500.0,,
328,328,Muntiacus Reevesi,Muntjac Di Reeves,Reeves'S Muntjac,170905827,ok,3.5,Arbusti – Zona secca subtropicale/tropicale,suitable,yes,unknown,50.0,3500.0,,
328,328,Muntiacus Reevesi,Muntjac Di Reeves,Reeves'S Muntjac,170905827,ok,3.4,Arbusti – Temperati,suitable,yes,unknown,50.0,3500.0,,
328,328,Muntiacus Reevesi,Muntjac Di Reeves,Reeves'S Muntjac,170905827,ok,1.9,Foresta – Subtropicale/tropicale umida montana,suitable,yes,unknown,50.0,3500.0,,
328,328,Muntiacus Reevesi,Muntjac Di Reeves,Reeves'S Muntjac,170905827,ok,4.7,Prateria – Alta quota subtropicale/tropicale,marginal,unknown,unknown,50.0,3500.0,,
329,329,Lophophorus Impejanus,Fagiano Monal Himalayano,Himalayan Monal,264164432,ok,3.4,Arbusti – Temperati,suitable,no,resident,390.0,5240.0,,
329,329,Lophophorus Impejanus,Fagiano Monal Himalayano,Himalayan Monal,264164432,ok,1.4,Foresta – Temperata,suitable,yes,resident,390.0,5240.0,,
329,329,Lophophorus Impejanus,Fagiano Monal Himalayano,Himalayan Monal,264164432,ok,14.2,Pascoli,suitable,no,resident,390.0,5240.0,,
330,330,Camelus Bactrianus,Cammello Della Battriana,Bactrian Camel,,assessment_not_found,,,unknown,unknown,unknown,,,,
331,331,Syrmaticus Reevesii,Fagiano Di Reeves,Reeves'S Pheasant,131873938,ok,1.4,Foresta – Temperata,suitable,yes,breeding,400.0,2600.0,,
331,331,Syrmaticus Reevesii,Fagiano Di Reeves,Reeves'S Pheasant,131873938,ok,14.1,Terreno arabile,suitable,no,breeding,400.0,2600.0,,
332,332,Gekko Chinensis,Geco Cinese,Chinese Gecko,112325553,ok,1.6,Foresta – Pianura umida subtropicale/tropicale,suitable,unknown,resident,,,,
332,332,Gekko Chinensis,Geco Cinese,Chinese Gecko,112325553,ok,14.5,Aree urbane,suitable,unknown,resident,,,,
332,332,Gekko Chinensis,Geco Cinese,Chinese Gecko,112325553,ok,14.4,Orti rurali,suitable,unknown,resident,,,,
333,333,Acrocephalus Arundinaceus,Cannareccione,Great Reed Warbler,281016358,ok,4.6,Prateria – Subtropicale/tropicale stagionalmente umida/allagata,suitable,no,breeding,0.0,2400.0,,
333,333,Acrocephalus Arundinaceus,Cannareccione,Great Reed Warbler,281016358,ok,5.5,Zone umide (interne) – Laghi permanenti di acqua dolce (oltre 8 ettari),suitable,no,breeding,0.0,2400.0,,
333,333,Acrocephalus Arundinaceus,Cannareccione,Great Reed Warbler,281016358,ok,3.6,Arbusti – Subtropicale/tropicale umido,suitable,no,breeding,0.0,2400.0,,
333,333,Acrocephalus Arundinaceus,Cannareccione,Great Reed Warbler,281016358,ok,5.16,"Zone umide (interne) – Paludi/stagni permanenti salini, salmastri o alcalini",suitable,no,breeding,0.0,2400.0,,
333,333,Acrocephalus Arundinaceus,Cannareccione,Great Reed Warbler,281016358,ok,5.1,Zone umide (interne) – Fiumi/torrenti/cascate permanenti,suitable,no,breeding,0.0,2400.0,,
333,333,Acrocephalus Arundinaceus,Cannareccione,Great Reed Warbler,281016358,ok,14.1,Terreno arabile,suitable,no,breeding,0.0,2400.0,,
333,333,Acrocephalus Arundinaceus,Cannareccione,Great Reed Warbler,281016358,ok,2.1,Savana - Secca,suitable,no,breeding,0.0,2400.0,,
333,333,Acrocephalus Arundinaceus,Cannareccione,Great Reed Warbler,281016358,ok,14.4,Orti rurali,suitable,no,breeding,0.0,2400.0,,
333,333,Acrocephalus Arundinaceus,Cannareccione,Great Reed Warbler,281016358,ok,5.4,"Zone umide (interne) – Paludi, acquitrini, torbiere",suitable,no,breeding,0.0,2400.0,,
333,333,Acrocephalus Arundinaceus,Cannareccione,Great Reed Warbler,281016358,ok,3.5,Arbusti – Zona secca subtropicale/tropicale,suitable,no,breeding,0.0,2400.0,,
334,334,Nipponia Nippon,Ibis Crestato Giapponese,Crested Ibis,132069229,ok,1.4,Foresta – Temperata,suitable,no,breeding,470.0,1300.0,,
334,334,Nipponia Nippon,Ibis Crestato Giapponese,Crested Ibis,132069229,ok,5.7,Zone umide (interne) – Paludi/stagni d'acqua dolce permanenti (inferiori a 8 ettari),suitable,yes,breeding,470.0,1300.0,,
334,334,Nipponia Nippon,Ibis Crestato Giapponese,Crested Ibis,132069229,ok,14.1,Terreno arabile,suitable,yes,breeding,470.0,1300.0,,
334,334,Nipponia Nippon,Ibis Crestato Giapponese,Crested Ibis,132069229,ok,5.5,Zone umide (interne) – Laghi permanenti di acqua dolce (oltre 8 ettari),suitable,yes,breeding,470.0,1300.0,,
334,334,Nipponia Nippon,Ibis Crestato Giapponese,Crested Ibis,132069229,ok,5.1,Zone umide (interne) – Fiumi/torrenti/cascate permanenti,suitable,no,breeding,470.0,1300.0,,
335,335,Menura Novaehollandiae,Superbo Uccello Lira Maschio,Superb Lyrebird,132071218,ok,1.4,Foresta – Temperata,suitable,yes,resident,,,,
335,335,Menura Novaehollandiae,Superbo Uccello Lira Maschio,Superb Lyrebird,132071218,ok,1.6,Foresta – Pianura umida subtropicale/tropicale,suitable,yes,resident,,,,
335,335,Menura Novaehollandiae,Superbo Uccello Lira Maschio,Superb Lyrebird,132071218,ok,1.5,Foresta – Subtropicale/tropicale secca,suitable,no,resident,,,,
336,336,Rhinopithecus Roxellana,Rinopiteco Dorato,Golden Snub-Nosed Monkey,196491153,ok,1.4,Foresta – Temperata,suitable,yes,resident,1400.0,2800.0,,
337,337,Ptilonorhynchus Violaceus,Giardiniere Raso,Satin Bowerbird,130219832,ok,1.6,Foresta – Pianura umida subtropicale/tropicale,suitable,yes,resident,,,,
337,337,Ptilonorhynchus Violaceus,Giardiniere Raso,Satin Bowerbird,130219832,ok,1.4,Foresta – Temperata,suitable,no,resident,,,,
337,337,Ptilonorhynchus Violaceus,Giardiniere Raso,Satin Bowerbird,130219832,ok,14.5,Aree urbane,suitable,no,resident,,,,
337,337,Ptilonorhynchus Violaceus,Giardiniere Raso,Satin Bowerbird,130219832,ok,14.4,Orti rurali,suitable,no,resident,,,,
338,338,Ursus Thibetanus,Orso Dell'Himalaya,Asian Black Bear,166528664,ok,1.6,Foresta – Pianura umida subtropicale/tropicale,suitable,yes,unknown,0.0,4300.0,,
338,338,Ursus Thibetanus,Orso Dell'Himalaya,Asian Black Bear,166528664,ok,1.5,Foresta – Subtropicale/tropicale secca,suitable,yes,unknown,0.0,4300.0,,
338,338,Ursus Thibetanus,Orso Dell'Himalaya,Asian Black Bear,166528664,ok,1.4,Foresta – Temperata,suitable,yes,unknown,0.0,4300.0,,
338,338,Ursus Thibetanus,Orso Dell'Himalaya,Asian Black Bear,166528664,ok,5.3,Zone umide (interne) – Zone umide dominate da arbusti,suitable,no,unknown,0.0,4300.0,,
338,338,Ursus Thibetanus,Orso Dell'Himalaya,Asian Black Bear,166528664,ok,4.7,Prateria – Alta quota subtropicale/tropicale,suitable,no,unknown,0.0,4300.0,,
338,338,Ursus Thibetanus,Orso Dell'Himalaya,Asian Black Bear,166528664,ok,1.1,Foresta boreale,suitable,no,unknown,0.0,4300.0,,
338,338,Ursus Thibetanus,Orso Dell'Himalaya,Asian Black Bear,166528664,ok,3.5,Arbusti – Zona secca subtropicale/tropicale,suitable,no,unknown,0.0,4300.0,,
338,338,Ursus Thibetanus,Orso Dell'Himalaya,Asian Black Bear,166528664,ok,14.6,Foresta subtropicale/tropicale fortemente degradata,suitable,no,unknown,0.0,4300.0,,
338,338,Ursus Thibetanus,Orso Dell'Himalaya,Asian Black Bear,166528664,ok,14.3,Piantagioni,suitable,no,unknown,0.0,4300.0,,
338,338,Ursus Thibetanus,Orso Dell'Himalaya,Asian Black Bear,166528664,ok,14.1,Terreno arabile,suitable,no,unknown,0.0,4300.0,,
338,338,Ursus Thibetanus,Orso Dell'Himalaya,Asian Black Bear,166528664,ok,1.9,Foresta – Subtropicale/tropicale umida montana,suitable,yes,unknown,0.0,4300.0,,
339,339,Steatornis Caripensis,Guácharo,Oilbird,137757943,ok,1.6,Foresta – Pianura umida subtropicale/tropicale,suitable,yes,resident,,3400.0,,
339,339,Steatornis Caripensis,Guácharo,Oilbird,137757943,ok,7.1,Grotte e habitat sotterranei (non acquatici) – Grotte,suitable,yes,breeding,,3400.0,,
339,339,Steatornis Caripensis,Guácharo,Oilbird,137757943,ok,1.9,Foresta – Subtropicale/tropicale umida montana,suitable,no,resident,,3400.0,,
340,340,Equus Hemionus,Emione,Onager,238881740,ok,2.1,Savana - Secca,suitable,yes,unknown,-170.0,3000.0,,
340,340,Equus Hemionus,Emione,Onager,238881740,ok,3.4,Arbusti – Temperati,suitable,no,unknown,-170.0,3000.0,,
340,340,Equus Hemionus,Emione,Onager,238881740,ok,4.4,Prateria – Temperata,suitable,yes,unknown,-170.0,3000.0,,
340,340,Equus Hemionus,Emione,Onager,238881740,ok,8.2,Deserto – Temperato,suitable,no,unknown,-170.0,3000.0,,
341,341,Podargus Strigoides,Podargo Fulvo,Tawny Frogmouth,253969296,ok,14.1,Terreno arabile,suitable,no,resident,0.0,1560.0,,
341,341,Podargus Strigoides,Podargo Fulvo,Tawny Frogmouth,253969296,ok,3.6,Arbusti – Subtropicale/tropicale umido,suitable,no,resident,0.0,1560.0,,
341,341,Podargus Strigoides,Podargo Fulvo,Tawny Frogmouth,253969296,ok,4.4,Prateria – Temperata,suitable,no,resident,0.0,1560.0,,
341,341,Podargus Strigoides,Podargo Fulvo,Tawny Frogmouth,253969296,ok,3.5,Arbusti – Zona secca subtropicale/tropicale,suitable,no,resident,0.0,1560.0,,
341,341,Podargus Strigoides,Podargo Fulvo,Tawny Frogmouth,253969296,ok,1.5,Foresta – Subtropicale/tropicale secca,suitable,no,resident,0.0,1560.0,,
341,341,Podargus Strigoides,Podargo Fulvo,Tawny Frogmouth,253969296,ok,3.4,Arbusti – Temperati,suitable,no,resident,0.0,1560.0,,
341,341,Podargus Strigoides,Podargo Fulvo,Tawny Frogmouth,253969296,ok,4.5,Prateria – Subtropicale/tropicale arida,suitable,no,resident,0.0,1560.0,,
341,341,Podargus Strigoides,Podargo Fulvo,Tawny Frogmouth,253969296,ok,14.5,Aree urbane,suitable,no,resident,0.0,1560.0,,
341,341,Podargus Strigoides,Podargo Fulvo,Tawny Frogmouth,253969296,ok,14.6,Foresta subtropicale/tropicale fortemente degradata,suitable,no,resident,0.0,1560.0,,
341,341,Podargus Strigoides,Podargo Fulvo,Tawny Frogmouth,253969296,ok,14.4,Orti rurali,suitable,no,resident,0.0,1560.0,,
341,341,Podargus Strigoides,Podargo Fulvo,Tawny Frogmouth,253969296,ok,14.2,Pascoli,suitable,no,resident,0.0,1560.0,,
341,341,Podargus Strigoides,Podargo Fulvo,Tawny Frogmouth,253969296,ok,1.4,Foresta – Temperata,suitable,no,resident,0.0,1560.0,,
342,342,Cervus Nippon,Cervo Sika,Sika Deer,22155877,ok,4.4,Prateria – Temperata,suitable,yes,unknown,,,,
342,342,Cervus Nippon,Cervo Sika,Sika Deer,22155877,ok,1.6,Foresta – Pianura umida subtropicale/tropicale,suitable,yes,unknown,,,,
342,342,Cervus Nippon,Cervo Sika,Sika Deer,22155877,ok,4.6,Prateria – Subtropicale/tropicale stagionalmente umida/allagata,suitable,yes,unknown,,,,
342,342,Cervus Nippon,Cervo Sika,Sika Deer,22155877,ok,3.6,Arbusti – Subtropicale/tropicale umido,suitable,yes,unknown,,,,
342,342,Cervus Nippon,Cervo Sika,Sika Deer,22155877,ok,14.2,Pascoli,suitable,yes,unknown,,,,
342,342,Cervus Nippon,Cervo Sika,Sika Deer,22155877,ok,3.4,Arbusti – Temperati,suitable,yes,unknown,,,,
342,342,Cervus Nippon,Cervo Sika,Sika Deer,22155877,ok,1.4,Foresta – Temperata,suitable,yes,unknown,,,,
343,343,Hemiprocne Coronata,Trogone Crestato,Crested Treeswift,130112154,ok,1.7,Foresta – Vegetazione di mangrovie subtropicale/tropicale al di sopra del livello dell'alta marea,suitable,no,resident,,1400.0,,
343,343,Hemiprocne Coronata,Trogone Crestato,Crested Treeswift,130112154,ok,1.6,Foresta – Pianura umida subtropicale/tropicale,suitable,no,resident,,1400.0,,
343,343,Hemiprocne Coronata,Trogone Crestato,Crested Treeswift,130112154,ok,1.9,Foresta – Subtropicale/tropicale umida montana,suitable,no,resident,,1400.0,,
344,344,Ardea Alba,Airone Bianco Maggiore,Great Egret,280949218,ok,15.4,Siti di sfruttamento del sale,suitable,no,breeding,0.0,4080.0,,
344,344,Ardea Alba,Airone Bianco Maggiore,Great Egret,280949218,ok,5.5,Zone umide (interne) – Laghi permanenti di acqua dolce (oltre 8 ettari),suitable,yes,breeding,0.0,4080.0,,
344,344,Ardea Alba,Airone Bianco Maggiore,Great Egret,280949218,ok,4.6,Prateria – Subtropicale/tropicale stagionalmente umida/allagata,suitable,yes,breeding,0.0,4080.0,,
344,344,Ardea Alba,Airone Bianco Maggiore,Great Egret,280949218,ok,12.4,Coste fangose e piane fangose intertidali,suitable,no,breeding,0.0,4080.0,,
344,344,Ardea Alba,Airone Bianco Maggiore,Great Egret,280949218,ok,5.4,"Zone umide (interne) – Paludi, acquitrini, torbiere",suitable,yes,breeding,0.0,4080.0,,
345,345,Buceros Bicornis,Grande Calao Indiano,Great Hornbill,184603863,ok,1.9,Foresta – Subtropicale/tropicale umida montana,suitable,yes,resident,0.0,2000.0,,
345,345,Buceros Bicornis,Grande Calao Indiano,Great Hornbill,184603863,ok,1.6,Foresta – Pianura umida subtropicale/tropicale,suitable,yes,resident,0.0,2000.0,,
345,345,Buceros Bicornis,Grande Calao Indiano,Great Hornbill,184603863,ok,14.3,Piantagioni,suitable,yes,resident,0.0,2000.0,,
345,345,Buceros Bicornis,Grande Calao Indiano,Great Hornbill,184603863,ok,14.4,Orti rurali,suitable,yes,resident,0.0,2000.0,,
346,346,Viverra Zibetha,Zibetto Indiano,Large Indian Civet,259358081,ok,1.6,Foresta – Pianura umida subtropicale/tropicale,suitable,yes,resident,0.0,3080.0,,
346,346,Viverra Zibetha,Zibetto Indiano,Large Indian Civet,259358081,ok,14.3,Piantagioni,marginal,unknown,unknown,0.0,3080.0,,
346,346,Viverra Zibetha,Zibetto Indiano,Large Indian Civet,259358081,ok,14.4,Orti rurali,marginal,unknown,unknown,0.0,3080.0,,
346,346,Viverra Zibetha,Zibetto Indiano,Large Indian Civet,259358081,ok,3.6,Arbusti – Subtropicale/tropicale umido,suitable,unknown,resident,0.0,3080.0,,
346,346,Viverra Zibetha,Zibetto Indiano,Large Indian Civet,259358081,ok,3.7,Arbusti – Zone subtropicali/tropicali di alta quota,marginal,unknown,unknown,0.0,3080.0,,
346,346,Viverra Zibetha,Zibetto Indiano,Large Indian Civet,259358081,ok,1.9,Foresta – Subtropicale/tropicale umida montana,suitable,yes,resident,0.0,3080.0,,
346,346,Viverra Zibetha,Zibetto Indiano,Large Indian Civet,259358081,ok,14.6,Foresta subtropicale/tropicale fortemente degradata,suitable,no,resident,0.0,3080.0,,
346,346,Viverra Zibetha,Zibetto Indiano,Large Indian Civet,259358081,ok,3.5,Arbusti – Zona secca subtropicale/tropicale,suitable,no,unknown,0.0,3080.0,,
346,346,Viverra Zibetha,Zibetto Indiano,Large Indian Civet,259358081,ok,1.5,Foresta – Subtropicale/tropicale secca,suitable,no,resident,0.0,3080.0,,
346,346,Viverra Zibetha,Zibetto Indiano,Large Indian Civet,259358081,ok,1.7,Foresta – Vegetazione di mangrovie subtropicale/tropicale al di sopra del livello dell'alta marea,suitable,no,resident,0.0,3080.0,,
346,346,Viverra Zibetha,Zibetto Indiano,Large Indian Civet,259358081,ok,1.8,Foresta – Palude subtropicale/tropicale,suitable,no,resident,0.0,3080.0,,
347,347,Momotus Momota,Motmot Amazzonico,Amazonian Motmot,281038220,ok,1.5,Foresta – Subtropicale/tropicale secca,suitable,no,resident,0.0,2400.0,,
347,347,Momotus Momota,Motmot Amazzonico,Amazonian Motmot,281038220,ok,1.6,Foresta – Pianura umida subtropicale/tropicale,suitable,yes,resident,0.0,2400.0,,
347,347,Momotus Momota,Motmot Amazzonico,Amazonian Motmot,281038220,ok,14.6,Foresta subtropicale/tropicale fortemente degradata,suitable,no,resident,0.0,2400.0,,
347,347,Momotus Momota,Motmot Amazzonico,Amazonian Motmot,281038220,ok,1.9,Foresta – Subtropicale/tropicale umida montana,suitable,no,resident,0.0,2400.0,,
347,347,Momotus Momota,Motmot Amazzonico,Amazonian Motmot,281038220,ok,14.3,Piantagioni,suitable,no,resident,0.0,2400.0,,
347,347,Momotus Momota,Motmot Amazzonico,Amazonian Motmot,281038220,ok,14.4,Orti rurali,suitable,no,resident,0.0,2400.0,,
347,347,Momotus Momota,Motmot Amazzonico,Amazonian Motmot,281038220,ok,14.2,Pascoli,suitable,no,resident,0.0,2400.0,,
348,348,Macaca Fuscata,Macaco Giapponese,Japanese Macaque,195347803,ok,1.6,Foresta – Pianura umida subtropicale/tropicale,suitable,yes,resident,0.0,1500.0,,
349,349,Todus Todus,Tody Giamaicano,Jamaican Tody,281010227,ok,14.6,Foresta subtropicale/tropicale fortemente degradata,suitable,no,resident,0.0,1980.0,,
349,349,Todus Todus,Tody Giamaicano,Jamaican Tody,281010227,ok,1.7,Foresta – Vegetazione di mangrovie subtropicale/tropicale al di sopra del livello dell'alta marea,suitable,no,resident,0.0,1980.0,,
349,349,Todus Todus,Tody Giamaicano,Jamaican Tody,281010227,ok,1.6,Foresta – Pianura umida subtropicale/tropicale,suitable,yes,resident,0.0,1980.0,,
349,349,Todus Todus,Tody Giamaicano,Jamaican Tody,281010227,ok,1.5,Foresta – Subtropicale/tropicale secca,suitable,no,resident,0.0,1980.0,,
349,349,Todus Todus,Tody Giamaicano,Jamaican Tody,281010227,ok,1.9,Foresta – Subtropicale/tropicale umida montana,suitable,yes,resident,0.0,1980.0,,
350,350,Corvus Macrorhynchos,Corvo Beccogrosso,Large-Billed Crow,264280673,ok,12.6,Pozze di marea,suitable,no,breeding,0.0,4500.0,,
350,350,Corvus Macrorhynchos,Corvo Beccogrosso,Large-Billed Crow,264280673,ok,12.2,"Coste sabbiose e/o spiagge, banchi di sabbia, lingue di sabbia",suitable,no,breeding,0.0,4500.0,,
350,350,Corvus Macrorhynchos,Corvo Beccogrosso,Large-Billed Crow,264280673,ok,14.5,Aree urbane,suitable,no,resident,0.0,4500.0,,
350,350,Corvus Macrorhynchos,Corvo Beccogrosso,Large-Billed Crow,264280673,ok,14.4,Orti rurali,suitable,no,resident,0.0,4500.0,,
350,350,Corvus Macrorhynchos,Corvo Beccogrosso,Large-Billed Crow,264280673,ok,1.9,Foresta – Subtropicale/tropicale umida montana,suitable,yes,resident,0.0,4500.0,,
350,350,Corvus Macrorhynchos,Corvo Beccogrosso,Large-Billed Crow,264280673,ok,2.1,Savana - Secca,suitable,no,resident,0.0,4500.0,,
350,350,Corvus Macrorhynchos,Corvo Beccogrosso,Large-Billed Crow,264280673,ok,1.7,Foresta – Vegetazione di mangrovie subtropicale/tropicale al di sopra del livello dell'alta marea,suitable,no,resident,0.0,4500.0,,
350,350,Corvus Macrorhynchos,Corvo Beccogrosso,Large-Billed Crow,264280673,ok,12.3,Coste e/o spiagge di ciottoli e/o ghiaia,suitable,no,breeding,0.0,4500.0,,
350,350,Corvus Macrorhynchos,Corvo Beccogrosso,Large-Billed Crow,264280673,ok,1.5,Foresta – Subtropicale/tropicale secca,suitable,no,resident,0.0,4500.0,,
350,350,Corvus Macrorhynchos,Corvo Beccogrosso,Large-Billed Crow,264280673,ok,1.6,Foresta – Pianura umida subtropicale/tropicale,suitable,yes,resident,0.0,4500.0,,
350,350,Corvus Macrorhynchos,Corvo Beccogrosso,Large-Billed Crow,264280673,ok,12.1,Costa rocciosa,suitable,no,breeding,0.0,4500.0,,
350,350,Corvus Macrorhynchos,Corvo Beccogrosso,Large-Billed Crow,264280673,ok,5.1,Zone umide (interne) – Fiumi/torrenti/cascate permanenti,suitable,no,resident,0.0,4500.0,,
351,351,Galbula Dea,Jacamar Del Paradiso,Paradise Jacamar,264155301,ok,2.1,Savana - Secca,suitable,yes,resident,,1100.0,,
351,351,Galbula Dea,Jacamar Del Paradiso,Paradise Jacamar,264155301,ok,1.6,Foresta – Pianura umida subtropicale/tropicale,suitable,yes,resident,,1100.0,,
351,351,Galbula Dea,Jacamar Del Paradiso,Paradise Jacamar,264155301,ok,1.5,Foresta – Subtropicale/tropicale secca,suitable,no,resident,,1100.0,,
351,351,Galbula Dea,Jacamar Del Paradiso,Paradise Jacamar,264155301,ok,1.8,Foresta – Palude subtropicale/tropicale,suitable,yes,resident,,1100.0,,
351,351,Galbula Dea,Jacamar Del Paradiso,Paradise Jacamar,264155301,ok,5.1,Zone umide (interne) – Fiumi/torrenti/cascate permanenti,suitable,no,resident,,1100.0,,
352,352,Nyctereutes Procyonoides,Tanuki Giapponese,Raccoon Dog,85658776,ok,1.4,Foresta – Temperata,suitable,no,unknown,,,,
352,352,Nyctereutes Procyonoides,Tanuki Giapponese,Raccoon Dog,85658776,ok,4.4,Prateria – Temperata,suitable,yes,unknown,,,,
352,352,Nyctereutes Procyonoides,Tanuki Giapponese,Raccoon Dog,85658776,ok,3.4,Arbusti – Temperati,suitable,yes,unknown,,,,
352,352,Nyctereutes Procyonoides,Tanuki Giapponese,Raccoon Dog,85658776,ok,14.2,Pascoli,suitable,no,unknown,,,,
352,352,Nyctereutes Procyonoides,Tanuki Giapponese,Raccoon Dog,85658776,ok,14.1,Terreno arabile,suitable,yes,unknown,,,,
353,353,Eretmochelys Imbricata,Tartaruga Embricata,Hawksbill Sea Turtle,12881238,ok,12.4,Coste fangose e piane fangose intertidali,suitable,unknown,unknown,,,,
353,353,Eretmochelys Imbricata,Tartaruga Embricata,Hawksbill Sea Turtle,12881238,ok,12.2,"Coste sabbiose e/o spiagge, banchi di sabbia, lingue di sabbia",suitable,unknown,unknown,,,,
353,353,Eretmochelys Imbricata,Tartaruga Embricata,Hawksbill Sea Turtle,12881238,ok,9.6,Neritico marino – Subtidale fangoso,suitable,unknown,unknown,,,,
353,353,Eretmochelys Imbricata,Tartaruga Embricata,Hawksbill Sea Turtle,12881238,ok,9.7,Neritico marino – Macroalghe/alghe,suitable,unknown,unknown,,,,
353,353,Eretmochelys Imbricata,Tartaruga Embricata,Hawksbill Sea Turtle,12881238,ok,9.8.1,Canale esterno della barriera corallina,suitable,unknown,unknown,,,,
353,353,Eretmochelys Imbricata,Tartaruga Embricata,Hawksbill Sea Turtle,12881238,ok,10.1,Epipelagico (0–200 m),suitable,unknown,unknown,,,,
353,353,Eretmochelys Imbricata,Tartaruga Embricata,Hawksbill Sea Turtle,12881238,ok,9.8.3,Pendio esterno,suitable,unknown,unknown,,,,
353,353,Eretmochelys Imbricata,Tartaruga Embricata,Hawksbill Sea Turtle,12881238,ok,9.2,Neritica marina – Rocce e scogliere rocciose subtidali,suitable,unknown,unknown,,,,
353,353,Eretmochelys Imbricata,Tartaruga Embricata,Hawksbill Sea Turtle,12881238,ok,9.9,Erba marina sommersa,suitable,unknown,unknown,,,,
353,353,Eretmochelys Imbricata,Tartaruga Embricata,Hawksbill Sea Turtle,12881238,ok,12.7,Radici sommerse delle mangrovie,suitable,unknown,unknown,,,,
353,353,Eretmochelys Imbricata,Tartaruga Embricata,Hawksbill Sea Turtle,12881238,ok,9.1,Neritico marino – Pelagico,suitable,unknown,unknown,,,,
354,354,Caretta Caretta,Tartaruga Caretta,Loggerhead Sea Turtle,119333622,ok,12.2,"Coste sabbiose e/o spiagge, banchi di sabbia, lingue di sabbia",suitable,yes,breeding,,,,
354,354,Caretta Caretta,Tartaruga Caretta,Loggerhead Sea Turtle,119333622,ok,10.1,Epipelagico (0–200 m),suitable,yes,resident,,,,
354,354,Caretta Caretta,Tartaruga Caretta,Loggerhead Sea Turtle,119333622,ok,9.10,Estuari,suitable,yes,resident,,,,
354,354,Caretta Caretta,Tartaruga Caretta,Loggerhead Sea Turtle,119333622,ok,9.9,Erba marina sommersa,suitable,yes,resident,,,,
354,354,Caretta Caretta,Tartaruga Caretta,Loggerhead Sea Turtle,119333622,ok,9.8,Neritica marina – Barriera corallina,suitable,yes,resident,,,,
354,354,Caretta Caretta,Tartaruga Caretta,Loggerhead Sea Turtle,119333622,ok,9.6,Neritico marino – Subtidale fangoso,suitable,yes,resident,,,,
354,354,Caretta Caretta,Tartaruga Caretta,Loggerhead Sea Turtle,119333622,ok,9.5,Neritico marino – Fango sabbioso subtidale,suitable,yes,resident,,,,
354,354,Caretta Caretta,Tartaruga Caretta,Loggerhead Sea Turtle,119333622,ok,9.4,Neritico marino – Sabbioso subtidale,suitable,yes,resident,,,,
354,354,Caretta Caretta,Tartaruga Caretta,Loggerhead Sea Turtle,119333622,ok,9.3,Neritico marino – Roccia/ciottoli/ghiaia sciolti subtidali,suitable,yes,resident,,,,
354,354,Caretta Caretta,Tartaruga Caretta,Loggerhead Sea Turtle,119333622,ok,9.2,Neritica marina – Rocce e scogliere rocciose subtidali,suitable,yes,resident,,,,
354,354,Caretta Caretta,Tartaruga Caretta,Loggerhead Sea Turtle,119333622,ok,9.1,Neritico marino – Pelagico,suitable,yes,resident,,,,
355,355,Emberiza Cioides,Migliaio Di Cioides,Meadow Bunting,263309780,ok,4.4,Prateria – Temperata,suitable,yes,resident,0.0,3100.0,,
355,355,Emberiza Cioides,Migliaio Di Cioides,Meadow Bunting,263309780,ok,3.4,Arbusti – Temperati,suitable,no,resident,0.0,3100.0,,
355,355,Emberiza Cioides,Migliaio Di Cioides,Meadow Bunting,263309780,ok,1.4,Foresta – Temperata,suitable,no,resident,0.0,3100.0,,
356,356,Lepidochelys Olivacea,Tartaruga Olivacea,Olive Ridley Sea Turtle,3292503,ok,12.2,"Coste sabbiose e/o spiagge, banchi di sabbia, lingue di sabbia",suitable,yes,unknown,,,,
356,356,Lepidochelys Olivacea,Tartaruga Olivacea,Olive Ridley Sea Turtle,3292503,ok,10.1,Epipelagico (0–200 m),suitable,unknown,unknown,,,,
356,356,Lepidochelys Olivacea,Tartaruga Olivacea,Olive Ridley Sea Turtle,3292503,ok,9.1,Neritico marino – Pelagico,suitable,unknown,unknown,,,,
357,357,Garrulus Lidthi,Ghiandaia Di Lidth,Lidth'S Jay,265869468,ok,1.6,Foresta – Pianura umida subtropicale/tropicale,suitable,yes,resident,0.0,,,
357,357,Garrulus Lidthi,Ghiandaia Di Lidth,Lidth'S Jay,265869468,ok,1.9,Foresta – Subtropicale/tropicale umida montana,suitable,yes,resident,0.0,,,
357,357,Garrulus Lidthi,Ghiandaia Di Lidth,Lidth'S Jay,265869468,ok,14.6,Foresta subtropicale/tropicale fortemente degradata,suitable,no,resident,0.0,,,
357,357,Garrulus Lidthi,Ghiandaia Di Lidth,Lidth'S Jay,265869468,ok,14.5,Aree urbane,marginal,unknown,resident,0.0,,,
357,357,Garrulus Lidthi,Ghiandaia Di Lidth,Lidth'S Jay,265869468,ok,14.3,Piantagioni,suitable,no,resident,0.0,,,
358,358,Natator Depressus,Tartaruga Piatta Australiana,Flatback Sea Turtle,210612474,ok,,,unknown,unknown,unknown,,,,
359,359,Niviventer Coninga,Ratto Di Coxing,Coxing'S White-Bellied Rat,280138902,ok,3.4,Arbusti – Temperati,suitable,yes,unknown,0.0,2000.0,,
359,359,Niviventer Coninga,Ratto Di Coxing,Coxing'S White-Bellied Rat,280138902,ok,1.4,Foresta – Temperata,suitable,yes,unknown,0.0,2000.0,,
360,360,Clemmys Guttata,Tartaruga Maculata,Spotted Turtle,97411228,ok,5.8,Zone umide (interne) – Paludi/stagni d'acqua dolce stagionali/intermittenti (inferiori a 8 ettari),suitable,yes,unknown,,,,
360,360,Clemmys Guttata,Tartaruga Maculata,Spotted Turtle,97411228,ok,5.7,Zone umide (interne) – Paludi/stagni d'acqua dolce permanenti (inferiori a 8 ettari),suitable,yes,unknown,,,,
360,360,Clemmys Guttata,Tartaruga Maculata,Spotted Turtle,97411228,ok,1.4,Foresta – Temperata,suitable,unknown,unknown,,,,
360,360,Clemmys Guttata,Tartaruga Maculata,Spotted Turtle,97411228,ok,5.4,"Zone umide (interne) – Paludi, acquitrini, torbiere",suitable,unknown,unknown,,,,
360,360,Clemmys Guttata,Tartaruga Maculata,Spotted Turtle,97411228,ok,5.3,Zone umide (interne) – Zone umide dominate da arbusti,suitable,unknown,unknown,,,,
360,360,Clemmys Guttata,Tartaruga Maculata,Spotted Turtle,97411228,ok,5.2,Zone umide (interne) – Fiumi/torrenti/canali stagionali/intermittenti/irregolari,marginal,unknown,unknown,,,,
360,360,Clemmys Guttata,Tartaruga Maculata,Spotted Turtle,97411228,ok,5.1,Zone umide (interne) – Fiumi/torrenti/cascate permanenti,marginal,unknown,unknown,,,,
361,361,Palea Steindachneri,Tartaruga Dal Guscio Molle Di Steindachner,Wattle-Necked Softshell Turtle,794203,ok,5.1,Zone umide (interne) – Fiumi/torrenti/cascate permanenti,suitable,yes,resident,0.0,436.0,,
361,361,Palea Steindachneri,Tartaruga Dal Guscio Molle Di Steindachner,Wattle-Necked Softshell Turtle,794203,ok,5.5,Zone umide (interne) – Laghi permanenti di acqua dolce (oltre 8 ettari),suitable,yes,resident,0.0,436.0,,
361,361,Palea Steindachneri,Tartaruga Dal Guscio Molle Di Steindachner,Wattle-Necked Softshell Turtle,794203,ok,1.6,Foresta – Pianura umida subtropicale/tropicale,suitable,yes,resident,0.0,436.0,,
362,362,Ursus Arctos,Orso Bruno Di Yezo,Brown Bear,121229971,ok,8.2,Deserto – Temperato,suitable,no,unknown,0.0,5000.0,,
362,362,Ursus Arctos,Orso Bruno Di Yezo,Brown Bear,121229971,ok,1.4,Foresta – Temperata,suitable,yes,unknown,0.0,5000.0,,
362,362,Ursus Arctos,Orso Bruno Di Yezo,Brown Bear,121229971,ok,5.4,"Zone umide (interne) – Paludi, acquitrini, torbiere",suitable,no,unknown,0.0,5000.0,,
362,362,Ursus Arctos,Orso Bruno Di Yezo,Brown Bear,121229971,ok,5.3,Zone umide (interne) – Zone umide dominate da arbusti,suitable,yes,unknown,0.0,5000.0,,
362,362,Ursus Arctos,Orso Bruno Di Yezo,Brown Bear,121229971,ok,1.2,Foresta - Subartico,suitable,yes,unknown,0.0,5000.0,,
362,362,Ursus Arctos,Orso Bruno Di Yezo,Brown Bear,121229971,ok,4.5,Prateria – Subtropicale/tropicale arida,suitable,no,unknown,0.0,5000.0,,
362,362,Ursus Arctos,Orso Bruno Di Yezo,Brown Bear,121229971,ok,14.1,Terreno arabile,marginal,unknown,unknown,0.0,5000.0,,
362,362,Ursus Arctos,Orso Bruno Di Yezo,Brown Bear,121229971,ok,14.2,Pascoli,marginal,unknown,unknown,0.0,5000.0,,
362,362,Ursus Arctos,Orso Bruno Di Yezo,Brown Bear,121229971,ok,14.3,Piantagioni,marginal,unknown,unknown,0.0,5000.0,,
362,362,Ursus Arctos,Orso Bruno Di Yezo,Brown Bear,121229971,ok,3.1,Arbusti – Subartico,suitable,yes,unknown,0.0,5000.0,,
362,362,Ursus Arctos,Orso Bruno Di Yezo,Brown Bear,121229971,ok,3.3,Arbusti – Boreale,suitable,yes,unknown,0.0,5000.0,,
362,362,Ursus Arctos,Orso Bruno Di Yezo,Brown Bear,121229971,ok,3.4,Arbusti – Temperati,suitable,yes,unknown,0.0,5000.0,,
362,362,Ursus Arctos,Orso Bruno Di Yezo,Brown Bear,121229971,ok,3.5,Arbusti – Zona secca subtropicale/tropicale,suitable,yes,unknown,0.0,5000.0,,
362,362,Ursus Arctos,Orso Bruno Di Yezo,Brown Bear,121229971,ok,1.1,Foresta boreale,suitable,yes,unknown,0.0,5000.0,,
362,362,Ursus Arctos,Orso Bruno Di Yezo,Brown Bear,121229971,ok,3.6,Arbusti – Subtropicale/tropicale umido,suitable,no,unknown,0.0,5000.0,,
362,362,Ursus Arctos,Orso Bruno Di Yezo,Brown Bear,121229971,ok,4.1,Prateria – Tundra,suitable,yes,unknown,0.0,5000.0,,
362,362,Ursus Arctos,Orso Bruno Di Yezo,Brown Bear,121229971,ok,4.2,Prateria – Subartico,suitable,yes,unknown,0.0,5000.0,,
362,362,Ursus Arctos,Orso Bruno Di Yezo,Brown Bear,121229971,ok,4.4,Prateria – Temperata,suitable,no,unknown,0.0,5000.0,,
363,363,Hydromedusa Tectifera,Tartaruga Collo-Serpente Sudamericana,South American Snake-Necked Turtle,,assessment_not_found,,,unknown,unknown,unknown,,,,
364,364,Capricornis Crispus,Serow Giapponese,Japanese Serow,22151909,ok,14.1,Terreno arabile,marginal,unknown,unknown,0.0,3000.0,,
364,364,Capricornis Crispus,Serow Giapponese,Japanese Serow,22151909,ok,14.2,Pascoli,marginal,unknown,unknown,0.0,3000.0,,
364,364,Capricornis Crispus,Serow Giapponese,Japanese Serow,22151909,ok,14.3,Piantagioni,suitable,yes,unknown,0.0,3000.0,,
364,364,Capricornis Crispus,Serow Giapponese,Japanese Serow,22151909,ok,3.4,Arbusti – Temperati,marginal,unknown,unknown,0.0,3000.0,,
364,364,Capricornis Crispus,Serow Giapponese,Japanese Serow,22151909,ok,4.4,Prateria – Temperata,marginal,unknown,unknown,0.0,3000.0,,
364,364,Capricornis Crispus,Serow Giapponese,Japanese Serow,22151909,ok,1.4,Foresta – Temperata,suitable,yes,unknown,0.0,3000.0,,
365,365,Ambystoma Maculatum,Salamandra Maculata,Spotted Salamander,193224401,ok,15.2,Stagni sotto gli 8 ettari,suitable,no,resident,,,,
365,365,Ambystoma Maculatum,Salamandra Maculata,Spotted Salamander,193224401,ok,5.7,Zone umide (interne) – Paludi/stagni d'acqua dolce permanenti (inferiori a 8 ettari),suitable,yes,resident,,,,
365,365,Ambystoma Maculatum,Salamandra Maculata,Spotted Salamander,193224401,ok,5.8,Zone umide (interne) – Paludi/stagni d'acqua dolce stagionali/intermittenti (inferiori a 8 ettari),suitable,yes,resident,,,,
365,365,Ambystoma Maculatum,Salamandra Maculata,Spotted Salamander,193224401,ok,1.4,Foresta – Temperata,suitable,yes,resident,,,,
366,366,Martes Melampus,Martora Giapponese,Japanese Marten,45213228,ok,14.5,Aree urbane,marginal,unknown,unknown,0.0,2000.0,,
366,366,Martes Melampus,Martora Giapponese,Japanese Marten,45213228,ok,1.4,Foresta – Temperata,suitable,yes,unknown,0.0,2000.0,,
366,366,Martes Melampus,Martora Giapponese,Japanese Marten,45213228,ok,3.4,Arbusti – Temperati,marginal,unknown,unknown,0.0,2000.0,,
367,367,Notophthalmus Viridescens,Tritone Orientale,Eastern Newt,193389835,ok,5.1,Zone umide (interne) – Fiumi/torrenti/cascate permanenti,marginal,unknown,resident,,,,
367,367,Notophthalmus Viridescens,Tritone Orientale,Eastern Newt,193389835,ok,5.2,Zone umide (interne) – Fiumi/torrenti/canali stagionali/intermittenti/irregolari,marginal,unknown,resident,,,,
367,367,Notophthalmus Viridescens,Tritone Orientale,Eastern Newt,193389835,ok,5.4,"Zone umide (interne) – Paludi, acquitrini, torbiere",suitable,yes,resident,,,,
367,367,Notophthalmus Viridescens,Tritone Orientale,Eastern Newt,193389835,ok,5.7,Zone umide (interne) – Paludi/stagni d'acqua dolce permanenti (inferiori a 8 ettari),suitable,yes,resident,,,,
367,367,Notophthalmus Viridescens,Tritone Orientale,Eastern Newt,193389835,ok,5.8,Zone umide (interne) – Paludi/stagni d'acqua dolce stagionali/intermittenti (inferiori a 8 ettari),suitable,yes,resident,,,,
367,367,Notophthalmus Viridescens,Tritone Orientale,Eastern Newt,193389835,ok,1.4,Foresta – Temperata,suitable,yes,resident,,,,
368,368,Phasianus Versicolor,Fagiano Verde Giapponese,Green Pheasant,280936637,ok,3.4,Arbusti – Temperati,suitable,no,resident,0.0,1000.0,,
368,368,Phasianus Versicolor,Fagiano Verde Giapponese,Green Pheasant,280936637,ok,14.1,Terreno arabile,suitable,no,resident,0.0,1000.0,,
368,368,Phasianus Versicolor,Fagiano Verde Giapponese,Green Pheasant,280936637,ok,1.4,Foresta – Temperata,suitable,no,resident,0.0,1000.0,,
369,369,Siren Lacertina,Sirena Gigante,Greater Siren,53988286,ok,15.9,Canali e fossi di drenaggio,suitable,no,resident,,,,
369,369,Siren Lacertina,Sirena Gigante,Greater Siren,53988286,ok,5.7,Zone umide (interne) – Paludi/stagni d'acqua dolce permanenti (inferiori a 8 ettari),suitable,yes,resident,,,,
369,369,Siren Lacertina,Sirena Gigante,Greater Siren,53988286,ok,5.1,Zone umide (interne) – Fiumi/torrenti/cascate permanenti,suitable,yes,resident,,,,
369,369,Siren Lacertina,Sirena Gigante,Greater Siren,53988286,ok,5.2,Zone umide (interne) – Fiumi/torrenti/canali stagionali/intermittenti/irregolari,marginal,unknown,resident,,,,
369,369,Siren Lacertina,Sirena Gigante,Greater Siren,53988286,ok,5.8,Zone umide (interne) – Paludi/stagni d'acqua dolce stagionali/intermittenti (inferiori a 8 ettari),marginal,unknown,resident,,,,
369,369,Siren Lacertina,Sirena Gigante,Greater Siren,53988286,ok,5.4,"Zone umide (interne) – Paludi, acquitrini, torbiere",suitable,yes,resident,,,,
369,369,Siren Lacertina,Sirena Gigante,Greater Siren,53988286,ok,5.6,Zone umide (interne) – Laghi d'acqua dolce stagionali/intermittenti (oltre 8 ha),marginal,unknown,resident,,,,
369,369,Siren Lacertina,Sirena Gigante,Greater Siren,53988286,ok,5.5,Zone umide (interne) – Laghi permanenti di acqua dolce (oltre 8 ettari),suitable,yes,resident,,,,
369,369,Siren Lacertina,Sirena Gigante,Greater Siren,53988286,ok,5.3,Zone umide (interne) – Zone umide dominate da arbusti,suitable,yes,resident,,,,
370,370,Mamestra Brassicae,Nottua Del Cavolo,Cabbage Moth,,assessment_not_found,,,unknown,unknown,unknown,,,,
371,371,Amphiuma Means,Anfiuma A Due Dita,Two-Toed Amphiuma,56562304,ok,5.8,Zone umide (interne) – Paludi/stagni d'acqua dolce stagionali/intermittenti (inferiori a 8 ettari),suitable,yes,resident,,,,
371,371,Amphiuma Means,Anfiuma A Due Dita,Two-Toed Amphiuma,56562304,ok,5.7,Zone umide (interne) – Paludi/stagni d'acqua dolce permanenti (inferiori a 8 ettari),suitable,yes,resident,,,,
371,371,Amphiuma Means,Anfiuma A Due Dita,Two-Toed Amphiuma,56562304,ok,5.4,"Zone umide (interne) – Paludi, acquitrini, torbiere",suitable,yes,resident,,,,
371,371,Amphiuma Means,Anfiuma A Due Dita,Two-Toed Amphiuma,56562304,ok,5.1,Zone umide (interne) – Fiumi/torrenti/cascate permanenti,suitable,yes,resident,,,,
371,371,Amphiuma Means,Anfiuma A Due Dita,Two-Toed Amphiuma,56562304,ok,15.9,Canali e fossi di drenaggio,suitable,no,resident,,,,
371,371,Amphiuma Means,Anfiuma A Due Dita,Two-Toed Amphiuma,56562304,ok,5.5,Zone umide (interne) – Laghi permanenti di acqua dolce (oltre 8 ettari),suitable,yes,resident,,,,
372,372,Aix Galericulata,Mandarino,Mandarin Duck,131911544,ok,5.4,"Zone umide (interne) – Paludi, acquitrini, torbiere",suitable,no,breeding,,,,
372,372,Aix Galericulata,Mandarino,Mandarin Duck,131911544,ok,5.5,Zone umide (interne) – Laghi permanenti di acqua dolce (oltre 8 ettari),suitable,yes,breeding,,,,
372,372,Aix Galericulata,Mandarino,Mandarin Duck,131911544,ok,5.1,Zone umide (interne) – Fiumi/torrenti/cascate permanenti,suitable,no,breeding,,,,
372,372,Aix Galericulata,Mandarino,Mandarin Duck,131911544,ok,1.4,Foresta – Temperata,suitable,yes,breeding,,,,
373,373,Dendrobates Auratus,Rana Freccia Verde E Nera,Green-And-Black Poison Dart Frog,3024941,ok,5.8,Zone umide (interne) – Paludi/stagni d'acqua dolce stagionali/intermittenti (inferiori a 8 ettari),marginal,unknown,resident,0.0,1000.0,,
373,373,Dendrobates Auratus,Rana Freccia Verde E Nera,Green-And-Black Poison Dart Frog,3024941,ok,5.7,Zone umide (interne) – Paludi/stagni d'acqua dolce permanenti (inferiori a 8 ettari),marginal,unknown,resident,0.0,1000.0,,
373,373,Dendrobates Auratus,Rana Freccia Verde E Nera,Green-And-Black Poison Dart Frog,3024941,ok,14.3,Piantagioni,marginal,unknown,resident,0.0,1000.0,,
373,373,Dendrobates Auratus,Rana Freccia Verde E Nera,Green-And-Black Poison Dart Frog,3024941,ok,14.6,Foresta subtropicale/tropicale fortemente degradata,marginal,unknown,resident,0.0,1000.0,,
373,373,Dendrobates Auratus,Rana Freccia Verde E Nera,Green-And-Black Poison Dart Frog,3024941,ok,1.6,Foresta – Pianura umida subtropicale/tropicale,suitable,yes,resident,0.0,1000.0,,
373,373,Dendrobates Auratus,Rana Freccia Verde E Nera,Green-And-Black Poison Dart Frog,3024941,ok,1.9,Foresta – Subtropicale/tropicale umida montana,marginal,unknown,resident,0.0,1000.0,,
374,374,Bufo Japonicus,Rospo Giapponese,Japanese Common Toad,177177294,ok,14.5,Aree urbane,suitable,unknown,resident,0.0,2500.0,,
374,374,Bufo Japonicus,Rospo Giapponese,Japanese Common Toad,177177294,ok,14.1,Terreno arabile,suitable,unknown,resident,0.0,2500.0,,
374,374,Bufo Japonicus,Rospo Giapponese,Japanese Common Toad,177177294,ok,14.4,Orti rurali,suitable,unknown,resident,0.0,2500.0,,
374,374,Bufo Japonicus,Rospo Giapponese,Japanese Common Toad,177177294,ok,15.2,Stagni sotto gli 8 ettari,suitable,unknown,resident,0.0,2500.0,,
374,374,Bufo Japonicus,Rospo Giapponese,Japanese Common Toad,177177294,ok,15.7,"Terreni irrigati, compresi i canali di irrigazione",suitable,unknown,resident,0.0,2500.0,,
374,374,Bufo Japonicus,Rospo Giapponese,Japanese Common Toad,177177294,ok,3.4,Arbusti – Temperati,suitable,yes,resident,0.0,2500.0,,
374,374,Bufo Japonicus,Rospo Giapponese,Japanese Common Toad,177177294,ok,1.2,Foresta - Subartico,suitable,yes,resident,0.0,2500.0,,
374,374,Bufo Japonicus,Rospo Giapponese,Japanese Common Toad,177177294,ok,5.4,"Zone umide (interne) – Paludi, acquitrini, torbiere",suitable,yes,resident,0.0,2500.0,,
374,374,Bufo Japonicus,Rospo Giapponese,Japanese Common Toad,177177294,ok,5.7,Zone umide (interne) – Paludi/stagni d'acqua dolce permanenti (inferiori a 8 ettari),suitable,yes,resident,0.0,2500.0,,
374,374,Bufo Japonicus,Rospo Giapponese,Japanese Common Toad,177177294,ok,5.8,Zone umide (interne) – Paludi/stagni d'acqua dolce stagionali/intermittenti (inferiori a 8 ettari),suitable,yes,resident,0.0,2500.0,,
374,374,Bufo Japonicus,Rospo Giapponese,Japanese Common Toad,177177294,ok,1.4,Foresta – Temperata,suitable,yes,resident,0.0,2500.0,,
374,374,Bufo Japonicus,Rospo Giapponese,Japanese Common Toad,177177294,ok,5.9,Zone umide (interne) – Sorgenti di acqua dolce e oasi,suitable,yes,resident,0.0,2500.0,,
375,375,Hyla Arborea,Raganella Europea,European Tree Frog,228182338,ok,14.4,Orti rurali,marginal,unknown,unknown,0.0,2300.0,,
375,375,Hyla Arborea,Raganella Europea,European Tree Frog,228182338,ok,14.1,Terreno arabile,marginal,unknown,unknown,0.0,2300.0,,
375,375,Hyla Arborea,Raganella Europea,European Tree Frog,228182338,ok,5.6,Zone umide (interne) – Laghi d'acqua dolce stagionali/intermittenti (oltre 8 ha),suitable,unknown,resident,0.0,2300.0,,
375,375,Hyla Arborea,Raganella Europea,European Tree Frog,228182338,ok,5.7,Zone umide (interne) – Paludi/stagni d'acqua dolce permanenti (inferiori a 8 ettari),suitable,unknown,resident,0.0,2300.0,,
375,375,Hyla Arborea,Raganella Europea,European Tree Frog,228182338,ok,5.1,Zone umide (interne) – Fiumi/torrenti/cascate permanenti,suitable,unknown,resident,0.0,2300.0,,
375,375,Hyla Arborea,Raganella Europea,European Tree Frog,228182338,ok,14.2,Pascoli,suitable,unknown,unknown,0.0,2300.0,,
375,375,Hyla Arborea,Raganella Europea,European Tree Frog,228182338,ok,5.4,"Zone umide (interne) – Paludi, acquitrini, torbiere",suitable,unknown,resident,0.0,2300.0,,
375,375,Hyla Arborea,Raganella Europea,European Tree Frog,228182338,ok,14.5,Aree urbane,marginal,unknown,unknown,0.0,2300.0,,
375,375,Hyla Arborea,Raganella Europea,European Tree Frog,228182338,ok,15.2,Stagni sotto gli 8 ettari,suitable,unknown,unknown,0.0,2300.0,,
375,375,Hyla Arborea,Raganella Europea,European Tree Frog,228182338,ok,15.3,Stagni per l'acquacoltura,marginal,unknown,unknown,0.0,2300.0,,
375,375,Hyla Arborea,Raganella Europea,European Tree Frog,228182338,ok,15.7,"Terreni irrigati, compresi i canali di irrigazione",suitable,unknown,unknown,0.0,2300.0,,
375,375,Hyla Arborea,Raganella Europea,European Tree Frog,228182338,ok,1.4,Foresta – Temperata,suitable,unknown,resident,0.0,2300.0,,
375,375,Hyla Arborea,Raganella Europea,European Tree Frog,228182338,ok,15.9,Canali e fossi di drenaggio,suitable,unknown,unknown,0.0,2300.0,,
375,375,Hyla Arborea,Raganella Europea,European Tree Frog,228182338,ok,16,Vegetazione introdotta,marginal,unknown,unknown,0.0,2300.0,,
375,375,Hyla Arborea,Raganella Europea,European Tree Frog,228182338,ok,5.3,Zone umide (interne) – Zone umide dominate da arbusti,suitable,unknown,resident,0.0,2300.0,,
375,375,Hyla Arborea,Raganella Europea,European Tree Frog,228182338,ok,4.4,Prateria – Temperata,suitable,unknown,resident,0.0,2300.0,,
375,375,Hyla Arborea,Raganella Europea,European Tree Frog,228182338,ok,3.4,Arbusti – Temperati,suitable,unknown,resident,0.0,2300.0,,
375,375,Hyla Arborea,Raganella Europea,European Tree Frog,228182338,ok,3.8,Arbusti – Vegetazione arbustiva di tipo mediterraneo,suitable,unknown,resident,0.0,2300.0,,
375,375,Hyla Arborea,Raganella Europea,European Tree Frog,228182338,ok,5.13,Zone umide (interne) – Delta interni permanenti,suitable,unknown,resident,0.0,2300.0,,
376,376,Takydromus Tachydromoides,Lucertola Delle Erbe Giapponese,Japanese Grass Lizard,96266321,ok,1.4,Foresta – Temperata,suitable,yes,resident,,,,
376,376,Takydromus Tachydromoides,Lucertola Delle Erbe Giapponese,Japanese Grass Lizard,96266321,ok,14.4,Orti rurali,suitable,unknown,resident,,,,
376,376,Takydromus Tachydromoides,Lucertola Delle Erbe Giapponese,Japanese Grass Lizard,96266321,ok,3.4,Arbusti – Temperati,suitable,unknown,resident,,,,
376,376,Takydromus Tachydromoides,Lucertola Delle Erbe Giapponese,Japanese Grass Lizard,96266321,ok,4.4,Prateria – Temperata,suitable,unknown,resident,,,,
376,376,Takydromus Tachydromoides,Lucertola Delle Erbe Giapponese,Japanese Grass Lizard,96266321,ok,14.3,Piantagioni,suitable,unknown,resident,,,,
377,377,Xenopus Laevis,Rana Artigliata Africana,African Clawed Frog,248905894,ok,3.5,Arbusti – Zona secca subtropicale/tropicale,suitable,yes,resident,0.0,3300.0,,
377,377,Xenopus Laevis,Rana Artigliata Africana,African Clawed Frog,248905894,ok,5.5,Zone umide (interne) – Laghi permanenti di acqua dolce (oltre 8 ettari),suitable,yes,resident,0.0,3300.0,,
377,377,Xenopus Laevis,Rana Artigliata Africana,African Clawed Frog,248905894,ok,5.4,"Zone umide (interne) – Paludi, acquitrini, torbiere",suitable,yes,resident,0.0,3300.0,,
377,377,Xenopus Laevis,Rana Artigliata Africana,African Clawed Frog,248905894,ok,3.7,Arbusti – Zone subtropicali/tropicali di alta quota,suitable,yes,resident,0.0,3300.0,,
377,377,Xenopus Laevis,Rana Artigliata Africana,African Clawed Frog,248905894,ok,15.5,Scavi a cielo aperto,suitable,unknown,resident,0.0,3300.0,,
377,377,Xenopus Laevis,Rana Artigliata Africana,African Clawed Frog,248905894,ok,2.1,Savana - Secca,suitable,yes,resident,0.0,3300.0,,
377,377,Xenopus Laevis,Rana Artigliata Africana,African Clawed Frog,248905894,ok,4.6,Prateria – Subtropicale/tropicale stagionalmente umida/allagata,suitable,yes,resident,0.0,3300.0,,
377,377,Xenopus Laevis,Rana Artigliata Africana,African Clawed Frog,248905894,ok,1.6,Foresta – Pianura umida subtropicale/tropicale,suitable,yes,resident,0.0,3300.0,,
377,377,Xenopus Laevis,Rana Artigliata Africana,African Clawed Frog,248905894,ok,5.6,Zone umide (interne) – Laghi d'acqua dolce stagionali/intermittenti (oltre 8 ha),suitable,yes,resident,0.0,3300.0,,
377,377,Xenopus Laevis,Rana Artigliata Africana,African Clawed Frog,248905894,ok,15.1,Aree di stoccaggio dell'acqua oltre 8 ettari,suitable,unknown,resident,0.0,3300.0,,
377,377,Xenopus Laevis,Rana Artigliata Africana,African Clawed Frog,248905894,ok,5.2,Zone umide (interne) – Fiumi/torrenti/canali stagionali/intermittenti/irregolari,suitable,yes,resident,0.0,3300.0,,
377,377,Xenopus Laevis,Rana Artigliata Africana,African Clawed Frog,248905894,ok,4.5,Prateria – Subtropicale/tropicale arida,suitable,yes,resident,0.0,3300.0,,
377,377,Xenopus Laevis,Rana Artigliata Africana,African Clawed Frog,248905894,ok,15.2,Stagni sotto gli 8 ettari,suitable,unknown,resident,0.0,3300.0,,
377,377,Xenopus Laevis,Rana Artigliata Africana,African Clawed Frog,248905894,ok,15.8,Terreni agricoli soggetti a inondazioni stagionali,suitable,unknown,resident,0.0,3300.0,,
377,377,Xenopus Laevis,Rana Artigliata Africana,African Clawed Frog,248905894,ok,5.1,Zone umide (interne) – Fiumi/torrenti/cascate permanenti,marginal,unknown,resident,0.0,3300.0,,
377,377,Xenopus Laevis,Rana Artigliata Africana,African Clawed Frog,248905894,ok,15.9,Canali e fossi di drenaggio,suitable,unknown,resident,0.0,3300.0,,
377,377,Xenopus Laevis,Rana Artigliata Africana,African Clawed Frog,248905894,ok,5.9,Zone umide (interne) – Sorgenti di acqua dolce e oasi,suitable,yes,resident,0.0,3300.0,,
377,377,Xenopus Laevis,Rana Artigliata Africana,African Clawed Frog,248905894,ok,14.1,Terreno arabile,suitable,unknown,resident,0.0,3300.0,,
377,377,Xenopus Laevis,Rana Artigliata Africana,African Clawed Frog,248905894,ok,14.6,Foresta subtropicale/tropicale fortemente degradata,suitable,unknown,resident,0.0,3300.0,,
377,377,Xenopus Laevis,Rana Artigliata Africana,African Clawed Frog,248905894,ok,1.9,Foresta – Subtropicale/tropicale umida montana,suitable,yes,resident,0.0,3300.0,,
377,377,Xenopus Laevis,Rana Artigliata Africana,African Clawed Frog,248905894,ok,14.3,Piantagioni,suitable,unknown,resident,0.0,3300.0,,
377,377,Xenopus Laevis,Rana Artigliata Africana,African Clawed Frog,248905894,ok,4.7,Prateria – Alta quota subtropicale/tropicale,suitable,yes,resident,0.0,3300.0,,
377,377,Xenopus Laevis,Rana Artigliata Africana,African Clawed Frog,248905894,ok,4.4,Prateria – Temperata,suitable,yes,resident,0.0,3300.0,,
377,377,Xenopus Laevis,Rana Artigliata Africana,African Clawed Frog,248905894,ok,3.4,Arbusti – Temperati,suitable,yes,resident,0.0,3300.0,,
377,377,Xenopus Laevis,Rana Artigliata Africana,African Clawed Frog,248905894,ok,3.8,Arbusti – Vegetazione arbustiva di tipo mediterraneo,suitable,yes,resident,0.0,3300.0,,
377,377,Xenopus Laevis,Rana Artigliata Africana,African Clawed Frog,248905894,ok,5.7,Zone umide (interne) – Paludi/stagni d'acqua dolce permanenti (inferiori a 8 ettari),suitable,yes,resident,0.0,3300.0,,
377,377,Xenopus Laevis,Rana Artigliata Africana,African Clawed Frog,248905894,ok,3.6,Arbusti – Subtropicale/tropicale umido,suitable,yes,resident,0.0,3300.0,,
377,377,Xenopus Laevis,Rana Artigliata Africana,African Clawed Frog,248905894,ok,15.7,"Terreni irrigati, compresi i canali di irrigazione",suitable,unknown,resident,0.0,3300.0,,
377,377,Xenopus Laevis,Rana Artigliata Africana,African Clawed Frog,248905894,ok,14.5,Aree urbane,suitable,unknown,resident,0.0,3300.0,,
377,377,Xenopus Laevis,Rana Artigliata Africana,African Clawed Frog,248905894,ok,2.2,Savana - Umida,suitable,yes,resident,0.0,3300.0,,
377,377,Xenopus Laevis,Rana Artigliata Africana,African Clawed Frog,248905894,ok,15.3,Stagni per l'acquacoltura,suitable,unknown,resident,0.0,3300.0,,
377,377,Xenopus Laevis,Rana Artigliata Africana,African Clawed Frog,248905894,ok,14.4,Orti rurali,suitable,unknown,resident,0.0,3300.0,,
377,377,Xenopus Laevis,Rana Artigliata Africana,African Clawed Frog,248905894,ok,14.2,Pascoli,suitable,unknown,resident,0.0,3300.0,,
377,377,Xenopus Laevis,Rana Artigliata Africana,African Clawed Frog,248905894,ok,5.8,Zone umide (interne) – Paludi/stagni d'acqua dolce stagionali/intermittenti (inferiori a 8 ettari),suitable,yes,resident,0.0,3300.0,,
378,378,Gekko Japonicus,Geco Giapponese,Japanese Gecko,96251724,ok,13.1,Scogliere marine e isole rocciose al largo della costa,suitable,unknown,resident,850.0,2030.0,,
378,378,Gekko Japonicus,Geco Giapponese,Japanese Gecko,96251724,ok,14.5,Aree urbane,suitable,unknown,resident,850.0,2030.0,,
378,378,Gekko Japonicus,Geco Giapponese,Japanese Gecko,96251724,ok,1.4,Foresta – Temperata,suitable,unknown,unknown,850.0,2030.0,,
378,378,Gekko Japonicus,Geco Giapponese,Japanese Gecko,96251724,ok,1.5,Foresta – Subtropicale/tropicale secca,suitable,unknown,unknown,850.0,2030.0,,
379,379,Pipa Pipa,Rospo Di Suriname,Surinam Toad,85900348,ok,5.8,Zone umide (interne) – Paludi/stagni d'acqua dolce stagionali/intermittenti (inferiori a 8 ettari),suitable,yes,resident,0.0,400.0,,
379,379,Pipa Pipa,Rospo Di Suriname,Surinam Toad,85900348,ok,1.8,Foresta – Palude subtropicale/tropicale,suitable,yes,resident,0.0,400.0,,
379,379,Pipa Pipa,Rospo Di Suriname,Surinam Toad,85900348,ok,5.7,Zone umide (interne) – Paludi/stagni d'acqua dolce permanenti (inferiori a 8 ettari),suitable,yes,resident,0.0,400.0,,
379,379,Pipa Pipa,Rospo Di Suriname,Surinam Toad,85900348,ok,1.6,Foresta – Pianura umida subtropicale/tropicale,suitable,yes,resident,0.0,400.0,,
379,379,Pipa Pipa,Rospo Di Suriname,Surinam Toad,85900348,ok,5.4,"Zone umide (interne) – Paludi, acquitrini, torbiere",suitable,yes,resident,0.0,400.0,,
380,380,Parus Minor,Cinciallegra Orientale,Japanese Tit,,assessment_not_found,,,unknown,unknown,unknown,,,,
381,381,Nasikabatrachus Sahyadrensis,Rana Viola Indiana,Purple Frog,166098621,ok,1.6,Foresta – Pianura umida subtropicale/tropicale,suitable,no,resident,30.0,1400.0,,
381,381,Nasikabatrachus Sahyadrensis,Rana Viola Indiana,Purple Frog,166098621,ok,1.9,Foresta – Subtropicale/tropicale umida montana,unknown,unknown,resident,30.0,1400.0,,
381,381,Nasikabatrachus Sahyadrensis,Rana Viola Indiana,Purple Frog,166098621,ok,5.8,Zone umide (interne) – Paludi/stagni d'acqua dolce stagionali/intermittenti (inferiori a 8 ettari),suitable,yes,resident,30.0,1400.0,,
381,381,Nasikabatrachus Sahyadrensis,Rana Viola Indiana,Purple Frog,166098621,ok,5.7,Zone umide (interne) – Paludi/stagni d'acqua dolce permanenti (inferiori a 8 ettari),suitable,yes,resident,30.0,1400.0,,
381,381,Nasikabatrachus Sahyadrensis,Rana Viola Indiana,Purple Frog,166098621,ok,15.9,Canali e fossi di drenaggio,suitable,unknown,resident,30.0,1400.0,,
381,381,Nasikabatrachus Sahyadrensis,Rana Viola Indiana,Purple Frog,166098621,ok,14.6,Foresta subtropicale/tropicale fortemente degradata,marginal,unknown,resident,30.0,1400.0,,
382,382,Haliaeetus Pelagicus,Aquila Di Mare Di Steller,Steller'S Sea Eagle,204871862,ok,5.7,Zone umide (interne) – Paludi/stagni d'acqua dolce permanenti (inferiori a 8 ettari),suitable,no,resident,0.0,100.0,,
382,382,Haliaeetus Pelagicus,Aquila Di Mare Di Steller,Steller'S Sea Eagle,204871862,ok,13.4,Lagune costiere salmastre/saline/laghi marini,suitable,no,resident,0.0,100.0,,
382,382,Haliaeetus Pelagicus,Aquila Di Mare Di Steller,Steller'S Sea Eagle,204871862,ok,5.1,Zone umide (interne) – Fiumi/torrenti/cascate permanenti,suitable,no,resident,0.0,100.0,,
382,382,Haliaeetus Pelagicus,Aquila Di Mare Di Steller,Steller'S Sea Eagle,204871862,ok,13.1,Scogliere marine e isole rocciose al largo della costa,suitable,no,resident,0.0,100.0,,
382,382,Haliaeetus Pelagicus,Aquila Di Mare Di Steller,Steller'S Sea Eagle,204871862,ok,5.5,Zone umide (interne) – Laghi permanenti di acqua dolce (oltre 8 ettari),suitable,no,resident,0.0,100.0,,
382,382,Haliaeetus Pelagicus,Aquila Di Mare Di Steller,Steller'S Sea Eagle,204871862,ok,12.1,Costa rocciosa,suitable,no,resident,0.0,100.0,,
382,382,Haliaeetus Pelagicus,Aquila Di Mare Di Steller,Steller'S Sea Eagle,204871862,ok,12.3,Coste e/o spiagge di ciottoli e/o ghiaia,suitable,no,resident,0.0,100.0,,
382,382,Haliaeetus Pelagicus,Aquila Di Mare Di Steller,Steller'S Sea Eagle,204871862,ok,12.2,"Coste sabbiose e/o spiagge, banchi di sabbia, lingue di sabbia",suitable,no,resident,0.0,100.0,,
382,382,Haliaeetus Pelagicus,Aquila Di Mare Di Steller,Steller'S Sea Eagle,204871862,ok,6,Zone rocciose,suitable,no,resident,0.0,100.0,,
382,382,Haliaeetus Pelagicus,Aquila Di Mare Di Steller,Steller'S Sea Eagle,204871862,ok,9.10,Estuari,suitable,yes,resident,0.0,100.0,,
382,382,Haliaeetus Pelagicus,Aquila Di Mare Di Steller,Steller'S Sea Eagle,204871862,ok,1.4,Foresta – Temperata,suitable,no,resident,0.0,100.0,,
383,383,Macaca Fascicularis,Macaco Dalla Coda Lunga,Long-Tailed Macaque,273015436,ok,4.6,Prateria – Subtropicale/tropicale stagionalmente umida/allagata,marginal,unknown,unknown,0.0,2250.0,,
383,383,Macaca Fascicularis,Macaco Dalla Coda Lunga,Long-Tailed Macaque,273015436,ok,14.3,Piantagioni,marginal,unknown,unknown,0.0,2250.0,,
383,383,Macaca Fascicularis,Macaco Dalla Coda Lunga,Long-Tailed Macaque,273015436,ok,4.5,Prateria – Subtropicale/tropicale arida,marginal,unknown,unknown,0.0,2250.0,,
383,383,Macaca Fascicularis,Macaco Dalla Coda Lunga,Long-Tailed Macaque,273015436,ok,14.1,Terreno arabile,marginal,unknown,unknown,0.0,2250.0,,
383,383,Macaca Fascicularis,Macaco Dalla Coda Lunga,Long-Tailed Macaque,273015436,ok,1.6,Foresta – Pianura umida subtropicale/tropicale,suitable,yes,unknown,0.0,2250.0,,
383,383,Macaca Fascicularis,Macaco Dalla Coda Lunga,Long-Tailed Macaque,273015436,ok,14.6,Foresta subtropicale/tropicale fortemente degradata,marginal,unknown,unknown,0.0,2250.0,,
383,383,Macaca Fascicularis,Macaco Dalla Coda Lunga,Long-Tailed Macaque,273015436,ok,3.5,Arbusti – Zona secca subtropicale/tropicale,marginal,unknown,unknown,0.0,2250.0,,
383,383,Macaca Fascicularis,Macaco Dalla Coda Lunga,Long-Tailed Macaque,273015436,ok,2.1,Savana - Secca,marginal,unknown,unknown,0.0,2250.0,,
383,383,Macaca Fascicularis,Macaco Dalla Coda Lunga,Long-Tailed Macaque,273015436,ok,12.7,Radici sommerse delle mangrovie,suitable,yes,unknown,0.0,2250.0,,
383,383,Macaca Fascicularis,Macaco Dalla Coda Lunga,Long-Tailed Macaque,273015436,ok,3.7,Arbusti – Zone subtropicali/tropicali di alta quota,marginal,unknown,unknown,0.0,2250.0,,
383,383,Macaca Fascicularis,Macaco Dalla Coda Lunga,Long-Tailed Macaque,273015436,ok,1.8,Foresta – Palude subtropicale/tropicale,suitable,yes,unknown,0.0,2250.0,,
383,383,Macaca Fascicularis,Macaco Dalla Coda Lunga,Long-Tailed Macaque,273015436,ok,12.2,"Coste sabbiose e/o spiagge, banchi di sabbia, lingue di sabbia",marginal,unknown,unknown,0.0,2250.0,,
383,383,Macaca Fascicularis,Macaco Dalla Coda Lunga,Long-Tailed Macaque,273015436,ok,5.1,Zone umide (interne) – Fiumi/torrenti/cascate permanenti,suitable,yes,unknown,0.0,2250.0,,
383,383,Macaca Fascicularis,Macaco Dalla Coda Lunga,Long-Tailed Macaque,273015436,ok,5.4,"Zone umide (interne) – Paludi, acquitrini, torbiere",suitable,yes,unknown,0.0,2250.0,,
383,383,Macaca Fascicularis,Macaco Dalla Coda Lunga,Long-Tailed Macaque,273015436,ok,12.4,Coste fangose e piane fangose intertidali,marginal,unknown,unknown,0.0,2250.0,,
383,383,Macaca Fascicularis,Macaco Dalla Coda Lunga,Long-Tailed Macaque,273015436,ok,14.4,Orti rurali,marginal,unknown,unknown,0.0,2250.0,,
383,383,Macaca Fascicularis,Macaco Dalla Coda Lunga,Long-Tailed Macaque,273015436,ok,14.2,Pascoli,marginal,unknown,unknown,0.0,2250.0,,
383,383,Macaca Fascicularis,Macaco Dalla Coda Lunga,Long-Tailed Macaque,273015436,ok,14.5,Aree urbane,marginal,unknown,unknown,0.0,2250.0,,
383,383,Macaca Fascicularis,Macaco Dalla Coda Lunga,Long-Tailed Macaque,273015436,ok,5.3,Zone umide (interne) – Zone umide dominate da arbusti,marginal,unknown,unknown,0.0,2250.0,,
383,383,Macaca Fascicularis,Macaco Dalla Coda Lunga,Long-Tailed Macaque,273015436,ok,5.2,Zone umide (interne) – Fiumi/torrenti/canali stagionali/intermittenti/irregolari,marginal,unknown,unknown,0.0,2250.0,,
383,383,Macaca Fascicularis,Macaco Dalla Coda Lunga,Long-Tailed Macaque,273015436,ok,12.3,Coste e/o spiagge di ciottoli e/o ghiaia,marginal,unknown,unknown,0.0,2250.0,,
383,383,Macaca Fascicularis,Macaco Dalla Coda Lunga,Long-Tailed Macaque,273015436,ok,1.7,Foresta – Vegetazione di mangrovie subtropicale/tropicale al di sopra del livello dell'alta marea,suitable,yes,unknown,0.0,2250.0,,
383,383,Macaca Fascicularis,Macaco Dalla Coda Lunga,Long-Tailed Macaque,273015436,ok,2.2,Savana - Umida,marginal,unknown,unknown,0.0,2250.0,,
383,383,Macaca Fascicularis,Macaco Dalla Coda Lunga,Long-Tailed Macaque,273015436,ok,3.6,Arbusti – Subtropicale/tropicale umido,marginal,unknown,unknown,0.0,2250.0,,
383,383,Macaca Fascicularis,Macaco Dalla Coda Lunga,Long-Tailed Macaque,273015436,ok,7.1,Grotte e habitat sotterranei (non acquatici) – Grotte,marginal,unknown,unknown,0.0,2250.0,,
383,383,Macaca Fascicularis,Macaco Dalla Coda Lunga,Long-Tailed Macaque,273015436,ok,16,Vegetazione introdotta,marginal,unknown,unknown,0.0,2250.0,,
383,383,Macaca Fascicularis,Macaco Dalla Coda Lunga,Long-Tailed Macaque,273015436,ok,5.9,Zone umide (interne) – Sorgenti di acqua dolce e oasi,marginal,unknown,unknown,0.0,2250.0,,
383,383,Macaca Fascicularis,Macaco Dalla Coda Lunga,Long-Tailed Macaque,273015436,ok,12.1,Costa rocciosa,marginal,unknown,unknown,0.0,2250.0,,
383,383,Macaca Fascicularis,Macaco Dalla Coda Lunga,Long-Tailed Macaque,273015436,ok,1.5,Foresta – Subtropicale/tropicale secca,suitable,yes,unknown,0.0,2250.0,,
383,383,Macaca Fascicularis,Macaco Dalla Coda Lunga,Long-Tailed Macaque,273015436,ok,4.7,Prateria – Alta quota subtropicale/tropicale,marginal,unknown,unknown,0.0,2250.0,,
383,383,Macaca Fascicularis,Macaco Dalla Coda Lunga,Long-Tailed Macaque,273015436,ok,1.9,Foresta – Subtropicale/tropicale umida montana,suitable,yes,unknown,0.0,2250.0,,
384,384,Varanus Salvator,Varano Acquatico,Asian Water Monitor,113138439,ok,1.8,Foresta – Palude subtropicale/tropicale,suitable,yes,unknown,,1800.0,,
384,384,Varanus Salvator,Varano Acquatico,Asian Water Monitor,113138439,ok,1.7,Foresta – Vegetazione di mangrovie subtropicale/tropicale al di sopra del livello dell'alta marea,suitable,yes,unknown,,1800.0,,
384,384,Varanus Salvator,Varano Acquatico,Asian Water Monitor,113138439,ok,1.6,Foresta – Pianura umida subtropicale/tropicale,suitable,no,unknown,,1800.0,,
384,384,Varanus Salvator,Varano Acquatico,Asian Water Monitor,113138439,ok,5.4,"Zone umide (interne) – Paludi, acquitrini, torbiere",suitable,yes,unknown,,1800.0,,
384,384,Varanus Salvator,Varano Acquatico,Asian Water Monitor,113138439,ok,5.3,Zone umide (interne) – Zone umide dominate da arbusti,suitable,yes,unknown,,1800.0,,
384,384,Varanus Salvator,Varano Acquatico,Asian Water Monitor,113138439,ok,3.6,Arbusti – Subtropicale/tropicale umido,suitable,no,unknown,,1800.0,,
384,384,Varanus Salvator,Varano Acquatico,Asian Water Monitor,113138439,ok,14.6,Foresta subtropicale/tropicale fortemente degradata,suitable,no,unknown,,1800.0,,
384,384,Varanus Salvator,Varano Acquatico,Asian Water Monitor,113138439,ok,14.5,Aree urbane,suitable,no,unknown,,1800.0,,
384,384,Varanus Salvator,Varano Acquatico,Asian Water Monitor,113138439,ok,14.3,Piantagioni,suitable,no,unknown,,1800.0,,
384,384,Varanus Salvator,Varano Acquatico,Asian Water Monitor,113138439,ok,14.1,Terreno arabile,suitable,no,unknown,,1800.0,,
384,384,Varanus Salvator,Varano Acquatico,Asian Water Monitor,113138439,ok,1.9,Foresta – Subtropicale/tropicale umida montana,suitable,no,unknown,,1800.0,,
384,384,Varanus Salvator,Varano Acquatico,Asian Water Monitor,113138439,ok,12.7,Radici sommerse delle mangrovie,suitable,unknown,unknown,,1800.0,,
385,385,Hippocampus Abdominalis,Cavalluccio Marino Panciuto,Big-Belly Seahorse,54903879,ok,9.10,Estuari,unknown,unknown,unknown,,,0.0,104.0
385,385,Hippocampus Abdominalis,Cavalluccio Marino Panciuto,Big-Belly Seahorse,54903879,ok,12.5,Paludi salmastre,unknown,unknown,unknown,,,0.0,104.0
385,385,Hippocampus Abdominalis,Cavalluccio Marino Panciuto,Big-Belly Seahorse,54903879,ok,10.1,Epipelagico (0–200 m),suitable,unknown,unknown,,,0.0,104.0
385,385,Hippocampus Abdominalis,Cavalluccio Marino Panciuto,Big-Belly Seahorse,54903879,ok,15.11,Strutture antropiche marine,suitable,unknown,unknown,,,0.0,104.0
385,385,Hippocampus Abdominalis,Cavalluccio Marino Panciuto,Big-Belly Seahorse,54903879,ok,9.1,Neritico marino – Pelagico,suitable,unknown,unknown,,,0.0,104.0
385,385,Hippocampus Abdominalis,Cavalluccio Marino Panciuto,Big-Belly Seahorse,54903879,ok,15.12,Gabbie per la maricoltura,suitable,unknown,unknown,,,0.0,104.0
385,385,Hippocampus Abdominalis,Cavalluccio Marino Panciuto,Big-Belly Seahorse,54903879,ok,9.7,Neritico marino – Macroalghe/alghe,suitable,unknown,unknown,,,0.0,104.0
385,385,Hippocampus Abdominalis,Cavalluccio Marino Panciuto,Big-Belly Seahorse,54903879,ok,9.2,Neritica marina – Rocce e scogliere rocciose subtidali,suitable,unknown,unknown,,,0.0,104.0
385,385,Hippocampus Abdominalis,Cavalluccio Marino Panciuto,Big-Belly Seahorse,54903879,ok,9.6,Neritico marino – Subtidale fangoso,suitable,unknown,unknown,,,0.0,104.0
385,385,Hippocampus Abdominalis,Cavalluccio Marino Panciuto,Big-Belly Seahorse,54903879,ok,9.9,Erba marina sommersa,suitable,unknown,unknown,,,0.0,104.0
385,385,Hippocampus Abdominalis,Cavalluccio Marino Panciuto,Big-Belly Seahorse,54903879,ok,12.6,Pozze di marea,suitable,unknown,unknown,,,0.0,104.0
386,386,Cynopterus Brachyotis,Pipistrello Della Frutta Dalle Orecchie Corte,Lesser Short-Nosed Fruit Bat,22113381,ok,1.5,Foresta – Subtropicale/tropicale secca,marginal,unknown,unknown,0.0,1600.0,,
386,386,Cynopterus Brachyotis,Pipistrello Della Frutta Dalle Orecchie Corte,Lesser Short-Nosed Fruit Bat,22113381,ok,14.5,Aree urbane,marginal,unknown,unknown,0.0,1600.0,,
386,386,Cynopterus Brachyotis,Pipistrello Della Frutta Dalle Orecchie Corte,Lesser Short-Nosed Fruit Bat,22113381,ok,14.3,Piantagioni,suitable,unknown,unknown,0.0,1600.0,,
386,386,Cynopterus Brachyotis,Pipistrello Della Frutta Dalle Orecchie Corte,Lesser Short-Nosed Fruit Bat,22113381,ok,14.4,Orti rurali,suitable,unknown,unknown,0.0,1600.0,,
386,386,Cynopterus Brachyotis,Pipistrello Della Frutta Dalle Orecchie Corte,Lesser Short-Nosed Fruit Bat,22113381,ok,1.6,Foresta – Pianura umida subtropicale/tropicale,suitable,unknown,unknown,0.0,1600.0,,
386,386,Cynopterus Brachyotis,Pipistrello Della Frutta Dalle Orecchie Corte,Lesser Short-Nosed Fruit Bat,22113381,ok,1.9,Foresta – Subtropicale/tropicale umida montana,suitable,yes,unknown,0.0,1600.0,,
387,387,Phyllopteryx Taeniolatus,Drago Marino Comune,Common Seadragon,263199517,ok,9.1,Neritico marino – Pelagico,marginal,unknown,unknown,,,0.0,50.0
387,387,Phyllopteryx Taeniolatus,Drago Marino Comune,Common Seadragon,263199517,ok,9.7,Neritico marino – Macroalghe/alghe,suitable,yes,unknown,,,0.0,50.0
387,387,Phyllopteryx Taeniolatus,Drago Marino Comune,Common Seadragon,263199517,ok,9.9,Erba marina sommersa,suitable,unknown,unknown,,,0.0,50.0
387,387,Phyllopteryx Taeniolatus,Drago Marino Comune,Common Seadragon,263199517,ok,9.2,Neritica marina – Rocce e scogliere rocciose subtidali,suitable,unknown,unknown,,,0.0,50.0
387,387,Phyllopteryx Taeniolatus,Drago Marino Comune,Common Seadragon,263199517,ok,9.4,Neritico marino – Sabbioso subtidale,suitable,unknown,unknown,,,0.0,50.0
388,388,Pycnonotus Aurigaster,Bulbul Codarossa,Sooty-Headed Bulbul,263801596,ok,14.4,Orti rurali,suitable,no,resident,0.0,2550.0,,
388,388,Pycnonotus Aurigaster,Bulbul Codarossa,Sooty-Headed Bulbul,263801596,ok,1.6,Foresta – Pianura umida subtropicale/tropicale,suitable,no,resident,0.0,2550.0,,
388,388,Pycnonotus Aurigaster,Bulbul Codarossa,Sooty-Headed Bulbul,263801596,ok,14.1,Terreno arabile,suitable,no,resident,0.0,2550.0,,
388,388,Pycnonotus Aurigaster,Bulbul Codarossa,Sooty-Headed Bulbul,263801596,ok,1.9,Foresta – Subtropicale/tropicale umida montana,suitable,no,resident,0.0,2550.0,,
388,388,Pycnonotus Aurigaster,Bulbul Codarossa,Sooty-Headed Bulbul,263801596,ok,14.5,Aree urbane,suitable,no,resident,0.0,2550.0,,
388,388,Pycnonotus Aurigaster,Bulbul Codarossa,Sooty-Headed Bulbul,263801596,ok,3.6,Arbusti – Subtropicale/tropicale umido,suitable,no,resident,0.0,2550.0,,
388,388,Pycnonotus Aurigaster,Bulbul Codarossa,Sooty-Headed Bulbul,263801596,ok,14.6,Foresta subtropicale/tropicale fortemente degradata,suitable,no,resident,0.0,2550.0,,
389,389,Aulostomus Maculatus,Pesce Tromba Atlantico,Western Atlantic Trumpetfish,16509812,ok,9.9,Erba marina sommersa,suitable,yes,unknown,,,2.0,50.0
389,389,Aulostomus Maculatus,Pesce Tromba Atlantico,Western Atlantic Trumpetfish,16509812,ok,9.8,Neritica marina – Barriera corallina,suitable,yes,unknown,,,2.0,50.0
389,389,Aulostomus Maculatus,Pesce Tromba Atlantico,Western Atlantic Trumpetfish,16509812,ok,9.8.6,Substrato di detriti inter-barriera corallina,suitable,unknown,unknown,,,2.0,50.0
389,389,Aulostomus Maculatus,Pesce Tromba Atlantico,Western Atlantic Trumpetfish,16509812,ok,9.8.5,Substrato soffice inter-barriera corallina,suitable,unknown,unknown,,,2.0,50.0
389,389,Aulostomus Maculatus,Pesce Tromba Atlantico,Western Atlantic Trumpetfish,16509812,ok,9.8.4,Laguna,suitable,unknown,unknown,,,2.0,50.0
389,389,Aulostomus Maculatus,Pesce Tromba Atlantico,Western Atlantic Trumpetfish,16509812,ok,9.8.3,Pendio esterno,suitable,unknown,unknown,,,2.0,50.0
389,389,Aulostomus Maculatus,Pesce Tromba Atlantico,Western Atlantic Trumpetfish,16509812,ok,9.8.2,Pendio posteriore,suitable,unknown,unknown,,,2.0,50.0
389,389,Aulostomus Maculatus,Pesce Tromba Atlantico,Western Atlantic Trumpetfish,16509812,ok,9.8.1,Canale esterno della barriera corallina,suitable,unknown,unknown,,,2.0,50.0
390,390,Hemidactylus Frenatus,Geco Comune Delle Case,Common House Gecko,1434103,ok,3.5,Arbusti – Zona secca subtropicale/tropicale,suitable,unknown,resident,0.0,1600.0,,
390,390,Hemidactylus Frenatus,Geco Comune Delle Case,Common House Gecko,1434103,ok,14.3,Piantagioni,suitable,unknown,resident,0.0,1600.0,,
390,390,Hemidactylus Frenatus,Geco Comune Delle Case,Common House Gecko,1434103,ok,6,Zone rocciose,suitable,unknown,resident,0.0,1600.0,,
390,390,Hemidactylus Frenatus,Geco Comune Delle Case,Common House Gecko,1434103,ok,1.5,Foresta – Subtropicale/tropicale secca,suitable,unknown,resident,0.0,1600.0,,
390,390,Hemidactylus Frenatus,Geco Comune Delle Case,Common House Gecko,1434103,ok,14.5,Aree urbane,suitable,yes,resident,0.0,1600.0,,
390,390,Hemidactylus Frenatus,Geco Comune Delle Case,Common House Gecko,1434103,ok,1.6,Foresta – Pianura umida subtropicale/tropicale,suitable,unknown,resident,0.0,1600.0,,
390,390,Hemidactylus Frenatus,Geco Comune Delle Case,Common House Gecko,1434103,ok,2.1,Savana - Secca,suitable,unknown,resident,0.0,1600.0,,
390,390,Hemidactylus Frenatus,Geco Comune Delle Case,Common House Gecko,1434103,ok,2.2,Savana - Umida,suitable,unknown,resident,0.0,1600.0,,
390,390,Hemidactylus Frenatus,Geco Comune Delle Case,Common House Gecko,1434103,ok,14.4,Orti rurali,suitable,unknown,resident,0.0,1600.0,,
391,391,Trimeresurus Albolabris,Vipera Verde Dalle Labbra Bianche,White-Lipped Pit Viper,1534017,ok,14.3,Piantagioni,suitable,unknown,unknown,0.0,1200.0,,
391,391,Trimeresurus Albolabris,Vipera Verde Dalle Labbra Bianche,White-Lipped Pit Viper,1534017,ok,3.6,Arbusti – Subtropicale/tropicale umido,suitable,unknown,unknown,0.0,1200.0,,
391,391,Trimeresurus Albolabris,Vipera Verde Dalle Labbra Bianche,White-Lipped Pit Viper,1534017,ok,14.1,Terreno arabile,suitable,unknown,unknown,0.0,1200.0,,
391,391,Trimeresurus Albolabris,Vipera Verde Dalle Labbra Bianche,White-Lipped Pit Viper,1534017,ok,14.6,Foresta subtropicale/tropicale fortemente degradata,suitable,unknown,unknown,0.0,1200.0,,
391,391,Trimeresurus Albolabris,Vipera Verde Dalle Labbra Bianche,White-Lipped Pit Viper,1534017,ok,14.4,Orti rurali,suitable,unknown,unknown,0.0,1200.0,,
391,391,Trimeresurus Albolabris,Vipera Verde Dalle Labbra Bianche,White-Lipped Pit Viper,1534017,ok,1.6,Foresta – Pianura umida subtropicale/tropicale,suitable,unknown,unknown,0.0,1200.0,,
391,391,Trimeresurus Albolabris,Vipera Verde Dalle Labbra Bianche,White-Lipped Pit Viper,1534017,ok,1.9,Foresta – Subtropicale/tropicale umida montana,suitable,unknown,unknown,0.0,1200.0,,
392,392,Hylobates Lar,Gibbone Lar,Lar Gibbon,17967253,ok,1.9,Foresta – Subtropicale/tropicale umida montana,suitable,yes,resident,0.0,1500.0,,
392,392,Hylobates Lar,Gibbone Lar,Lar Gibbon,17967253,ok,1.6,Foresta – Pianura umida subtropicale/tropicale,suitable,yes,resident,0.0,1500.0,,
392,392,Hylobates Lar,Gibbone Lar,Lar Gibbon,17967253,ok,1.5,Foresta – Subtropicale/tropicale secca,suitable,yes,resident,0.0,1500.0,,
393,393,Presbytis Femoralis,Presbite Fasciato,Banded Surili,215090780,ok,1.8,Foresta – Palude subtropicale/tropicale,suitable,yes,resident,0.0,200.0,,
393,393,Presbytis Femoralis,Presbite Fasciato,Banded Surili,215090780,ok,1.7,Foresta – Vegetazione di mangrovie subtropicale/tropicale al di sopra del livello dell'alta marea,suitable,yes,resident,0.0,200.0,,
393,393,Presbytis Femoralis,Presbite Fasciato,Banded Surili,215090780,ok,1.6,Foresta – Pianura umida subtropicale/tropicale,suitable,yes,resident,0.0,200.0,,
394,394,Gallus Gallus,Gallo Domestico,Red Junglefowl,263732457,ok,1.9,Foresta – Subtropicale/tropicale umida montana,suitable,no,resident,0.0,3050.0,,
394,394,Gallus Gallus,Gallo Domestico,Red Junglefowl,263732457,ok,1.7,Foresta – Vegetazione di mangrovie subtropicale/tropicale al di sopra del livello dell'alta marea,suitable,no,resident,0.0,3050.0,,
394,394,Gallus Gallus,Gallo Domestico,Red Junglefowl,263732457,ok,14.2,Pascoli,suitable,no,resident,0.0,3050.0,,
394,394,Gallus Gallus,Gallo Domestico,Red Junglefowl,263732457,ok,1.6,Foresta – Pianura umida subtropicale/tropicale,suitable,no,resident,0.0,3050.0,,
395,395,Gracula Religiosa,Mino Religioso,Common Hill Myna,264220054,ok,1.6,Foresta – Pianura umida subtropicale/tropicale,suitable,yes,resident,0.0,2000.0,,
395,395,Gracula Religiosa,Mino Religioso,Common Hill Myna,264220054,ok,14.3,Piantagioni,suitable,no,resident,0.0,2000.0,,
395,395,Gracula Religiosa,Mino Religioso,Common Hill Myna,264220054,ok,1.7,Foresta – Vegetazione di mangrovie subtropicale/tropicale al di sopra del livello dell'alta marea,suitable,no,resident,0.0,2000.0,,
395,395,Gracula Religiosa,Mino Religioso,Common Hill Myna,264220054,ok,1.9,Foresta – Subtropicale/tropicale umida montana,suitable,yes,resident,0.0,2000.0,,
396,396,Ascarosepion Latimanus,Seppia A Mazza Larga,Broadclub Cuttlefish,,assessment_not_found,,,unknown,unknown,unknown,,,,
397,397,Crocodylus Porosus,Coccodrillo Marino,Saltwater Crocodile,268788998,ok,5.1,Zone umide (interne) – Fiumi/torrenti/cascate permanenti,suitable,yes,resident,0.0,500.0,,
397,397,Crocodylus Porosus,Coccodrillo Marino,Saltwater Crocodile,268788998,ok,5.2,Zone umide (interne) – Fiumi/torrenti/canali stagionali/intermittenti/irregolari,suitable,no,breeding,0.0,500.0,,
397,397,Crocodylus Porosus,Coccodrillo Marino,Saltwater Crocodile,268788998,ok,5.3,Zone umide (interne) – Zone umide dominate da arbusti,suitable,yes,resident,0.0,500.0,,
397,397,Crocodylus Porosus,Coccodrillo Marino,Saltwater Crocodile,268788998,ok,5.4,"Zone umide (interne) – Paludi, acquitrini, torbiere",suitable,yes,resident,0.0,500.0,,
397,397,Crocodylus Porosus,Coccodrillo Marino,Saltwater Crocodile,268788998,ok,5.5,Zone umide (interne) – Laghi permanenti di acqua dolce (oltre 8 ettari),suitable,yes,resident,0.0,500.0,,
397,397,Crocodylus Porosus,Coccodrillo Marino,Saltwater Crocodile,268788998,ok,5.6,Zone umide (interne) – Laghi d'acqua dolce stagionali/intermittenti (oltre 8 ha),suitable,no,breeding,0.0,500.0,,
397,397,Crocodylus Porosus,Coccodrillo Marino,Saltwater Crocodile,268788998,ok,5.7,Zone umide (interne) – Paludi/stagni d'acqua dolce permanenti (inferiori a 8 ettari),suitable,yes,resident,0.0,500.0,,
397,397,Crocodylus Porosus,Coccodrillo Marino,Saltwater Crocodile,268788998,ok,5.8,Zone umide (interne) – Paludi/stagni d'acqua dolce stagionali/intermittenti (inferiori a 8 ettari),suitable,no,breeding,0.0,500.0,,
397,397,Crocodylus Porosus,Coccodrillo Marino,Saltwater Crocodile,268788998,ok,9.10,Estuari,suitable,yes,resident,0.0,500.0,,
397,397,Crocodylus Porosus,Coccodrillo Marino,Saltwater Crocodile,268788998,ok,12.1,Costa rocciosa,suitable,yes,resident,0.0,500.0,,
398,398,Hapalochlaena Maculosa,Polpo Dagli Anelli Blu,Southern Blue-Ringed Octopus,957595,ok,9.9,Erba marina sommersa,suitable,unknown,resident,,,0.0,50.0
398,398,Hapalochlaena Maculosa,Polpo Dagli Anelli Blu,Southern Blue-Ringed Octopus,957595,ok,9.8,Neritica marina – Barriera corallina,suitable,unknown,resident,,,0.0,50.0
398,398,Hapalochlaena Maculosa,Polpo Dagli Anelli Blu,Southern Blue-Ringed Octopus,957595,ok,9.3,Neritico marino – Roccia/ciottoli/ghiaia sciolti subtidali,suitable,unknown,resident,,,0.0,50.0
398,398,Hapalochlaena Maculosa,Polpo Dagli Anelli Blu,Southern Blue-Ringed Octopus,957595,ok,9.2,Neritica marina – Rocce e scogliere rocciose subtidali,suitable,unknown,resident,,,0.0,50.0
399,399,Enteroctopus Dofleini,Polpo Gigante Del Pacifico,Giant Pacific Octopus,958049,ok,12.1,Costa rocciosa,suitable,unknown,resident,,,0.0,1500.0
399,399,Enteroctopus Dofleini,Polpo Gigante Del Pacifico,Giant Pacific Octopus,958049,ok,11.1.2,Pendio continentale/Zona batilica – Substrato morbido,suitable,unknown,resident,,,0.0,1500.0
399,399,Enteroctopus Dofleini,Polpo Gigante Del Pacifico,Giant Pacific Octopus,958049,ok,11.1.1,Pendio continentale/Zona batilica – Substrato rigido,suitable,unknown,resident,,,0.0,1500.0
399,399,Enteroctopus Dofleini,Polpo Gigante Del Pacifico,Giant Pacific Octopus,958049,ok,9.6,Neritico marino – Subtidale fangoso,suitable,unknown,resident,,,0.0,1500.0
399,399,Enteroctopus Dofleini,Polpo Gigante Del Pacifico,Giant Pacific Octopus,958049,ok,9.5,Neritico marino – Fango sabbioso subtidale,suitable,unknown,resident,,,0.0,1500.0
399,399,Enteroctopus Dofleini,Polpo Gigante Del Pacifico,Giant Pacific Octopus,958049,ok,9.4,Neritico marino – Sabbioso subtidale,suitable,unknown,resident,,,0.0,1500.0
399,399,Enteroctopus Dofleini,Polpo Gigante Del Pacifico,Giant Pacific Octopus,958049,ok,9.3,Neritico marino – Roccia/ciottoli/ghiaia sciolti subtidali,suitable,unknown,resident,,,0.0,1500.0
399,399,Enteroctopus Dofleini,Polpo Gigante Del Pacifico,Giant Pacific Octopus,958049,ok,9.2,Neritica marina – Rocce e scogliere rocciose subtidali,suitable,unknown,resident,,,0.0,1500.0
400,400,Pongo Abelii,Orango Di Sumatra,Sumatran Orangutan,259045437,ok,1.9,Foresta – Subtropicale/tropicale umida montana,suitable,yes,resident,0.0,1500.0,,
400,400,Pongo Abelii,Orango Di Sumatra,Sumatran Orangutan,259045437,ok,1.6,Foresta – Pianura umida subtropicale/tropicale,suitable,no,resident,0.0,1500.0,,
400,400,Pongo Abelii,Orango Di Sumatra,Sumatran Orangutan,259045437,ok,1.8,Foresta – Palude subtropicale/tropicale,suitable,yes,resident,0.0,1500.0,,
401,401,Aliger Gigas,Conchiglia Regina,Queen Conch,138190717,ok,9.9,Erba marina sommersa,suitable,yes,resident,,,0.0,90.0
401,401,Aliger Gigas,Conchiglia Regina,Queen Conch,138190717,ok,12.2,"Coste sabbiose e/o spiagge, banchi di sabbia, lingue di sabbia",suitable,no,resident,,,0.0,90.0
401,401,Aliger Gigas,Conchiglia Regina,Queen Conch,138190717,ok,9.8,Neritica marina – Barriera corallina,suitable,yes,resident,,,0.0,90.0
401,401,Aliger Gigas,Conchiglia Regina,Queen Conch,138190717,ok,9.4,Neritico marino – Sabbioso subtidale,suitable,yes,resident,,,0.0,90.0
401,401,Aliger Gigas,Conchiglia Regina,Queen Conch,138190717,ok,12.7,Radici sommerse delle mangrovie,suitable,no,resident,,,0.0,90.0
401,401,Aliger Gigas,Conchiglia Regina,Queen Conch,138190717,ok,9.2,Neritica marina – Rocce e scogliere rocciose subtidali,suitable,yes,resident,,,0.0,90.0
401,401,Aliger Gigas,Conchiglia Regina,Queen Conch,138190717,ok,12.1,Costa rocciosa,suitable,no,resident,,,0.0,90.0
401,401,Aliger Gigas,Conchiglia Regina,Queen Conch,138190717,ok,9.3,Neritico marino – Roccia/ciottoli/ghiaia sciolti subtidali,suitable,yes,resident,,,0.0,90.0
402,402,Tupaia Glis,Tupaia Comune,Common Treeshrew,259374586,ok,14.3,Piantagioni,marginal,unknown,unknown,0.0,,,
402,402,Tupaia Glis,Tupaia Comune,Common Treeshrew,259374586,ok,14.4,Orti rurali,marginal,unknown,unknown,0.0,,,
402,402,Tupaia Glis,Tupaia Comune,Common Treeshrew,259374586,ok,1.5,Foresta – Subtropicale/tropicale secca,suitable,unknown,unknown,0.0,,,
402,402,Tupaia Glis,Tupaia Comune,Common Treeshrew,259374586,ok,1.6,Foresta – Pianura umida subtropicale/tropicale,suitable,unknown,unknown,0.0,,,
403,403,Conus Geographus,Cono Geografico,Geography Cone,2158685,ok,9.4,Neritico marino – Sabbioso subtidale,suitable,yes,unknown,,,0.0,20.0
403,403,Conus Geographus,Cono Geografico,Geography Cone,2158685,ok,12.2,"Coste sabbiose e/o spiagge, banchi di sabbia, lingue di sabbia",suitable,yes,unknown,,,0.0,20.0
403,403,Conus Geographus,Cono Geografico,Geography Cone,2158685,ok,9.8.6,Substrato di detriti inter-barriera corallina,suitable,yes,unknown,,,0.0,20.0
403,403,Conus Geographus,Cono Geografico,Geography Cone,2158685,ok,9.8.4,Laguna,suitable,yes,unknown,,,0.0,20.0
403,403,Conus Geographus,Cono Geografico,Geography Cone,2158685,ok,9.8,Neritica marina – Barriera corallina,suitable,yes,unknown,,,0.0,20.0
404,404,Manis Javanica,Pangolino Malese,Sunda Pangolin,123584856,ok,14.4,Orti rurali,suitable,yes,resident,0.0,1700.0,,
404,404,Manis Javanica,Pangolino Malese,Sunda Pangolin,123584856,ok,1.6,Foresta – Pianura umida subtropicale/tropicale,suitable,yes,resident,0.0,1700.0,,
404,404,Manis Javanica,Pangolino Malese,Sunda Pangolin,123584856,ok,1.9,Foresta – Subtropicale/tropicale umida montana,suitable,yes,resident,0.0,1700.0,,
404,404,Manis Javanica,Pangolino Malese,Sunda Pangolin,123584856,ok,14.2,Pascoli,marginal,unknown,resident,0.0,1700.0,,
404,404,Manis Javanica,Pangolino Malese,Sunda Pangolin,123584856,ok,14.6,Foresta subtropicale/tropicale fortemente degradata,suitable,yes,resident,0.0,1700.0,,
404,404,Manis Javanica,Pangolino Malese,Sunda Pangolin,123584856,ok,14.1,Terreno arabile,marginal,unknown,resident,0.0,1700.0,,
404,404,Manis Javanica,Pangolino Malese,Sunda Pangolin,123584856,ok,3.6,Arbusti – Subtropicale/tropicale umido,suitable,yes,resident,0.0,1700.0,,
404,404,Manis Javanica,Pangolino Malese,Sunda Pangolin,123584856,ok,14.3,Piantagioni,marginal,unknown,resident,0.0,1700.0,,
404,404,Manis Javanica,Pangolino Malese,Sunda Pangolin,123584856,ok,1.5,Foresta – Subtropicale/tropicale secca,suitable,yes,resident,0.0,1700.0,,
404,404,Manis Javanica,Pangolino Malese,Sunda Pangolin,123584856,ok,14.5,Aree urbane,marginal,unknown,resident,0.0,1700.0,,
404,404,Manis Javanica,Pangolino Malese,Sunda Pangolin,123584856,ok,1.7,Foresta – Vegetazione di mangrovie subtropicale/tropicale al di sopra del livello dell'alta marea,suitable,unknown,resident,0.0,1700.0,,
404,404,Manis Javanica,Pangolino Malese,Sunda Pangolin,123584856,ok,1.8,Foresta – Palude subtropicale/tropicale,marginal,unknown,resident,0.0,1700.0,,
404,404,Manis Javanica,Pangolino Malese,Sunda Pangolin,123584856,ok,15.9,Canali e fossi di drenaggio,marginal,unknown,resident,0.0,1700.0,,
404,404,Manis Javanica,Pangolino Malese,Sunda Pangolin,123584856,ok,17,Altri,suitable,unknown,resident,0.0,1700.0,,
405,405,Limax Maximus,Lumaca Leopardo,Leopard Slug,85577040,ok,1.4,Foresta – Temperata,suitable,yes,resident,0.0,1900.0,,
405,405,Limax Maximus,Lumaca Leopardo,Leopard Slug,85577040,ok,14.5,Aree urbane,suitable,yes,resident,0.0,1900.0,,
405,405,Limax Maximus,Lumaca Leopardo,Leopard Slug,85577040,ok,14.4,Orti rurali,suitable,yes,resident,0.0,1900.0,,
406,406,Lissachatina Fulica,Chiocciola Gigante Africana,Giant African Land Snail,,assessment_not_found,,,unknown,unknown,unknown,,,,
407,407,Cypraea Tigris,Ciprea Tigre,Tiger Cowrie,,assessment_not_found,,,unknown,unknown,unknown,,,,
408,408,Acrocodia Indica,Tapiro Malese,Malayan Tapir,,assessment_not_found,,,unknown,unknown,unknown,,,,
409,409,Murex Pecten,Murice Pettine Di Venere,Venus Comb Murex,,assessment_not_found,,,unknown,unknown,unknown,,,,
410,410,Butastur Indicus,Poiana Grigia,Grey Buzzard,202433645,ok,14.3,Piantagioni,suitable,no,resident,0.0,2000.0,,
410,410,Butastur Indicus,Poiana Grigia,Grey Buzzard,202433645,ok,15.7,"Terreni irrigati, compresi i canali di irrigazione",suitable,no,resident,0.0,2000.0,,
410,410,Butastur Indicus,Poiana Grigia,Grey Buzzard,202433645,ok,5.1,Zone umide (interne) – Fiumi/torrenti/cascate permanenti,suitable,no,resident,0.0,2000.0,,
410,410,Butastur Indicus,Poiana Grigia,Grey Buzzard,202433645,ok,5.4,"Zone umide (interne) – Paludi, acquitrini, torbiere",suitable,no,resident,0.0,2000.0,,
410,410,Butastur Indicus,Poiana Grigia,Grey Buzzard,202433645,ok,1.4,Foresta – Temperata,suitable,no,resident,0.0,2000.0,,
410,410,Butastur Indicus,Poiana Grigia,Grey Buzzard,202433645,ok,14.1,Terreno arabile,suitable,no,resident,0.0,2000.0,,
410,410,Butastur Indicus,Poiana Grigia,Grey Buzzard,202433645,ok,14.2,Pascoli,suitable,no,resident,0.0,2000.0,,
411,411,Argonauta Argo,Argonauta,Paper Nautilus,969616,ok,10.1,Epipelagico (0–200 m),suitable,yes,unknown,,,,
411,411,Argonauta Argo,Argonauta,Paper Nautilus,969616,ok,9.1,Neritico marino – Pelagico,suitable,no,unknown,,,,
412,412,Naja Kaouthia,Cobra Monocellato,Monocled Cobra,1488122,ok,5.3,Zone umide (interne) – Zone umide dominate da arbusti,suitable,unknown,unknown,,1000.0,,
412,412,Naja Kaouthia,Cobra Monocellato,Monocled Cobra,1488122,ok,1.8,Foresta – Palude subtropicale/tropicale,suitable,unknown,unknown,,1000.0,,
412,412,Naja Kaouthia,Cobra Monocellato,Monocled Cobra,1488122,ok,5.4,"Zone umide (interne) – Paludi, acquitrini, torbiere",suitable,unknown,unknown,,1000.0,,
412,412,Naja Kaouthia,Cobra Monocellato,Monocled Cobra,1488122,ok,14.3,Piantagioni,suitable,unknown,unknown,,1000.0,,
412,412,Naja Kaouthia,Cobra Monocellato,Monocled Cobra,1488122,ok,3.6,Arbusti – Subtropicale/tropicale umido,suitable,unknown,unknown,,1000.0,,
412,412,Naja Kaouthia,Cobra Monocellato,Monocled Cobra,1488122,ok,14.1,Terreno arabile,suitable,unknown,unknown,,1000.0,,
412,412,Naja Kaouthia,Cobra Monocellato,Monocled Cobra,1488122,ok,14.4,Orti rurali,suitable,unknown,unknown,,1000.0,,
412,412,Naja Kaouthia,Cobra Monocellato,Monocled Cobra,1488122,ok,14.5,Aree urbane,suitable,unknown,unknown,,1000.0,,
412,412,Naja Kaouthia,Cobra Monocellato,Monocled Cobra,1488122,ok,1.6,Foresta – Pianura umida subtropicale/tropicale,suitable,unknown,unknown,,1000.0,,
412,412,Naja Kaouthia,Cobra Monocellato,Monocled Cobra,1488122,ok,1.7,Foresta – Vegetazione di mangrovie subtropicale/tropicale al di sopra del livello dell'alta marea,suitable,unknown,unknown,,1000.0,,
412,412,Naja Kaouthia,Cobra Monocellato,Monocled Cobra,1488122,ok,4.6,Prateria – Subtropicale/tropicale stagionalmente umida/allagata,suitable,unknown,unknown,,1000.0,,
413,413,Minuca Pugnax,Granchio Violinista,Atlantic Marsh Fiddler Crab,,assessment_not_found,,,unknown,unknown,unknown,,,,
414,414,Gymnorhina Tibicen,Gazza Flauto Australiana,Australian Magpie,131945700,ok,14.1,Terreno arabile,suitable,no,resident,,,,
414,414,Gymnorhina Tibicen,Gazza Flauto Australiana,Australian Magpie,131945700,ok,1.6,Foresta – Pianura umida subtropicale/tropicale,suitable,no,resident,,,,
414,414,Gymnorhina Tibicen,Gazza Flauto Australiana,Australian Magpie,131945700,ok,4.4,Prateria – Temperata,suitable,yes,resident,,,,
414,414,Gymnorhina Tibicen,Gazza Flauto Australiana,Australian Magpie,131945700,ok,14.2,Pascoli,suitable,no,resident,,,,
414,414,Gymnorhina Tibicen,Gazza Flauto Australiana,Australian Magpie,131945700,ok,14.5,Aree urbane,suitable,no,resident,,,,
414,414,Gymnorhina Tibicen,Gazza Flauto Australiana,Australian Magpie,131945700,ok,1.5,Foresta – Subtropicale/tropicale secca,suitable,no,resident,,,,
414,414,Gymnorhina Tibicen,Gazza Flauto Australiana,Australian Magpie,131945700,ok,2.1,Savana - Secca,suitable,no,resident,,,,
414,414,Gymnorhina Tibicen,Gazza Flauto Australiana,Australian Magpie,131945700,ok,4.5,Prateria – Subtropicale/tropicale arida,suitable,yes,resident,,,,
415,415,Gonodactylus Smithii,Gambero Mantide Di Smith,Smith'S Mantis Shrimp,,assessment_not_found,,,unknown,unknown,unknown,,,,
416,416,Dacelo Novaeguineae,Kookaburra Gigante,Laughing Kookaburra,253968941,ok,5.1,Zone umide (interne) – Fiumi/torrenti/cascate permanenti,suitable,no,resident,0.0,900.0,,
416,416,Dacelo Novaeguineae,Kookaburra Gigante,Laughing Kookaburra,253968941,ok,14.5,Aree urbane,suitable,no,resident,0.0,900.0,,
416,416,Dacelo Novaeguineae,Kookaburra Gigante,Laughing Kookaburra,253968941,ok,14.1,Terreno arabile,suitable,no,resident,0.0,900.0,,
416,416,Dacelo Novaeguineae,Kookaburra Gigante,Laughing Kookaburra,253968941,ok,1.5,Foresta – Subtropicale/tropicale secca,suitable,yes,resident,0.0,900.0,,
416,416,Dacelo Novaeguineae,Kookaburra Gigante,Laughing Kookaburra,253968941,ok,14.2,Pascoli,suitable,no,resident,0.0,900.0,,
416,416,Dacelo Novaeguineae,Kookaburra Gigante,Laughing Kookaburra,253968941,ok,14.4,Orti rurali,suitable,no,resident,0.0,900.0,,
416,416,Dacelo Novaeguineae,Kookaburra Gigante,Laughing Kookaburra,253968941,ok,14.3,Piantagioni,suitable,no,resident,0.0,900.0,,
417,417,Phascolarctos Cinereus,Koala,Koala,166496779,ok,1.5,Foresta – Subtropicale/tropicale secca,suitable,yes,resident,,,,
417,417,Phascolarctos Cinereus,Koala,Koala,166496779,ok,1.4,Foresta – Temperata,suitable,yes,resident,,,,
417,417,Phascolarctos Cinereus,Koala,Koala,166496779,ok,2.1,Savana - Secca,suitable,no,resident,,,,
418,418,Ovis Aries,Pecora Domestica,Domestic Sheep,215862263,ok,3.8,Arbusti – Vegetazione arbustiva di tipo mediterraneo,suitable,unknown,unknown,0.0,2000.0,,
418,418,Ovis Aries,Pecora Domestica,Domestic Sheep,215862263,ok,1.4,Foresta – Temperata,suitable,unknown,unknown,0.0,2000.0,,
418,418,Ovis Aries,Pecora Domestica,Domestic Sheep,215862263,ok,6,Zone rocciose,suitable,unknown,unknown,0.0,2000.0,,
419,419,Macropus Giganteus,Canguro Grigio Orientale,Eastern Grey Kangaroo,21952954,ok,14.2,Pascoli,suitable,unknown,unknown,,,,
419,419,Macropus Giganteus,Canguro Grigio Orientale,Eastern Grey Kangaroo,21952954,ok,3.8,Arbusti – Vegetazione arbustiva di tipo mediterraneo,suitable,unknown,unknown,,,,
419,419,Macropus Giganteus,Canguro Grigio Orientale,Eastern Grey Kangaroo,21952954,ok,3.4,Arbusti – Temperati,suitable,unknown,unknown,,,,
419,419,Macropus Giganteus,Canguro Grigio Orientale,Eastern Grey Kangaroo,21952954,ok,3.5,Arbusti – Zona secca subtropicale/tropicale,suitable,unknown,unknown,,,,
419,419,Macropus Giganteus,Canguro Grigio Orientale,Eastern Grey Kangaroo,21952954,ok,2.1,Savana - Secca,suitable,unknown,unknown,,,,
419,419,Macropus Giganteus,Canguro Grigio Orientale,Eastern Grey Kangaroo,21952954,ok,4.4,Prateria – Temperata,suitable,unknown,unknown,,,,
419,419,Macropus Giganteus,Canguro Grigio Orientale,Eastern Grey Kangaroo,21952954,ok,1.5,Foresta – Subtropicale/tropicale secca,suitable,unknown,unknown,,,,
419,419,Macropus Giganteus,Canguro Grigio Orientale,Eastern Grey Kangaroo,21952954,ok,1.4,Foresta – Temperata,suitable,unknown,unknown,,,,
419,419,Macropus Giganteus,Canguro Grigio Orientale,Eastern Grey Kangaroo,21952954,ok,4.5,Prateria – Subtropicale/tropicale arida,suitable,unknown,unknown,,,,
420,420,Capra Hircus,Capra Domestica,Domestic Goat,215862148,ok,3.8,Arbusti – Vegetazione arbustiva di tipo mediterraneo,suitable,unknown,unknown,0.0,1450.0,,
420,420,Capra Hircus,Capra Domestica,Domestic Goat,215862148,ok,6,Zone rocciose,suitable,unknown,unknown,0.0,1450.0,,
420,420,Capra Hircus,Capra Domestica,Domestic Goat,215862148,ok,1.4,Foresta – Temperata,suitable,unknown,unknown,0.0,1450.0,,
420,420,Capra Hircus,Capra Domestica,Domestic Goat,215862148,ok,4.4,Prateria – Temperata,suitable,unknown,unknown,0.0,1450.0,,
421,421,Malurus Cyaneus,Maschio,Superb Fairywren,253995896,ok,3.8,Arbusti – Vegetazione arbustiva di tipo mediterraneo,suitable,no,resident,0.0,1630.0,,
421,421,Malurus Cyaneus,Maschio,Superb Fairywren,253995896,ok,1.6,Foresta – Pianura umida subtropicale/tropicale,suitable,yes,resident,0.0,1630.0,,
421,421,Malurus Cyaneus,Maschio,Superb Fairywren,253995896,ok,1.4,Foresta – Temperata,suitable,no,resident,0.0,1630.0,,
421,421,Malurus Cyaneus,Maschio,Superb Fairywren,253995896,ok,14.5,Aree urbane,suitable,no,resident,0.0,1630.0,,
422,422,Equus Caballus,Cavallo Domestico,Domestic Horse,,assessment_not_found,,,unknown,unknown,unknown,,,,
423,423,Trichosurus Vulpecula,Possum In Coda A Pennacchio,Common Brushtail Possum,21952080,ok,14.3,Piantagioni,suitable,unknown,unknown,,,,
423,423,Trichosurus Vulpecula,Possum In Coda A Pennacchio,Common Brushtail Possum,21952080,ok,1.4,Foresta – Temperata,suitable,unknown,unknown,,,,
423,423,Trichosurus Vulpecula,Possum In Coda A Pennacchio,Common Brushtail Possum,21952080,ok,14.4,Orti rurali,suitable,unknown,unknown,,,,
423,423,Trichosurus Vulpecula,Possum In Coda A Pennacchio,Common Brushtail Possum,21952080,ok,2.1,Savana - Secca,suitable,unknown,unknown,,,,
423,423,Trichosurus Vulpecula,Possum In Coda A Pennacchio,Common Brushtail Possum,21952080,ok,1.5,Foresta – Subtropicale/tropicale secca,suitable,unknown,unknown,,,,
423,423,Trichosurus Vulpecula,Possum In Coda A Pennacchio,Common Brushtail Possum,21952080,ok,14.5,Aree urbane,suitable,unknown,unknown,,,,
424,424,Bos Taurus,Bovino Domestico,Domestic Cattle,,assessment_not_found,,,unknown,unknown,unknown,,,,
425,425,Cacatua Galerita,Cacatua Dello Zolfo,Sulphur-Crested Cockatoo,131914971,ok,1.5,Foresta – Subtropicale/tropicale secca,suitable,no,resident,,1400.0,,
425,425,Cacatua Galerita,Cacatua Dello Zolfo,Sulphur-Crested Cockatoo,131914971,ok,14.6,Foresta subtropicale/tropicale fortemente degradata,suitable,no,resident,,1400.0,,
425,425,Cacatua Galerita,Cacatua Dello Zolfo,Sulphur-Crested Cockatoo,131914971,ok,14.1,Terreno arabile,suitable,no,breeding,,1400.0,,
425,425,Cacatua Galerita,Cacatua Dello Zolfo,Sulphur-Crested Cockatoo,131914971,ok,1.6,Foresta – Pianura umida subtropicale/tropicale,suitable,no,resident,,1400.0,,
426,426,Oryctolagus Cuniculus,Coniglio Selvatico,European Rabbit,170619657,ok,1.5,Foresta – Subtropicale/tropicale secca,marginal,unknown,unknown,0.0,3000.0,,
426,426,Oryctolagus Cuniculus,Coniglio Selvatico,European Rabbit,170619657,ok,1.4,Foresta – Temperata,marginal,unknown,unknown,0.0,3000.0,,
426,426,Oryctolagus Cuniculus,Coniglio Selvatico,European Rabbit,170619657,ok,4.5,Prateria – Subtropicale/tropicale arida,marginal,unknown,unknown,0.0,3000.0,,
426,426,Oryctolagus Cuniculus,Coniglio Selvatico,European Rabbit,170619657,ok,4.4,Prateria – Temperata,suitable,unknown,unknown,0.0,3000.0,,
426,426,Oryctolagus Cuniculus,Coniglio Selvatico,European Rabbit,170619657,ok,3.8,Arbusti – Vegetazione arbustiva di tipo mediterraneo,suitable,unknown,unknown,0.0,3000.0,,
426,426,Oryctolagus Cuniculus,Coniglio Selvatico,European Rabbit,170619657,ok,3.5,Arbusti – Zona secca subtropicale/tropicale,marginal,unknown,unknown,0.0,3000.0,,
426,426,Oryctolagus Cuniculus,Coniglio Selvatico,European Rabbit,170619657,ok,3.4,Arbusti – Temperati,marginal,unknown,unknown,0.0,3000.0,,
426,426,Oryctolagus Cuniculus,Coniglio Selvatico,European Rabbit,170619657,ok,2.1,Savana - Secca,suitable,unknown,unknown,0.0,3000.0,,
426,426,Oryctolagus Cuniculus,Coniglio Selvatico,European Rabbit,170619657,ok,14.2,Pascoli,suitable,unknown,unknown,0.0,3000.0,,
426,426,Oryctolagus Cuniculus,Coniglio Selvatico,European Rabbit,170619657,ok,14.1,Terreno arabile,suitable,unknown,unknown,0.0,3000.0,,
427,427,Eolophus Roseicapilla,Cacatua Rosato,Galah,131874469,ok,14.6,Foresta subtropicale/tropicale fortemente degradata,suitable,no,resident,,,,
427,427,Eolophus Roseicapilla,Cacatua Rosato,Galah,131874469,ok,14.3,Piantagioni,suitable,no,resident,,,,
427,427,Eolophus Roseicapilla,Cacatua Rosato,Galah,131874469,ok,4.5,Prateria – Subtropicale/tropicale arida,suitable,no,resident,,,,
427,427,Eolophus Roseicapilla,Cacatua Rosato,Galah,131874469,ok,14.5,Aree urbane,suitable,no,resident,,,,
427,427,Eolophus Roseicapilla,Cacatua Rosato,Galah,131874469,ok,14.1,Terreno arabile,suitable,no,resident,,,,
427,427,Eolophus Roseicapilla,Cacatua Rosato,Galah,131874469,ok,14.4,Orti rurali,suitable,no,resident,,,,
427,427,Eolophus Roseicapilla,Cacatua Rosato,Galah,131874469,ok,14.2,Pascoli,suitable,no,resident,,,,
427,427,Eolophus Roseicapilla,Cacatua Rosato,Galah,131874469,ok,3.6,Arbusti – Subtropicale/tropicale umido,suitable,no,resident,,,,
427,427,Eolophus Roseicapilla,Cacatua Rosato,Galah,131874469,ok,3.5,Arbusti – Zona secca subtropicale/tropicale,suitable,no,resident,,,,
428,428,Cavia Porcellus,Porcellino D'India,Guinea Pig,16818660,ok,,,unknown,unknown,unknown,,,,
429,429,Vombatus Ursinus,Vombato Comune,Common Wombat,258654868,ok,3.4,Arbusti – Temperati,suitable,yes,resident,0.0,2200.0,,
429,429,Vombatus Ursinus,Vombato Comune,Common Wombat,258654868,ok,1.4,Foresta – Temperata,suitable,yes,resident,0.0,2200.0,,
429,429,Vombatus Ursinus,Vombato Comune,Common Wombat,258654868,ok,4.4,Prateria – Temperata,suitable,no,resident,0.0,2200.0,,
430,430,Mesocricetus Auratus,Criceto Dorato,Golden Hamster,107411865,ok,14.1,Terreno arabile,suitable,yes,unknown,,,,
431,431,Tachyglossus Aculeatus,Echidna Dal Becco Corto,Short-Beaked Echidna,21964662,ok,3.4,Arbusti – Temperati,suitable,unknown,unknown,,,,
431,431,Tachyglossus Aculeatus,Echidna Dal Becco Corto,Short-Beaked Echidna,21964662,ok,2.1,Savana - Secca,suitable,unknown,unknown,,,,
431,431,Tachyglossus Aculeatus,Echidna Dal Becco Corto,Short-Beaked Echidna,21964662,ok,4.4,Prateria – Temperata,suitable,unknown,unknown,,,,
431,431,Tachyglossus Aculeatus,Echidna Dal Becco Corto,Short-Beaked Echidna,21964662,ok,3.6,Arbusti – Subtropicale/tropicale umido,suitable,unknown,unknown,,,,
431,431,Tachyglossus Aculeatus,Echidna Dal Becco Corto,Short-Beaked Echidna,21964662,ok,3.8,Arbusti – Vegetazione arbustiva di tipo mediterraneo,suitable,unknown,unknown,,,,
431,431,Tachyglossus Aculeatus,Echidna Dal Becco Corto,Short-Beaked Echidna,21964662,ok,3.7,Arbusti – Zone subtropicali/tropicali di alta quota,suitable,unknown,unknown,,,,
431,431,Tachyglossus Aculeatus,Echidna Dal Becco Corto,Short-Beaked Echidna,21964662,ok,4.7,Prateria – Alta quota subtropicale/tropicale,suitable,unknown,unknown,,,,
431,431,Tachyglossus Aculeatus,Echidna Dal Becco Corto,Short-Beaked Echidna,21964662,ok,1.9,Foresta – Subtropicale/tropicale umida montana,suitable,unknown,unknown,,,,
431,431,Tachyglossus Aculeatus,Echidna Dal Becco Corto,Short-Beaked Echidna,21964662,ok,1.4,Foresta – Temperata,suitable,unknown,unknown,,,,
431,431,Tachyglossus Aculeatus,Echidna Dal Becco Corto,Short-Beaked Echidna,21964662,ok,1.5,Foresta – Subtropicale/tropicale secca,suitable,unknown,unknown,,,,
431,431,Tachyglossus Aculeatus,Echidna Dal Becco Corto,Short-Beaked Echidna,21964662,ok,1.6,Foresta – Pianura umida subtropicale/tropicale,suitable,unknown,unknown,,,,
431,431,Tachyglossus Aculeatus,Echidna Dal Becco Corto,Short-Beaked Echidna,21964662,ok,8.1,Deserto – Caldo,suitable,unknown,unknown,,,,
431,431,Tachyglossus Aculeatus,Echidna Dal Becco Corto,Short-Beaked Echidna,21964662,ok,4.5,Prateria – Subtropicale/tropicale arida,suitable,unknown,unknown,,,,
431,431,Tachyglossus Aculeatus,Echidna Dal Becco Corto,Short-Beaked Echidna,21964662,ok,3.5,Arbusti – Zona secca subtropicale/tropicale,suitable,unknown,unknown,,,,
432,432,Rattus Norvegicus,Ratto Bruno,Brown Rat,165118026,ok,14.5,Aree urbane,suitable,unknown,unknown,,,,
432,432,Rattus Norvegicus,Ratto Bruno,Brown Rat,165118026,ok,14.4,Orti rurali,suitable,unknown,unknown,,,,
432,432,Rattus Norvegicus,Ratto Bruno,Brown Rat,165118026,ok,14.3,Piantagioni,suitable,unknown,unknown,,,,
432,432,Rattus Norvegicus,Ratto Bruno,Brown Rat,165118026,ok,14.2,Pascoli,suitable,unknown,unknown,,,,
432,432,Rattus Norvegicus,Ratto Bruno,Brown Rat,165118026,ok,14.1,Terreno arabile,suitable,unknown,unknown,,,,
433,433,Ornithorhynchus Anatinus,Platipus,Platypus,21964009,ok,5.1,Zone umide (interne) – Fiumi/torrenti/cascate permanenti,suitable,yes,resident,,,,
434,434,Gallinula Chloropus,Gallinella D'Acqua,Common Moorhen,281847787,ok,15.2,Stagni sotto gli 8 ettari,suitable,no,breeding,0.0,4400.0,,
434,434,Gallinula Chloropus,Gallinella D'Acqua,Common Moorhen,281847787,ok,5.5,Zone umide (interne) – Laghi permanenti di acqua dolce (oltre 8 ettari),suitable,no,breeding,0.0,4400.0,,
434,434,Gallinula Chloropus,Gallinella D'Acqua,Common Moorhen,281847787,ok,13.5,Laghi costieri di acqua dolce,suitable,no,breeding,0.0,4400.0,,
434,434,Gallinula Chloropus,Gallinella D'Acqua,Common Moorhen,281847787,ok,15.9,Canali e fossi di drenaggio,suitable,no,breeding,0.0,4400.0,,
434,434,Gallinula Chloropus,Gallinella D'Acqua,Common Moorhen,281847787,ok,15.7,"Terreni irrigati, compresi i canali di irrigazione",suitable,no,breeding,0.0,4400.0,,
434,434,Gallinula Chloropus,Gallinella D'Acqua,Common Moorhen,281847787,ok,5.13,Zone umide (interne) – Delta interni permanenti,suitable,no,breeding,0.0,4400.0,,
434,434,Gallinula Chloropus,Gallinella D'Acqua,Common Moorhen,281847787,ok,5.4,"Zone umide (interne) – Paludi, acquitrini, torbiere",suitable,no,breeding,0.0,4400.0,,
434,434,Gallinula Chloropus,Gallinella D'Acqua,Common Moorhen,281847787,ok,5.16,"Zone umide (interne) – Paludi/stagni permanenti salini, salmastri o alcalini",suitable,no,breeding,0.0,4400.0,,
434,434,Gallinula Chloropus,Gallinella D'Acqua,Common Moorhen,281847787,ok,5.7,Zone umide (interne) – Paludi/stagni d'acqua dolce permanenti (inferiori a 8 ettari),suitable,no,breeding,0.0,4400.0,,
434,434,Gallinula Chloropus,Gallinella D'Acqua,Common Moorhen,281847787,ok,5.3,Zone umide (interne) – Zone umide dominate da arbusti,suitable,no,breeding,0.0,4400.0,,
434,434,Gallinula Chloropus,Gallinella D'Acqua,Common Moorhen,281847787,ok,15.1,Aree di stoccaggio dell'acqua oltre 8 ettari,suitable,no,breeding,0.0,4400.0,,
434,434,Gallinula Chloropus,Gallinella D'Acqua,Common Moorhen,281847787,ok,5.8,Zone umide (interne) – Paludi/stagni d'acqua dolce stagionali/intermittenti (inferiori a 8 ettari),suitable,no,breeding,0.0,4400.0,,
434,434,Gallinula Chloropus,Gallinella D'Acqua,Common Moorhen,281847787,ok,5.1,Zone umide (interne) – Fiumi/torrenti/cascate permanenti,suitable,no,breeding,0.0,4400.0,,
434,434,Gallinula Chloropus,Gallinella D'Acqua,Common Moorhen,281847787,ok,13.4,Lagune costiere salmastre/saline/laghi marini,suitable,no,breeding,0.0,4400.0,,
434,434,Gallinula Chloropus,Gallinella D'Acqua,Common Moorhen,281847787,ok,5.6,Zone umide (interne) – Laghi d'acqua dolce stagionali/intermittenti (oltre 8 ha),suitable,no,breeding,0.0,4400.0,,
435,435,Tiliqua Scincoides,Scinco Dalla Lingua Blu Orientale,Eastern Blue-Tongued Skink,109481555,ok,4.5,Prateria – Subtropicale/tropicale arida,suitable,yes,resident,,,,
435,435,Tiliqua Scincoides,Scinco Dalla Lingua Blu Orientale,Eastern Blue-Tongued Skink,109481555,ok,3.5,Arbusti – Zona secca subtropicale/tropicale,suitable,yes,resident,,,,
435,435,Tiliqua Scincoides,Scinco Dalla Lingua Blu Orientale,Eastern Blue-Tongued Skink,109481555,ok,2.1,Savana - Secca,suitable,yes,resident,,,,
435,435,Tiliqua Scincoides,Scinco Dalla Lingua Blu Orientale,Eastern Blue-Tongued Skink,109481555,ok,1.5,Foresta – Subtropicale/tropicale secca,suitable,yes,resident,,,,
436,436,Cygnus Atratus,Cigno Nero,Black Swan,131907524,ok,5.1,Zone umide (interne) – Fiumi/torrenti/cascate permanenti,suitable,no,breeding,,,,
436,436,Cygnus Atratus,Cigno Nero,Black Swan,131907524,ok,13.4,Lagune costiere salmastre/saline/laghi marini,suitable,no,resident,,,,
436,436,Cygnus Atratus,Cigno Nero,Black Swan,131907524,ok,5.5,Zone umide (interne) – Laghi permanenti di acqua dolce (oltre 8 ettari),suitable,yes,resident,,,,
436,436,Cygnus Atratus,Cigno Nero,Black Swan,131907524,ok,13.5,Laghi costieri di acqua dolce,suitable,no,resident,,,,
436,436,Cygnus Atratus,Cigno Nero,Black Swan,131907524,ok,5.6,Zone umide (interne) – Laghi d'acqua dolce stagionali/intermittenti (oltre 8 ha),suitable,no,breeding,,,,
437,437,Pogona Vitticeps,Drago Barbuto Australiano,Central Bearded Dragon,83494440,ok,1.5,Foresta – Subtropicale/tropicale secca,suitable,unknown,resident,,,,
437,437,Pogona Vitticeps,Drago Barbuto Australiano,Central Bearded Dragon,83494440,ok,8.1,Deserto – Caldo,suitable,unknown,resident,,,,
437,437,Pogona Vitticeps,Drago Barbuto Australiano,Central Bearded Dragon,83494440,ok,3.8,Arbusti – Vegetazione arbustiva di tipo mediterraneo,suitable,unknown,resident,,,,
437,437,Pogona Vitticeps,Drago Barbuto Australiano,Central Bearded Dragon,83494440,ok,2.1,Savana - Secca,suitable,unknown,resident,,,,
437,437,Pogona Vitticeps,Drago Barbuto Australiano,Central Bearded Dragon,83494440,ok,3.4,Arbusti – Temperati,suitable,unknown,resident,,,,
437,437,Pogona Vitticeps,Drago Barbuto Australiano,Central Bearded Dragon,83494440,ok,1.4,Foresta – Temperata,suitable,unknown,resident,,,,
437,437,Pogona Vitticeps,Drago Barbuto Australiano,Central Bearded Dragon,83494440,ok,8.2,Deserto – Temperato,suitable,unknown,resident,,,,
438,438,Falco Tinnunculus,Gheppio,Common Kestrel,206316110,ok,14.3,Piantagioni,suitable,no,resident,0.0,3500.0,,
438,438,Falco Tinnunculus,Gheppio,Common Kestrel,206316110,ok,14.1,Terreno arabile,suitable,no,resident,0.0,3500.0,,
438,438,Falco Tinnunculus,Gheppio,Common Kestrel,206316110,ok,14.2,Pascoli,suitable,no,resident,0.0,3500.0,,
438,438,Falco Tinnunculus,Gheppio,Common Kestrel,206316110,ok,4.1,Prateria – Tundra,suitable,no,breeding,0.0,3500.0,,
438,438,Falco Tinnunculus,Gheppio,Common Kestrel,206316110,ok,4.4,Prateria – Temperata,suitable,no,resident,0.0,3500.0,,
438,438,Falco Tinnunculus,Gheppio,Common Kestrel,206316110,ok,14.5,Aree urbane,suitable,no,resident,0.0,3500.0,,
438,438,Falco Tinnunculus,Gheppio,Common Kestrel,206316110,ok,3.4,Arbusti – Temperati,suitable,no,resident,0.0,3500.0,,
438,438,Falco Tinnunculus,Gheppio,Common Kestrel,206316110,ok,3.8,Arbusti – Vegetazione arbustiva di tipo mediterraneo,suitable,no,resident,0.0,3500.0,,
438,438,Falco Tinnunculus,Gheppio,Common Kestrel,206316110,ok,4.5,Prateria – Subtropicale/tropicale arida,suitable,no,resident,0.0,3500.0,,
438,438,Falco Tinnunculus,Gheppio,Common Kestrel,206316110,ok,1.4,Foresta – Temperata,suitable,no,resident,0.0,3500.0,,
438,438,Falco Tinnunculus,Gheppio,Common Kestrel,206316110,ok,1.1,Foresta boreale,suitable,no,breeding,0.0,3500.0,,
438,438,Falco Tinnunculus,Gheppio,Common Kestrel,206316110,ok,5.4,"Zone umide (interne) – Paludi, acquitrini, torbiere",suitable,no,resident,0.0,3500.0,,
438,438,Falco Tinnunculus,Gheppio,Common Kestrel,206316110,ok,13.1,Scogliere marine e isole rocciose al largo della costa,suitable,no,resident,0.0,3500.0,,
439,439,Pseudechis Porphyriacus,Serpente Nero Australiano,Red-Bellied Black Snake,42493282,ok,5.4,"Zone umide (interne) – Paludi, acquitrini, torbiere",suitable,unknown,resident,,,,
439,439,Pseudechis Porphyriacus,Serpente Nero Australiano,Red-Bellied Black Snake,42493282,ok,5.3,Zone umide (interne) – Zone umide dominate da arbusti,suitable,unknown,resident,,,,
439,439,Pseudechis Porphyriacus,Serpente Nero Australiano,Red-Bellied Black Snake,42493282,ok,5.2,Zone umide (interne) – Fiumi/torrenti/canali stagionali/intermittenti/irregolari,suitable,unknown,resident,,,,
439,439,Pseudechis Porphyriacus,Serpente Nero Australiano,Red-Bellied Black Snake,42493282,ok,5.1,Zone umide (interne) – Fiumi/torrenti/cascate permanenti,suitable,unknown,resident,,,,
439,439,Pseudechis Porphyriacus,Serpente Nero Australiano,Red-Bellied Black Snake,42493282,ok,14.4,Orti rurali,suitable,unknown,resident,,,,
440,440,Tyto Alba,Barbagianni,Barn Owl,280909370,ok,14.3,Piantagioni,suitable,no,resident,0.0,4300.0,,
440,440,Tyto Alba,Barbagianni,Barn Owl,280909370,ok,4.7,Prateria – Alta quota subtropicale/tropicale,suitable,no,resident,0.0,4300.0,,
440,440,Tyto Alba,Barbagianni,Barn Owl,280909370,ok,15.8,Terreni agricoli soggetti a inondazioni stagionali,suitable,no,breeding,0.0,4300.0,,
440,440,Tyto Alba,Barbagianni,Barn Owl,280909370,ok,3.8,Arbusti – Vegetazione arbustiva di tipo mediterraneo,suitable,no,resident,0.0,4300.0,,
440,440,Tyto Alba,Barbagianni,Barn Owl,280909370,ok,14.4,Orti rurali,suitable,no,resident,0.0,4300.0,,
440,440,Tyto Alba,Barbagianni,Barn Owl,280909370,ok,7.1,Grotte e habitat sotterranei (non acquatici) – Grotte,suitable,no,breeding,0.0,4300.0,,
440,440,Tyto Alba,Barbagianni,Barn Owl,280909370,ok,14.6,Foresta subtropicale/tropicale fortemente degradata,suitable,no,resident,0.0,4300.0,,
440,440,Tyto Alba,Barbagianni,Barn Owl,280909370,ok,4.6,Prateria – Subtropicale/tropicale stagionalmente umida/allagata,suitable,no,resident,0.0,4300.0,,
440,440,Tyto Alba,Barbagianni,Barn Owl,280909370,ok,3.5,Arbusti – Zona secca subtropicale/tropicale,suitable,no,resident,0.0,4300.0,,
440,440,Tyto Alba,Barbagianni,Barn Owl,280909370,ok,14.1,Terreno arabile,suitable,no,resident,0.0,4300.0,,
440,440,Tyto Alba,Barbagianni,Barn Owl,280909370,ok,14.2,Pascoli,suitable,no,resident,0.0,4300.0,,
440,440,Tyto Alba,Barbagianni,Barn Owl,280909370,ok,5.3,Zone umide (interne) – Zone umide dominate da arbusti,suitable,no,resident,0.0,4300.0,,
440,440,Tyto Alba,Barbagianni,Barn Owl,280909370,ok,5.8,Zone umide (interne) – Paludi/stagni d'acqua dolce stagionali/intermittenti (inferiori a 8 ettari),suitable,no,resident,0.0,4300.0,,
440,440,Tyto Alba,Barbagianni,Barn Owl,280909370,ok,3.6,Arbusti – Subtropicale/tropicale umido,marginal,unknown,resident,0.0,4300.0,,
440,440,Tyto Alba,Barbagianni,Barn Owl,280909370,ok,14.5,Aree urbane,marginal,unknown,resident,0.0,4300.0,,
440,440,Tyto Alba,Barbagianni,Barn Owl,280909370,ok,5.7,Zone umide (interne) – Paludi/stagni d'acqua dolce permanenti (inferiori a 8 ettari),suitable,no,resident,0.0,4300.0,,
440,440,Tyto Alba,Barbagianni,Barn Owl,280909370,ok,2.1,Savana - Secca,suitable,no,resident,0.0,4300.0,,
440,440,Tyto Alba,Barbagianni,Barn Owl,280909370,ok,15.1,Aree di stoccaggio dell'acqua oltre 8 ettari,suitable,no,resident,0.0,4300.0,,
440,440,Tyto Alba,Barbagianni,Barn Owl,280909370,ok,5.4,"Zone umide (interne) – Paludi, acquitrini, torbiere",marginal,unknown,resident,0.0,4300.0,,
440,440,Tyto Alba,Barbagianni,Barn Owl,280909370,ok,4.4,Prateria – Temperata,suitable,no,resident,0.0,4300.0,,
440,440,Tyto Alba,Barbagianni,Barn Owl,280909370,ok,15.9,Canali e fossi di drenaggio,suitable,no,breeding,0.0,4300.0,,
440,440,Tyto Alba,Barbagianni,Barn Owl,280909370,ok,15.7,"Terreni irrigati, compresi i canali di irrigazione",suitable,no,breeding,0.0,4300.0,,
440,440,Tyto Alba,Barbagianni,Barn Owl,280909370,ok,15.6,Aree di trattamento delle acque reflue,suitable,no,resident,0.0,4300.0,,
440,440,Tyto Alba,Barbagianni,Barn Owl,280909370,ok,4.5,Prateria – Subtropicale/tropicale arida,suitable,no,resident,0.0,4300.0,,
440,440,Tyto Alba,Barbagianni,Barn Owl,280909370,ok,3.7,Arbusti – Zone subtropicali/tropicali di alta quota,suitable,no,resident,0.0,4300.0,,
441,441,Dromaius Novaehollandiae,Emù,Emu,131902466,ok,3.5,Arbusti – Zona secca subtropicale/tropicale,suitable,no,resident,,1600.0,,
441,441,Dromaius Novaehollandiae,Emù,Emu,131902466,ok,3.4,Arbusti – Temperati,suitable,no,resident,,1600.0,,
441,441,Dromaius Novaehollandiae,Emù,Emu,131902466,ok,4.5,Prateria – Subtropicale/tropicale arida,suitable,no,resident,,1600.0,,
441,441,Dromaius Novaehollandiae,Emù,Emu,131902466,ok,2.1,Savana - Secca,suitable,no,resident,,1600.0,,
441,441,Dromaius Novaehollandiae,Emù,Emu,131902466,ok,3.7,Arbusti – Zone subtropicali/tropicali di alta quota,suitable,no,resident,,1600.0,,
441,441,Dromaius Novaehollandiae,Emù,Emu,131902466,ok,4.7,Prateria – Alta quota subtropicale/tropicale,suitable,no,resident,,1600.0,,
441,441,Dromaius Novaehollandiae,Emù,Emu,131902466,ok,4.4,Prateria – Temperata,suitable,no,resident,,1600.0,,
442,442,Athene Noctua,Civetta Comune,Little Owl,155470112,ok,4.4,Prateria – Temperata,suitable,no,resident,,2600.0,,
442,442,Athene Noctua,Civetta Comune,Little Owl,155470112,ok,3.8,Arbusti – Vegetazione arbustiva di tipo mediterraneo,suitable,no,resident,,2600.0,,
442,442,Athene Noctua,Civetta Comune,Little Owl,155470112,ok,3.5,Arbusti – Zona secca subtropicale/tropicale,suitable,no,resident,,2600.0,,
442,442,Athene Noctua,Civetta Comune,Little Owl,155470112,ok,3.3,Arbusti – Boreale,suitable,no,resident,,2600.0,,
442,442,Athene Noctua,Civetta Comune,Little Owl,155470112,ok,2.1,Savana - Secca,suitable,no,resident,,2600.0,,
442,442,Athene Noctua,Civetta Comune,Little Owl,155470112,ok,14.5,Aree urbane,suitable,no,resident,,2600.0,,
442,442,Athene Noctua,Civetta Comune,Little Owl,155470112,ok,14.4,Orti rurali,suitable,no,resident,,2600.0,,
442,442,Athene Noctua,Civetta Comune,Little Owl,155470112,ok,14.2,Pascoli,suitable,no,resident,,2600.0,,
442,442,Athene Noctua,Civetta Comune,Little Owl,155470112,ok,14.1,Terreno arabile,suitable,no,resident,,2600.0,,
443,443,Varanus Varius,Varano Vario,Lace Monitor,101752385,ok,1.5,Foresta – Subtropicale/tropicale secca,suitable,unknown,resident,,,,
443,443,Varanus Varius,Varano Vario,Lace Monitor,101752385,ok,1.4,Foresta – Temperata,suitable,unknown,resident,,,,
444,444,Talpa Europaea,Talpa Europea,European Mole,221752008,ok,14.1,Terreno arabile,suitable,unknown,unknown,0.0,2700.0,,
444,444,Talpa Europaea,Talpa Europea,European Mole,221752008,ok,14.2,Pascoli,suitable,unknown,unknown,0.0,2700.0,,
444,444,Talpa Europaea,Talpa Europea,European Mole,221752008,ok,14.4,Orti rurali,suitable,unknown,unknown,0.0,2700.0,,
444,444,Talpa Europaea,Talpa Europea,European Mole,221752008,ok,3.4,Arbusti – Temperati,suitable,unknown,unknown,0.0,2700.0,,
444,444,Talpa Europaea,Talpa Europea,European Mole,221752008,ok,4.4,Prateria – Temperata,suitable,unknown,unknown,0.0,2700.0,,
444,444,Talpa Europaea,Talpa Europea,European Mole,221752008,ok,1.4,Foresta – Temperata,suitable,unknown,unknown,0.0,2700.0,,
444,444,Talpa Europaea,Talpa Europea,European Mole,221752008,ok,14.5,Aree urbane,suitable,unknown,unknown,0.0,2700.0,,
445,445,Wallabia Bicolor,Wallaby Bicolore,Swamp Wallaby,21952658,ok,14.3,Piantagioni,suitable,unknown,unknown,0.0,1800.0,,
445,445,Wallabia Bicolor,Wallaby Bicolore,Swamp Wallaby,21952658,ok,1.4,Foresta – Temperata,suitable,unknown,unknown,0.0,1800.0,,
445,445,Wallabia Bicolor,Wallaby Bicolore,Swamp Wallaby,21952658,ok,3.4,Arbusti – Temperati,suitable,unknown,unknown,0.0,1800.0,,
445,445,Wallabia Bicolor,Wallaby Bicolore,Swamp Wallaby,21952658,ok,3.6,Arbusti – Subtropicale/tropicale umido,suitable,unknown,unknown,0.0,1800.0,,
445,445,Wallabia Bicolor,Wallaby Bicolore,Swamp Wallaby,21952658,ok,1.5,Foresta – Subtropicale/tropicale secca,suitable,unknown,unknown,0.0,1800.0,,
445,445,Wallabia Bicolor,Wallaby Bicolore,Swamp Wallaby,21952658,ok,3.5,Arbusti – Zona secca subtropicale/tropicale,suitable,unknown,unknown,0.0,1800.0,,
445,445,Wallabia Bicolor,Wallaby Bicolore,Swamp Wallaby,21952658,ok,14.2,Pascoli,suitable,unknown,unknown,0.0,1800.0,,
445,445,Wallabia Bicolor,Wallaby Bicolore,Swamp Wallaby,21952658,ok,1.6,Foresta – Pianura umida subtropicale/tropicale,suitable,unknown,unknown,0.0,1800.0,,
445,445,Wallabia Bicolor,Wallaby Bicolore,Swamp Wallaby,21952658,ok,14.1,Terreno arabile,suitable,unknown,unknown,0.0,1800.0,,
445,445,Wallabia Bicolor,Wallaby Bicolore,Swamp Wallaby,21952658,ok,3.8,Arbusti – Vegetazione arbustiva di tipo mediterraneo,suitable,unknown,unknown,0.0,1800.0,,
446,446,Podarcis Siculus,Lucertola Campestre,Italian Wall Lizard,217280511,ok,14.1,Terreno arabile,suitable,no,resident,0.0,2200.0,,
446,446,Podarcis Siculus,Lucertola Campestre,Italian Wall Lizard,217280511,ok,14.2,Pascoli,suitable,no,resident,0.0,2200.0,,
446,446,Podarcis Siculus,Lucertola Campestre,Italian Wall Lizard,217280511,ok,14.3,Piantagioni,suitable,no,resident,0.0,2200.0,,
446,446,Podarcis Siculus,Lucertola Campestre,Italian Wall Lizard,217280511,ok,14.4,Orti rurali,suitable,no,resident,0.0,2200.0,,
446,446,Podarcis Siculus,Lucertola Campestre,Italian Wall Lizard,217280511,ok,14.5,Aree urbane,suitable,no,resident,0.0,2200.0,,
446,446,Podarcis Siculus,Lucertola Campestre,Italian Wall Lizard,217280511,ok,3.4,Arbusti – Temperati,suitable,no,resident,0.0,2200.0,,
446,446,Podarcis Siculus,Lucertola Campestre,Italian Wall Lizard,217280511,ok,3.8,Arbusti – Vegetazione arbustiva di tipo mediterraneo,suitable,no,resident,0.0,2200.0,,
446,446,Podarcis Siculus,Lucertola Campestre,Italian Wall Lizard,217280511,ok,4.4,Prateria – Temperata,suitable,no,resident,0.0,2200.0,,
446,446,Podarcis Siculus,Lucertola Campestre,Italian Wall Lizard,217280511,ok,1.4,Foresta – Temperata,suitable,no,resident,0.0,2200.0,,
447,447,Canis Dingo,Dingo,Dingo,,assessment_not_found,,,unknown,unknown,unknown,,,,
448,448,Natrix Natrix,Biacco D'Acqua,Grass Snake,545209,ok,5.4,"Zone umide (interne) – Paludi, acquitrini, torbiere",suitable,unknown,resident,0.0,3060.0,,
448,448,Natrix Natrix,Biacco D'Acqua,Grass Snake,545209,ok,5.2,Zone umide (interne) – Fiumi/torrenti/canali stagionali/intermittenti/irregolari,suitable,unknown,resident,0.0,3060.0,,
448,448,Natrix Natrix,Biacco D'Acqua,Grass Snake,545209,ok,5.1,Zone umide (interne) – Fiumi/torrenti/cascate permanenti,suitable,unknown,resident,0.0,3060.0,,
448,448,Natrix Natrix,Biacco D'Acqua,Grass Snake,545209,ok,15.5,Scavi a cielo aperto,suitable,unknown,resident,0.0,3060.0,,
448,448,Natrix Natrix,Biacco D'Acqua,Grass Snake,545209,ok,15.7,"Terreni irrigati, compresi i canali di irrigazione",suitable,unknown,resident,0.0,3060.0,,
448,448,Natrix Natrix,Biacco D'Acqua,Grass Snake,545209,ok,15.9,Canali e fossi di drenaggio,suitable,unknown,resident,0.0,3060.0,,
448,448,Natrix Natrix,Biacco D'Acqua,Grass Snake,545209,ok,3.4,Arbusti – Temperati,suitable,unknown,resident,0.0,3060.0,,
448,448,Natrix Natrix,Biacco D'Acqua,Grass Snake,545209,ok,14.4,Orti rurali,suitable,unknown,resident,0.0,3060.0,,
448,448,Natrix Natrix,Biacco D'Acqua,Grass Snake,545209,ok,4.4,Prateria – Temperata,suitable,unknown,resident,0.0,3060.0,,
448,448,Natrix Natrix,Biacco D'Acqua,Grass Snake,545209,ok,14.5,Aree urbane,suitable,unknown,resident,0.0,3060.0,,
448,448,Natrix Natrix,Biacco D'Acqua,Grass Snake,545209,ok,15.1,Aree di stoccaggio dell'acqua oltre 8 ettari,suitable,unknown,resident,0.0,3060.0,,
448,448,Natrix Natrix,Biacco D'Acqua,Grass Snake,545209,ok,15.2,Stagni sotto gli 8 ettari,suitable,unknown,resident,0.0,3060.0,,
448,448,Natrix Natrix,Biacco D'Acqua,Grass Snake,545209,ok,5.5,Zone umide (interne) – Laghi permanenti di acqua dolce (oltre 8 ettari),suitable,unknown,resident,0.0,3060.0,,
448,448,Natrix Natrix,Biacco D'Acqua,Grass Snake,545209,ok,5.6,Zone umide (interne) – Laghi d'acqua dolce stagionali/intermittenti (oltre 8 ha),suitable,unknown,resident,0.0,3060.0,,
448,448,Natrix Natrix,Biacco D'Acqua,Grass Snake,545209,ok,5.7,Zone umide (interne) – Paludi/stagni d'acqua dolce permanenti (inferiori a 8 ettari),suitable,unknown,resident,0.0,3060.0,,
448,448,Natrix Natrix,Biacco D'Acqua,Grass Snake,545209,ok,5.8,Zone umide (interne) – Paludi/stagni d'acqua dolce stagionali/intermittenti (inferiori a 8 ettari),suitable,unknown,resident,0.0,3060.0,,
448,448,Natrix Natrix,Biacco D'Acqua,Grass Snake,545209,ok,1.1,Foresta boreale,suitable,unknown,resident,0.0,3060.0,,
448,448,Natrix Natrix,Biacco D'Acqua,Grass Snake,545209,ok,5.9,Zone umide (interne) – Sorgenti di acqua dolce e oasi,suitable,unknown,resident,0.0,3060.0,,
448,448,Natrix Natrix,Biacco D'Acqua,Grass Snake,545209,ok,1.4,Foresta – Temperata,suitable,unknown,resident,0.0,3060.0,,
448,448,Natrix Natrix,Biacco D'Acqua,Grass Snake,545209,ok,14.1,Terreno arabile,suitable,unknown,resident,0.0,3060.0,,
448,448,Natrix Natrix,Biacco D'Acqua,Grass Snake,545209,ok,14.2,Pascoli,suitable,unknown,resident,0.0,3060.0,,
448,448,Natrix Natrix,Biacco D'Acqua,Grass Snake,545209,ok,3.8,Arbusti – Vegetazione arbustiva di tipo mediterraneo,suitable,unknown,resident,0.0,3060.0,,
448,448,Natrix Natrix,Biacco D'Acqua,Grass Snake,545209,ok,14.3,Piantagioni,suitable,unknown,resident,0.0,3060.0,,
448,448,Natrix Natrix,Biacco D'Acqua,Grass Snake,545209,ok,5.3,Zone umide (interne) – Zone umide dominate da arbusti,suitable,unknown,resident,0.0,3060.0,,
449,449,Chenonetta Jubata,Anatra Arboricola Australiana,Maned Duck,253970179,ok,14.5,Aree urbane,suitable,no,resident,0.0,1800.0,,
449,449,Chenonetta Jubata,Anatra Arboricola Australiana,Maned Duck,253970179,ok,14.2,Pascoli,suitable,yes,resident,0.0,1800.0,,
449,449,Chenonetta Jubata,Anatra Arboricola Australiana,Maned Duck,253970179,ok,5.7,Zone umide (interne) – Paludi/stagni d'acqua dolce permanenti (inferiori a 8 ettari),suitable,no,resident,0.0,1800.0,,
449,449,Chenonetta Jubata,Anatra Arboricola Australiana,Maned Duck,253970179,ok,1.5,Foresta – Subtropicale/tropicale secca,suitable,no,resident,0.0,1800.0,,
449,449,Chenonetta Jubata,Anatra Arboricola Australiana,Maned Duck,253970179,ok,5.4,"Zone umide (interne) – Paludi, acquitrini, torbiere",suitable,no,resident,0.0,1800.0,,
449,449,Chenonetta Jubata,Anatra Arboricola Australiana,Maned Duck,253970179,ok,15.2,Stagni sotto gli 8 ettari,suitable,no,resident,0.0,1800.0,,
449,449,Chenonetta Jubata,Anatra Arboricola Australiana,Maned Duck,253970179,ok,14.1,Terreno arabile,suitable,yes,resident,0.0,1800.0,,
450,450,Vipera Aspis,Vipera Aspide,Asp Viper,260760059,ok,14.5,Aree urbane,marginal,unknown,resident,0.0,3300.0,,
450,450,Vipera Aspis,Vipera Aspide,Asp Viper,260760059,ok,5.4,"Zone umide (interne) – Paludi, acquitrini, torbiere",marginal,unknown,resident,0.0,3300.0,,
450,450,Vipera Aspis,Vipera Aspide,Asp Viper,260760059,ok,14.1,Terreno arabile,suitable,no,resident,0.0,3300.0,,
450,450,Vipera Aspis,Vipera Aspide,Asp Viper,260760059,ok,14.2,Pascoli,suitable,no,resident,0.0,3300.0,,
450,450,Vipera Aspis,Vipera Aspide,Asp Viper,260760059,ok,14.3,Piantagioni,suitable,no,resident,0.0,3300.0,,
450,450,Vipera Aspis,Vipera Aspide,Asp Viper,260760059,ok,14.4,Orti rurali,suitable,no,resident,0.0,3300.0,,
450,450,Vipera Aspis,Vipera Aspide,Asp Viper,260760059,ok,3.4,Arbusti – Temperati,suitable,no,resident,0.0,3300.0,,
450,450,Vipera Aspis,Vipera Aspide,Asp Viper,260760059,ok,1.4,Foresta – Temperata,suitable,no,resident,0.0,3300.0,,
450,450,Vipera Aspis,Vipera Aspide,Asp Viper,260760059,ok,6,Zone rocciose,suitable,no,resident,0.0,3300.0,,
451,451,Trichoglossus Haematodus,Lori Arcobaleno,Rainbow Lorikeet,132177469,ok,1.8,Foresta – Palude subtropicale/tropicale,suitable,no,resident,,700.0,,
451,451,Trichoglossus Haematodus,Lori Arcobaleno,Rainbow Lorikeet,132177469,ok,1.9,Foresta – Subtropicale/tropicale umida montana,suitable,no,resident,,700.0,,
451,451,Trichoglossus Haematodus,Lori Arcobaleno,Rainbow Lorikeet,132177469,ok,1.6,Foresta – Pianura umida subtropicale/tropicale,suitable,no,resident,,700.0,,
451,451,Trichoglossus Haematodus,Lori Arcobaleno,Rainbow Lorikeet,132177469,ok,3.5,Arbusti – Zona secca subtropicale/tropicale,suitable,no,resident,,700.0,,
451,451,Trichoglossus Haematodus,Lori Arcobaleno,Rainbow Lorikeet,132177469,ok,5.4,"Zone umide (interne) – Paludi, acquitrini, torbiere",suitable,no,resident,,700.0,,
451,451,Trichoglossus Haematodus,Lori Arcobaleno,Rainbow Lorikeet,132177469,ok,14.3,Piantagioni,suitable,no,resident,,700.0,,
451,451,Trichoglossus Haematodus,Lori Arcobaleno,Rainbow Lorikeet,132177469,ok,3.6,Arbusti – Subtropicale/tropicale umido,suitable,no,resident,,700.0,,
451,451,Trichoglossus Haematodus,Lori Arcobaleno,Rainbow Lorikeet,132177469,ok,1.7,Foresta – Vegetazione di mangrovie subtropicale/tropicale al di sopra del livello dell'alta marea,suitable,no,resident,,700.0,,
451,451,Trichoglossus Haematodus,Lori Arcobaleno,Rainbow Lorikeet,132177469,ok,14.5,Aree urbane,suitable,no,resident,,700.0,,
452,452,Bufotes Viridis,Rospo Smeraldino,European Green Toad,730332,ok,15.5,Scavi a cielo aperto,suitable,unknown,resident,,,,
452,452,Bufotes Viridis,Rospo Smeraldino,European Green Toad,730332,ok,15.7,"Terreni irrigati, compresi i canali di irrigazione",suitable,unknown,resident,,,,
452,452,Bufotes Viridis,Rospo Smeraldino,European Green Toad,730332,ok,3.8,Arbusti – Vegetazione arbustiva di tipo mediterraneo,suitable,unknown,resident,,,,
452,452,Bufotes Viridis,Rospo Smeraldino,European Green Toad,730332,ok,14.2,Pascoli,suitable,unknown,resident,,,,
452,452,Bufotes Viridis,Rospo Smeraldino,European Green Toad,730332,ok,15.2,Stagni sotto gli 8 ettari,suitable,unknown,resident,,,,
452,452,Bufotes Viridis,Rospo Smeraldino,European Green Toad,730332,ok,4.4,Prateria – Temperata,suitable,unknown,resident,,,,
452,452,Bufotes Viridis,Rospo Smeraldino,European Green Toad,730332,ok,14.5,Aree urbane,suitable,unknown,resident,,,,
452,452,Bufotes Viridis,Rospo Smeraldino,European Green Toad,730332,ok,14.4,Orti rurali,suitable,unknown,resident,,,,
452,452,Bufotes Viridis,Rospo Smeraldino,European Green Toad,730332,ok,5.1,Zone umide (interne) – Fiumi/torrenti/cascate permanenti,suitable,unknown,resident,,,,
452,452,Bufotes Viridis,Rospo Smeraldino,European Green Toad,730332,ok,5.4,"Zone umide (interne) – Paludi, acquitrini, torbiere",suitable,unknown,resident,,,,
452,452,Bufotes Viridis,Rospo Smeraldino,European Green Toad,730332,ok,3.4,Arbusti – Temperati,suitable,unknown,resident,,,,
452,452,Bufotes Viridis,Rospo Smeraldino,European Green Toad,730332,ok,5.7,Zone umide (interne) – Paludi/stagni d'acqua dolce permanenti (inferiori a 8 ettari),suitable,unknown,resident,,,,
452,452,Bufotes Viridis,Rospo Smeraldino,European Green Toad,730332,ok,5.8,Zone umide (interne) – Paludi/stagni d'acqua dolce stagionali/intermittenti (inferiori a 8 ettari),suitable,unknown,resident,,,,
452,452,Bufotes Viridis,Rospo Smeraldino,European Green Toad,730332,ok,5.9,Zone umide (interne) – Sorgenti di acqua dolce e oasi,suitable,unknown,resident,,,,
452,452,Bufotes Viridis,Rospo Smeraldino,European Green Toad,730332,ok,1.4,Foresta – Temperata,suitable,unknown,resident,,,,
452,452,Bufotes Viridis,Rospo Smeraldino,European Green Toad,730332,ok,15.9,Canali e fossi di drenaggio,suitable,unknown,resident,,,,
452,452,Bufotes Viridis,Rospo Smeraldino,European Green Toad,730332,ok,14.1,Terreno arabile,suitable,unknown,resident,,,,
453,453,Diceros Bicornis,Rinoceronte Nero,Black Rhinoceros,152728945,ok,2.1,Savana - Secca,suitable,yes,unknown,,,,
453,453,Diceros Bicornis,Rinoceronte Nero,Black Rhinoceros,152728945,ok,3.5,Arbusti – Zona secca subtropicale/tropicale,suitable,yes,unknown,,,,
453,453,Diceros Bicornis,Rinoceronte Nero,Black Rhinoceros,152728945,ok,8.3,Deserto – Freddo,suitable,yes,unknown,,,,
454,454,Pelophylax Lessonae,Rana Di Lessona,Pool Frog,207983513,ok,3.4,Arbusti – Temperati,suitable,yes,resident,0.0,1550.0,,
454,454,Pelophylax Lessonae,Rana Di Lessona,Pool Frog,207983513,ok,4.4,Prateria – Temperata,suitable,yes,resident,0.0,1550.0,,
454,454,Pelophylax Lessonae,Rana Di Lessona,Pool Frog,207983513,ok,1.4,Foresta – Temperata,suitable,yes,resident,0.0,1550.0,,
454,454,Pelophylax Lessonae,Rana Di Lessona,Pool Frog,207983513,ok,5.4,"Zone umide (interne) – Paludi, acquitrini, torbiere",suitable,yes,resident,0.0,1550.0,,
454,454,Pelophylax Lessonae,Rana Di Lessona,Pool Frog,207983513,ok,5.7,Zone umide (interne) – Paludi/stagni d'acqua dolce permanenti (inferiori a 8 ettari),suitable,yes,resident,0.0,1550.0,,
455,455,Rhinoceros Unicornis,Rinoceronte Indiano,Indian Rhinoceros,18494149,ok,5.7,Zone umide (interne) – Paludi/stagni d'acqua dolce permanenti (inferiori a 8 ettari),suitable,yes,unknown,0.0,415.0,,
455,455,Rhinoceros Unicornis,Rinoceronte Indiano,Indian Rhinoceros,18494149,ok,5.4,"Zone umide (interne) – Paludi, acquitrini, torbiere",suitable,yes,unknown,0.0,415.0,,
455,455,Rhinoceros Unicornis,Rinoceronte Indiano,Indian Rhinoceros,18494149,ok,1.5,Foresta – Subtropicale/tropicale secca,marginal,unknown,unknown,0.0,415.0,,
455,455,Rhinoceros Unicornis,Rinoceronte Indiano,Indian Rhinoceros,18494149,ok,5.8,Zone umide (interne) – Paludi/stagni d'acqua dolce stagionali/intermittenti (inferiori a 8 ettari),suitable,yes,unknown,0.0,415.0,,
455,455,Rhinoceros Unicornis,Rinoceronte Indiano,Indian Rhinoceros,18494149,ok,1.6,Foresta – Pianura umida subtropicale/tropicale,marginal,unknown,unknown,0.0,415.0,,
455,455,Rhinoceros Unicornis,Rinoceronte Indiano,Indian Rhinoceros,18494149,ok,4.6,Prateria – Subtropicale/tropicale stagionalmente umida/allagata,suitable,yes,unknown,0.0,415.0,,
456,456,Salamandra Salamandra,Salamandra Pezzata,Fire Salamander,219148292,ok,14.3,Piantagioni,marginal,unknown,resident,0.0,2500.0,,
456,456,Salamandra Salamandra,Salamandra Pezzata,Fire Salamander,219148292,ok,14.1,Terreno arabile,marginal,unknown,resident,0.0,2500.0,,
456,456,Salamandra Salamandra,Salamandra Pezzata,Fire Salamander,219148292,ok,14.2,Pascoli,marginal,unknown,resident,0.0,2500.0,,
456,456,Salamandra Salamandra,Salamandra Pezzata,Fire Salamander,219148292,ok,14.4,Orti rurali,marginal,unknown,resident,0.0,2500.0,,
456,456,Salamandra Salamandra,Salamandra Pezzata,Fire Salamander,219148292,ok,14.5,Aree urbane,marginal,unknown,resident,0.0,2500.0,,
456,456,Salamandra Salamandra,Salamandra Pezzata,Fire Salamander,219148292,ok,5.1,Zone umide (interne) – Fiumi/torrenti/cascate permanenti,suitable,unknown,resident,0.0,2500.0,,
456,456,Salamandra Salamandra,Salamandra Pezzata,Fire Salamander,219148292,ok,5.2,Zone umide (interne) – Fiumi/torrenti/canali stagionali/intermittenti/irregolari,marginal,unknown,resident,0.0,2500.0,,
456,456,Salamandra Salamandra,Salamandra Pezzata,Fire Salamander,219148292,ok,5.4,"Zone umide (interne) – Paludi, acquitrini, torbiere",marginal,unknown,resident,0.0,2500.0,,
456,456,Salamandra Salamandra,Salamandra Pezzata,Fire Salamander,219148292,ok,5.7,Zone umide (interne) – Paludi/stagni d'acqua dolce permanenti (inferiori a 8 ettari),marginal,unknown,resident,0.0,2500.0,,
456,456,Salamandra Salamandra,Salamandra Pezzata,Fire Salamander,219148292,ok,5.8,Zone umide (interne) – Paludi/stagni d'acqua dolce stagionali/intermittenti (inferiori a 8 ettari),marginal,unknown,resident,0.0,2500.0,,
456,456,Salamandra Salamandra,Salamandra Pezzata,Fire Salamander,219148292,ok,1.4,Foresta – Temperata,suitable,unknown,resident,0.0,2500.0,,
457,457,Triturus Cristatus,Tritone Crestato,Great Crested Newt,89706893,ok,5.1,Zone umide (interne) – Fiumi/torrenti/cascate permanenti,suitable,unknown,resident,0.0,1750.0,,
457,457,Triturus Cristatus,Tritone Crestato,Great Crested Newt,89706893,ok,14.4,Orti rurali,marginal,unknown,resident,0.0,1750.0,,
457,457,Triturus Cristatus,Tritone Crestato,Great Crested Newt,89706893,ok,14.5,Aree urbane,marginal,unknown,resident,0.0,1750.0,,
457,457,Triturus Cristatus,Tritone Crestato,Great Crested Newt,89706893,ok,5.4,"Zone umide (interne) – Paludi, acquitrini, torbiere",suitable,unknown,resident,0.0,1750.0,,
457,457,Triturus Cristatus,Tritone Crestato,Great Crested Newt,89706893,ok,5.7,Zone umide (interne) – Paludi/stagni d'acqua dolce permanenti (inferiori a 8 ettari),suitable,unknown,resident,0.0,1750.0,,
457,457,Triturus Cristatus,Tritone Crestato,Great Crested Newt,89706893,ok,5.5,Zone umide (interne) – Laghi permanenti di acqua dolce (oltre 8 ettari),marginal,unknown,resident,0.0,1750.0,,
457,457,Triturus Cristatus,Tritone Crestato,Great Crested Newt,89706893,ok,5.8,Zone umide (interne) – Paludi/stagni d'acqua dolce stagionali/intermittenti (inferiori a 8 ettari),suitable,unknown,resident,0.0,1750.0,,
457,457,Triturus Cristatus,Tritone Crestato,Great Crested Newt,89706893,ok,15.5,Scavi a cielo aperto,marginal,unknown,resident,0.0,1750.0,,
457,457,Triturus Cristatus,Tritone Crestato,Great Crested Newt,89706893,ok,14.2,Pascoli,marginal,unknown,resident,0.0,1750.0,,
457,457,Triturus Cristatus,Tritone Crestato,Great Crested Newt,89706893,ok,1.1,Foresta boreale,marginal,unknown,resident,0.0,1750.0,,
457,457,Triturus Cristatus,Tritone Crestato,Great Crested Newt,89706893,ok,16,Vegetazione introdotta,marginal,unknown,resident,0.0,1750.0,,
457,457,Triturus Cristatus,Tritone Crestato,Great Crested Newt,89706893,ok,15.2,Stagni sotto gli 8 ettari,suitable,unknown,resident,0.0,1750.0,,
457,457,Triturus Cristatus,Tritone Crestato,Great Crested Newt,89706893,ok,1.4,Foresta – Temperata,suitable,unknown,resident,0.0,1750.0,,
457,457,Triturus Cristatus,Tritone Crestato,Great Crested Newt,89706893,ok,15.1,Aree di stoccaggio dell'acqua oltre 8 ettari,marginal,unknown,resident,0.0,1750.0,,
457,457,Triturus Cristatus,Tritone Crestato,Great Crested Newt,89706893,ok,14.1,Terreno arabile,marginal,unknown,resident,0.0,1750.0,,
457,457,Triturus Cristatus,Tritone Crestato,Great Crested Newt,89706893,ok,15.7,"Terreni irrigati, compresi i canali di irrigazione",suitable,unknown,resident,0.0,1750.0,,
457,457,Triturus Cristatus,Tritone Crestato,Great Crested Newt,89706893,ok,15.9,Canali e fossi di drenaggio,suitable,unknown,resident,0.0,1750.0,,
458,458,Bubalus Bubalis,Bufalo D’Acqua,Water Buffalo,,assessment_not_found,,,unknown,unknown,unknown,,,,
459,459,Panthera Onca,Giaguaro,Jaguar,123791436,ok,1.7,Foresta – Vegetazione di mangrovie subtropicale/tropicale al di sopra del livello dell'alta marea,suitable,yes,unknown,0.0,3000.0,,
459,459,Panthera Onca,Giaguaro,Jaguar,123791436,ok,14.1,Terreno arabile,marginal,unknown,unknown,0.0,3000.0,,
459,459,Panthera Onca,Giaguaro,Jaguar,123791436,ok,14.6,Foresta subtropicale/tropicale fortemente degradata,marginal,unknown,unknown,0.0,3000.0,,
459,459,Panthera Onca,Giaguaro,Jaguar,123791436,ok,3.5,Arbusti – Zona secca subtropicale/tropicale,suitable,yes,unknown,0.0,3000.0,,
459,459,Panthera Onca,Giaguaro,Jaguar,123791436,ok,14.3,Piantagioni,suitable,no,unknown,0.0,3000.0,,
459,459,Panthera Onca,Giaguaro,Jaguar,123791436,ok,1.4,Foresta – Temperata,marginal,unknown,unknown,0.0,3000.0,,
459,459,Panthera Onca,Giaguaro,Jaguar,123791436,ok,3.6,Arbusti – Subtropicale/tropicale umido,suitable,yes,unknown,0.0,3000.0,,
459,459,Panthera Onca,Giaguaro,Jaguar,123791436,ok,5.8,Zone umide (interne) – Paludi/stagni d'acqua dolce stagionali/intermittenti (inferiori a 8 ettari),suitable,yes,unknown,0.0,3000.0,,
459,459,Panthera Onca,Giaguaro,Jaguar,123791436,ok,3.4,Arbusti – Temperati,marginal,unknown,unknown,0.0,3000.0,,
459,459,Panthera Onca,Giaguaro,Jaguar,123791436,ok,5.4,"Zone umide (interne) – Paludi, acquitrini, torbiere",suitable,yes,unknown,0.0,3000.0,,
459,459,Panthera Onca,Giaguaro,Jaguar,123791436,ok,2.2,Savana - Umida,suitable,yes,unknown,0.0,3000.0,,
459,459,Panthera Onca,Giaguaro,Jaguar,123791436,ok,5.3,Zone umide (interne) – Zone umide dominate da arbusti,suitable,yes,unknown,0.0,3000.0,,
459,459,Panthera Onca,Giaguaro,Jaguar,123791436,ok,3.8,Arbusti – Vegetazione arbustiva di tipo mediterraneo,marginal,unknown,unknown,0.0,3000.0,,
459,459,Panthera Onca,Giaguaro,Jaguar,123791436,ok,5.6,Zone umide (interne) – Laghi d'acqua dolce stagionali/intermittenti (oltre 8 ha),suitable,yes,unknown,0.0,3000.0,,
459,459,Panthera Onca,Giaguaro,Jaguar,123791436,ok,5.5,Zone umide (interne) – Laghi permanenti di acqua dolce (oltre 8 ettari),suitable,no,unknown,0.0,3000.0,,
459,459,Panthera Onca,Giaguaro,Jaguar,123791436,ok,2.1,Savana - Secca,marginal,unknown,unknown,0.0,3000.0,,
459,459,Panthera Onca,Giaguaro,Jaguar,123791436,ok,5.1,Zone umide (interne) – Fiumi/torrenti/cascate permanenti,suitable,yes,unknown,0.0,3000.0,,
459,459,Panthera Onca,Giaguaro,Jaguar,123791436,ok,3.7,Arbusti – Zone subtropicali/tropicali di alta quota,marginal,unknown,unknown,0.0,3000.0,,
459,459,Panthera Onca,Giaguaro,Jaguar,123791436,ok,5.2,Zone umide (interne) – Fiumi/torrenti/canali stagionali/intermittenti/irregolari,suitable,yes,unknown,0.0,3000.0,,
459,459,Panthera Onca,Giaguaro,Jaguar,123791436,ok,14.2,Pascoli,suitable,no,unknown,0.0,3000.0,,
459,459,Panthera Onca,Giaguaro,Jaguar,123791436,ok,4.5,Prateria – Subtropicale/tropicale arida,suitable,yes,unknown,0.0,3000.0,,
459,459,Panthera Onca,Giaguaro,Jaguar,123791436,ok,1.9,Foresta – Subtropicale/tropicale umida montana,suitable,yes,unknown,0.0,3000.0,,
459,459,Panthera Onca,Giaguaro,Jaguar,123791436,ok,5.7,Zone umide (interne) – Paludi/stagni d'acqua dolce permanenti (inferiori a 8 ettari),suitable,yes,unknown,0.0,3000.0,,
459,459,Panthera Onca,Giaguaro,Jaguar,123791436,ok,4.4,Prateria – Temperata,marginal,unknown,unknown,0.0,3000.0,,
459,459,Panthera Onca,Giaguaro,Jaguar,123791436,ok,1.5,Foresta – Subtropicale/tropicale secca,marginal,unknown,unknown,0.0,3000.0,,
459,459,Panthera Onca,Giaguaro,Jaguar,123791436,ok,1.6,Foresta – Pianura umida subtropicale/tropicale,suitable,yes,unknown,0.0,3000.0,,
459,459,Panthera Onca,Giaguaro,Jaguar,123791436,ok,4.6,Prateria – Subtropicale/tropicale stagionalmente umida/allagata,suitable,yes,unknown,0.0,3000.0,,
459,459,Panthera Onca,Giaguaro,Jaguar,123791436,ok,4.7,Prateria – Alta quota subtropicale/tropicale,marginal,unknown,unknown,0.0,3000.0,,
459,459,Panthera Onca,Giaguaro,Jaguar,123791436,ok,1.8,Foresta – Palude subtropicale/tropicale,suitable,yes,unknown,0.0,3000.0,,
460,460,Bradypus Variegatus,Bradipo Tridattilo,Brown-Throated Sloth,210442893,ok,1.7,Foresta – Vegetazione di mangrovie subtropicale/tropicale al di sopra del livello dell'alta marea,suitable,no,resident,0.0,2500.0,,
460,460,Bradypus Variegatus,Bradipo Tridattilo,Brown-Throated Sloth,210442893,ok,1.6,Foresta – Pianura umida subtropicale/tropicale,suitable,yes,resident,0.0,2500.0,,
460,460,Bradypus Variegatus,Bradipo Tridattilo,Brown-Throated Sloth,210442893,ok,14.3,Piantagioni,suitable,no,resident,0.0,2500.0,,
460,460,Bradypus Variegatus,Bradipo Tridattilo,Brown-Throated Sloth,210442893,ok,1.8,Foresta – Palude subtropicale/tropicale,suitable,no,resident,0.0,2500.0,,
460,460,Bradypus Variegatus,Bradipo Tridattilo,Brown-Throated Sloth,210442893,ok,1.9,Foresta – Subtropicale/tropicale umida montana,suitable,no,resident,0.0,2500.0,,
461,461,Lucanus Cervus,Cervo Volante,Stag Beetle,213072777,ok,14.5,Aree urbane,suitable,yes,resident,0.0,2000.0,,
461,461,Lucanus Cervus,Cervo Volante,Stag Beetle,213072777,ok,1.4,Foresta – Temperata,suitable,yes,resident,0.0,2000.0,,
461,461,Lucanus Cervus,Cervo Volante,Stag Beetle,213072777,ok,14.2,Pascoli,suitable,yes,resident,0.0,2000.0,,
461,461,Lucanus Cervus,Cervo Volante,Stag Beetle,213072777,ok,14.4,Orti rurali,suitable,no,resident,0.0,2000.0,,
462,462,Melolontha Melolontha,Maggiolino Comune,Common Cockchafer,,assessment_not_found,,,unknown,unknown,unknown,,,,
463,463,Lynx Lynx,Lince Eurasiatica,Eurasian Lynx,121707666,ok,1.4,Foresta – Temperata,suitable,yes,resident,0.0,5500.0,,
463,463,Lynx Lynx,Lince Eurasiatica,Eurasian Lynx,121707666,ok,1.1,Foresta boreale,suitable,yes,resident,0.0,5500.0,,
463,463,Lynx Lynx,Lince Eurasiatica,Eurasian Lynx,121707666,ok,3.4,Arbusti – Temperati,suitable,yes,resident,0.0,5500.0,,
463,463,Lynx Lynx,Lince Eurasiatica,Eurasian Lynx,121707666,ok,3.3,Arbusti – Boreale,suitable,yes,resident,0.0,5500.0,,
463,463,Lynx Lynx,Lince Eurasiatica,Eurasian Lynx,121707666,ok,1.5,Foresta – Subtropicale/tropicale secca,marginal,unknown,resident,0.0,5500.0,,
463,463,Lynx Lynx,Lince Eurasiatica,Eurasian Lynx,121707666,ok,8.3,Deserto – Freddo,suitable,unknown,resident,0.0,5500.0,,
463,463,Lynx Lynx,Lince Eurasiatica,Eurasian Lynx,121707666,ok,8.2,Deserto – Temperato,suitable,unknown,resident,0.0,5500.0,,
463,463,Lynx Lynx,Lince Eurasiatica,Eurasian Lynx,121707666,ok,6,Zone rocciose,suitable,unknown,resident,0.0,5500.0,,
463,463,Lynx Lynx,Lince Eurasiatica,Eurasian Lynx,121707666,ok,4.7,Prateria – Alta quota subtropicale/tropicale,suitable,unknown,resident,0.0,5500.0,,
463,463,Lynx Lynx,Lince Eurasiatica,Eurasian Lynx,121707666,ok,4.4,Prateria – Temperata,suitable,unknown,resident,0.0,5500.0,,
463,463,Lynx Lynx,Lince Eurasiatica,Eurasian Lynx,121707666,ok,3.5,Arbusti – Zona secca subtropicale/tropicale,suitable,unknown,resident,0.0,5500.0,,
464,464,Coccinella Septempunctata,Coccinella A Sette Punti,Seven-Spot Ladybird,,assessment_not_found,,,unknown,unknown,unknown,,,,
465,465,Gulo Gulo,Ghiottone,Wolverine,45198537,ok,6,Zone rocciose,suitable,yes,unknown,300.0,2400.0,,
465,465,Gulo Gulo,Ghiottone,Wolverine,45198537,ok,3.3,Arbusti – Boreale,suitable,yes,unknown,300.0,2400.0,,
465,465,Gulo Gulo,Ghiottone,Wolverine,45198537,ok,1.1,Foresta boreale,suitable,yes,unknown,300.0,2400.0,,
465,465,Gulo Gulo,Ghiottone,Wolverine,45198537,ok,4.1,Prateria – Tundra,suitable,yes,unknown,300.0,2400.0,,
465,465,Gulo Gulo,Ghiottone,Wolverine,45198537,ok,3.1,Arbusti – Subartico,suitable,yes,unknown,300.0,2400.0,,
465,465,Gulo Gulo,Ghiottone,Wolverine,45198537,ok,4.2,Prateria – Subartico,suitable,yes,unknown,300.0,2400.0,,
465,465,Gulo Gulo,Ghiottone,Wolverine,45198537,ok,1.2,Foresta - Subartico,suitable,yes,unknown,300.0,2400.0,,
466,466,Gryllotalpa Gryllotalpa,Grillotalpa Europea,European Mole Cricket,74521302,ok,5.4,"Zone umide (interne) – Paludi, acquitrini, torbiere",suitable,yes,resident,,,,
466,466,Gryllotalpa Gryllotalpa,Grillotalpa Europea,European Mole Cricket,74521302,ok,14.4,Orti rurali,suitable,no,resident,,,,
466,466,Gryllotalpa Gryllotalpa,Grillotalpa Europea,European Mole Cricket,74521302,ok,14.1,Terreno arabile,suitable,no,resident,,,,
467,467,Bison Bonasus,Bisonte Europeo,European Bison,45156279,ok,3.4,Arbusti – Temperati,marginal,unknown,unknown,0.0,2100.0,,
467,467,Bison Bonasus,Bisonte Europeo,European Bison,45156279,ok,4.4,Prateria – Temperata,suitable,unknown,unknown,0.0,2100.0,,
467,467,Bison Bonasus,Bisonte Europeo,European Bison,45156279,ok,18,Sconosciuto,unknown,unknown,unknown,0.0,2100.0,,
467,467,Bison Bonasus,Bisonte Europeo,European Bison,45156279,ok,1.1,Foresta boreale,suitable,unknown,unknown,0.0,2100.0,,
467,467,Bison Bonasus,Bisonte Europeo,European Bison,45156279,ok,4.1,Prateria – Tundra,marginal,unknown,unknown,0.0,2100.0,,
467,467,Bison Bonasus,Bisonte Europeo,European Bison,45156279,ok,14.2,Pascoli,suitable,unknown,unknown,0.0,2100.0,,
467,467,Bison Bonasus,Bisonte Europeo,European Bison,45156279,ok,1.4,Foresta – Temperata,suitable,unknown,unknown,0.0,2100.0,,
467,467,Bison Bonasus,Bisonte Europeo,European Bison,45156279,ok,14.1,Terreno arabile,marginal,unknown,unknown,0.0,2100.0,,
467,467,Bison Bonasus,Bisonte Europeo,European Bison,45156279,ok,3.3,Arbusti – Boreale,marginal,unknown,unknown,0.0,2100.0,,
468,468,Mantidactylus Grandidieri,Rana Di Grandidier,Grandidier'S Madagascar Frog,84171816,ok,1.6,Foresta – Pianura umida subtropicale/tropicale,suitable,unknown,resident,0.0,1500.0,,
468,468,Mantidactylus Grandidieri,Rana Di Grandidier,Grandidier'S Madagascar Frog,84171816,ok,1.9,Foresta – Subtropicale/tropicale umida montana,suitable,unknown,resident,0.0,1500.0,,
468,468,Mantidactylus Grandidieri,Rana Di Grandidier,Grandidier'S Madagascar Frog,84171816,ok,14.6,Foresta subtropicale/tropicale fortemente degradata,marginal,unknown,resident,0.0,1500.0,,
469,469,Tachyglossidae,Echidna,Echidna,,invalid_scientific_name,,,unknown,unknown,unknown,,,,
470,470,Libellula Depressa,Libellula Panciapiatta,Broad-Bodied Chaser,19167508,ok,5.11,Zone umide (interne) – Zone umide alpine,marginal,unknown,unknown,,,,
470,470,Libellula Depressa,Libellula Panciapiatta,Broad-Bodied Chaser,19167508,ok,5.9,Zone umide (interne) – Sorgenti di acqua dolce e oasi,marginal,unknown,unknown,,,,
470,470,Libellula Depressa,Libellula Panciapiatta,Broad-Bodied Chaser,19167508,ok,5.8,Zone umide (interne) – Paludi/stagni d'acqua dolce stagionali/intermittenti (inferiori a 8 ettari),suitable,no,unknown,,,,
470,470,Libellula Depressa,Libellula Panciapiatta,Broad-Bodied Chaser,19167508,ok,5.7,Zone umide (interne) – Paludi/stagni d'acqua dolce permanenti (inferiori a 8 ettari),suitable,no,unknown,,,,
470,470,Libellula Depressa,Libellula Panciapiatta,Broad-Bodied Chaser,19167508,ok,13.4,Lagune costiere salmastre/saline/laghi marini,marginal,unknown,unknown,,,,
470,470,Libellula Depressa,Libellula Panciapiatta,Broad-Bodied Chaser,19167508,ok,15.1,Aree di stoccaggio dell'acqua oltre 8 ettari,suitable,no,unknown,,,,
470,470,Libellula Depressa,Libellula Panciapiatta,Broad-Bodied Chaser,19167508,ok,15.2,Stagni sotto gli 8 ettari,suitable,no,unknown,,,,
470,470,Libellula Depressa,Libellula Panciapiatta,Broad-Bodied Chaser,19167508,ok,15.3,Stagni per l'acquacoltura,marginal,unknown,unknown,,,,
470,470,Libellula Depressa,Libellula Panciapiatta,Broad-Bodied Chaser,19167508,ok,15.5,Scavi a cielo aperto,suitable,no,unknown,,,,
470,470,Libellula Depressa,Libellula Panciapiatta,Broad-Bodied Chaser,19167508,ok,15.6,Aree di trattamento delle acque reflue,marginal,unknown,unknown,,,,
470,470,Libellula Depressa,Libellula Panciapiatta,Broad-Bodied Chaser,19167508,ok,15.9,Canali e fossi di drenaggio,suitable,unknown,unknown,,,,
470,470,Libellula Depressa,Libellula Panciapiatta,Broad-Bodied Chaser,19167508,ok,5.1,Zone umide (interne) – Fiumi/torrenti/cascate permanenti,suitable,no,unknown,,,,
470,470,Libellula Depressa,Libellula Panciapiatta,Broad-Bodied Chaser,19167508,ok,5.2,Zone umide (interne) – Fiumi/torrenti/canali stagionali/intermittenti/irregolari,suitable,no,unknown,,,,
470,470,Libellula Depressa,Libellula Panciapiatta,Broad-Bodied Chaser,19167508,ok,5.3,Zone umide (interne) – Zone umide dominate da arbusti,marginal,unknown,unknown,,,,
470,470,Libellula Depressa,Libellula Panciapiatta,Broad-Bodied Chaser,19167508,ok,5.4,"Zone umide (interne) – Paludi, acquitrini, torbiere",suitable,no,unknown,,,,
470,470,Libellula Depressa,Libellula Panciapiatta,Broad-Bodied Chaser,19167508,ok,5.5,Zone umide (interne) – Laghi permanenti di acqua dolce (oltre 8 ettari),suitable,no,unknown,,,,
470,470,Libellula Depressa,Libellula Panciapiatta,Broad-Bodied Chaser,19167508,ok,5.6,Zone umide (interne) – Laghi d'acqua dolce stagionali/intermittenti (oltre 8 ha),suitable,no,unknown,,,,
471,471,Ovis Dalli,Pecora Di Dall,Dall Sheep,22149895,ok,3.4,Arbusti – Temperati,suitable,yes,unknown,,,,
471,471,Ovis Dalli,Pecora Di Dall,Dall Sheep,22149895,ok,6,Zone rocciose,suitable,yes,unknown,,,,
471,471,Ovis Dalli,Pecora Di Dall,Dall Sheep,22149895,ok,4.4,Prateria – Temperata,suitable,yes,unknown,,,,
472,472,Eristalis Tenax,Mosca Drone,Drone Fly,151663293,ok,17,Altri,suitable,yes,resident,,,,
472,472,Eristalis Tenax,Mosca Drone,Drone Fly,151663293,ok,15.2,Stagni sotto gli 8 ettari,suitable,yes,resident,,,,
472,472,Eristalis Tenax,Mosca Drone,Drone Fly,151663293,ok,15.6,Aree di trattamento delle acque reflue,suitable,yes,resident,,,,
472,472,Eristalis Tenax,Mosca Drone,Drone Fly,151663293,ok,5.3,Zone umide (interne) – Zone umide dominate da arbusti,suitable,yes,resident,,,,
472,472,Eristalis Tenax,Mosca Drone,Drone Fly,151663293,ok,5.4,"Zone umide (interne) – Paludi, acquitrini, torbiere",suitable,yes,resident,,,,
472,472,Eristalis Tenax,Mosca Drone,Drone Fly,151663293,ok,4.2,Prateria – Subartico,suitable,yes,resident,,,,
472,472,Eristalis Tenax,Mosca Drone,Drone Fly,151663293,ok,4.4,Prateria – Temperata,suitable,yes,resident,,,,
472,472,Eristalis Tenax,Mosca Drone,Drone Fly,151663293,ok,15.7,"Terreni irrigati, compresi i canali di irrigazione",suitable,yes,resident,,,,
472,472,Eristalis Tenax,Mosca Drone,Drone Fly,151663293,ok,15.8,Terreni agricoli soggetti a inondazioni stagionali,suitable,yes,resident,,,,
472,472,Eristalis Tenax,Mosca Drone,Drone Fly,151663293,ok,14.2,Pascoli,suitable,yes,resident,,,,
472,472,Eristalis Tenax,Mosca Drone,Drone Fly,151663293,ok,14.3,Piantagioni,suitable,yes,resident,,,,
472,472,Eristalis Tenax,Mosca Drone,Drone Fly,151663293,ok,14.4,Orti rurali,suitable,yes,resident,,,,
472,472,Eristalis Tenax,Mosca Drone,Drone Fly,151663293,ok,14.5,Aree urbane,suitable,yes,resident,,,,
472,472,Eristalis Tenax,Mosca Drone,Drone Fly,151663293,ok,15.1,Aree di stoccaggio dell'acqua oltre 8 ettari,suitable,yes,resident,,,,
472,472,Eristalis Tenax,Mosca Drone,Drone Fly,151663293,ok,4.5,Prateria – Subtropicale/tropicale arida,suitable,yes,resident,,,,
472,472,Eristalis Tenax,Mosca Drone,Drone Fly,151663293,ok,5.2,Zone umide (interne) – Fiumi/torrenti/canali stagionali/intermittenti/irregolari,suitable,yes,resident,,,,
473,473,Araneus Diadematus,Ragno Crociato,European Garden Spider,,assessment_not_found,,,unknown,unknown,unknown,,,,
474,474,Nasalis Larvatus,Nasico,Proboscis Monkey,195372486,ok,1.6,Foresta – Pianura umida subtropicale/tropicale,suitable,yes,unknown,0.0,350.0,,
474,474,Nasalis Larvatus,Nasico,Proboscis Monkey,195372486,ok,1.7,Foresta – Vegetazione di mangrovie subtropicale/tropicale al di sopra del livello dell'alta marea,suitable,yes,unknown,0.0,350.0,,
474,474,Nasalis Larvatus,Nasico,Proboscis Monkey,195372486,ok,1.8,Foresta – Palude subtropicale/tropicale,suitable,yes,unknown,0.0,350.0,,
475,475,Misumena Vatia,Ragno Granchio Dei Fiori,Goldenrod Crab Spider,,assessment_not_found,,,unknown,unknown,unknown,,,,
476,476,Pongo Pygmaeus,Orango Del Borneo,Bornean Orangutan,259043172,ok,1.6,Foresta – Pianura umida subtropicale/tropicale,suitable,yes,resident,0.0,500.0,,
477,477,Tegenaria Domestica,Tegenaria Domestica,Domestic House Spider,,assessment_not_found,,,unknown,unknown,unknown,,,,
478,478,Buceros Rhinoceros,Rinoceronte Hornbill,Rhinoceros Hornbill,184960407,ok,1.9,Foresta – Subtropicale/tropicale umida montana,marginal,unknown,resident,,1750.0,,
478,478,Buceros Rhinoceros,Rinoceronte Hornbill,Rhinoceros Hornbill,184960407,ok,1.6,Foresta – Pianura umida subtropicale/tropicale,suitable,yes,resident,,1750.0,,
479,479,Euscorpius Italicus,Scorpione Italiano,Italian Scorpion,,assessment_not_found,,,unknown,unknown,unknown,,,,
480,480,Pteronura Brasiliensis,Lontra Gigante,Giant Otter,244867206,ok,15,Artificiale - Acquatico,unknown,unknown,unknown,0.0,1000.0,0.0,0.0
480,480,Pteronura Brasiliensis,Lontra Gigante,Giant Otter,244867206,ok,5.2,Zone umide (interne) – Fiumi/torrenti/canali stagionali/intermittenti/irregolari,marginal,unknown,unknown,0.0,1000.0,0.0,0.0
480,480,Pteronura Brasiliensis,Lontra Gigante,Giant Otter,244867206,ok,5.6,Zone umide (interne) – Laghi d'acqua dolce stagionali/intermittenti (oltre 8 ha),marginal,unknown,unknown,0.0,1000.0,0.0,0.0
480,480,Pteronura Brasiliensis,Lontra Gigante,Giant Otter,244867206,ok,5.7,Zone umide (interne) – Paludi/stagni d'acqua dolce permanenti (inferiori a 8 ettari),marginal,unknown,unknown,0.0,1000.0,0.0,0.0
480,480,Pteronura Brasiliensis,Lontra Gigante,Giant Otter,244867206,ok,5.8,Zone umide (interne) – Paludi/stagni d'acqua dolce stagionali/intermittenti (inferiori a 8 ettari),marginal,unknown,unknown,0.0,1000.0,0.0,0.0
480,480,Pteronura Brasiliensis,Lontra Gigante,Giant Otter,244867206,ok,5.5,Zone umide (interne) – Laghi permanenti di acqua dolce (oltre 8 ettari),suitable,yes,resident,0.0,1000.0,0.0,0.0
480,480,Pteronura Brasiliensis,Lontra Gigante,Giant Otter,244867206,ok,5.9,Zone umide (interne) – Sorgenti di acqua dolce e oasi,unknown,unknown,unknown,0.0,1000.0,0.0,0.0
480,480,Pteronura Brasiliensis,Lontra Gigante,Giant Otter,244867206,ok,9.10,Estuari,unknown,unknown,unknown,0.0,1000.0,0.0,0.0
480,480,Pteronura Brasiliensis,Lontra Gigante,Giant Otter,244867206,ok,13.5,Laghi costieri di acqua dolce,suitable,no,resident,0.0,1000.0,0.0,0.0
480,480,Pteronura Brasiliensis,Lontra Gigante,Giant Otter,244867206,ok,1.7,Foresta – Vegetazione di mangrovie subtropicale/tropicale al di sopra del livello dell'alta marea,suitable,no,resident,0.0,1000.0,0.0,0.0
480,480,Pteronura Brasiliensis,Lontra Gigante,Giant Otter,244867206,ok,5.1,Zone umide (interne) – Fiumi/torrenti/cascate permanenti,suitable,yes,resident,0.0,1000.0,0.0,0.0
480,480,Pteronura Brasiliensis,Lontra Gigante,Giant Otter,244867206,ok,5.3,Zone umide (interne) – Zone umide dominate da arbusti,suitable,yes,resident,0.0,1000.0,0.0,0.0
480,480,Pteronura Brasiliensis,Lontra Gigante,Giant Otter,244867206,ok,5.4,"Zone umide (interne) – Paludi, acquitrini, torbiere",suitable,yes,resident,0.0,1000.0,0.0,0.0
481,481,Tapirus Terrestris,Tapiro Sudamericano,South American Tapir,45174127,ok,1.6,Foresta – Pianura umida subtropicale/tropicale,suitable,unknown,unknown,,,,
481,481,Tapirus Terrestris,Tapiro Sudamericano,South American Tapir,45174127,ok,1.5,Foresta – Subtropicale/tropicale secca,marginal,unknown,unknown,,,,
481,481,Tapirus Terrestris,Tapiro Sudamericano,South American Tapir,45174127,ok,2.2,Savana - Umida,suitable,unknown,unknown,,,,
481,481,Tapirus Terrestris,Tapiro Sudamericano,South American Tapir,45174127,ok,4.5,Prateria – Subtropicale/tropicale arida,suitable,unknown,unknown,,,,
481,481,Tapirus Terrestris,Tapiro Sudamericano,South American Tapir,45174127,ok,5.1,Zone umide (interne) – Fiumi/torrenti/cascate permanenti,suitable,unknown,unknown,,,,
481,481,Tapirus Terrestris,Tapiro Sudamericano,South American Tapir,45174127,ok,2.1,Savana - Secca,marginal,unknown,unknown,,,,
481,481,Tapirus Terrestris,Tapiro Sudamericano,South American Tapir,45174127,ok,5.3,Zone umide (interne) – Zone umide dominate da arbusti,suitable,unknown,unknown,,,,
481,481,Tapirus Terrestris,Tapiro Sudamericano,South American Tapir,45174127,ok,1.8,Foresta – Palude subtropicale/tropicale,suitable,unknown,unknown,,,,
481,481,Tapirus Terrestris,Tapiro Sudamericano,South American Tapir,45174127,ok,3.6,Arbusti – Subtropicale/tropicale umido,suitable,unknown,unknown,,,,
481,481,Tapirus Terrestris,Tapiro Sudamericano,South American Tapir,45174127,ok,5.2,Zone umide (interne) – Fiumi/torrenti/canali stagionali/intermittenti/irregolari,suitable,unknown,unknown,,,,
481,481,Tapirus Terrestris,Tapiro Sudamericano,South American Tapir,45174127,ok,4.6,Prateria – Subtropicale/tropicale stagionalmente umida/allagata,suitable,unknown,unknown,,,,
481,481,Tapirus Terrestris,Tapiro Sudamericano,South American Tapir,45174127,ok,5.4,"Zone umide (interne) – Paludi, acquitrini, torbiere",suitable,unknown,unknown,,,,
481,481,Tapirus Terrestris,Tapiro Sudamericano,South American Tapir,45174127,ok,3.5,Arbusti – Zona secca subtropicale/tropicale,suitable,unknown,unknown,,,,
482,482,Cornu Aspersum,Chiocciola Comune,Garden Snail,5012868,ok,3.4,Arbusti – Temperati,suitable,yes,unknown,,,,
482,482,Cornu Aspersum,Chiocciola Comune,Garden Snail,5012868,ok,3.8,Arbusti – Vegetazione arbustiva di tipo mediterraneo,suitable,yes,unknown,,,,
482,482,Cornu Aspersum,Chiocciola Comune,Garden Snail,5012868,ok,14.4,Orti rurali,suitable,yes,unknown,,,,
482,482,Cornu Aspersum,Chiocciola Comune,Garden Snail,5012868,ok,4.4,Prateria – Temperata,suitable,yes,unknown,,,,
482,482,Cornu Aspersum,Chiocciola Comune,Garden Snail,5012868,ok,13.3,Dune sabbiose costiere,suitable,yes,unknown,,,,
483,483,Chelonoidis Niger,Tartaruga Gigante Delle Galápagos,Galápagos Giant Tortoise,3149101,ok,1.5,Foresta – Subtropicale/tropicale secca,suitable,unknown,unknown,,,,
483,483,Chelonoidis Niger,Tartaruga Gigante Delle Galápagos,Galápagos Giant Tortoise,3149101,ok,3.5,Arbusti – Zona secca subtropicale/tropicale,suitable,unknown,unknown,,,,
484,484,Arion Vulgaris,Limaccia Spagnola,Spanish Slug,85580914,ok,14.5,Aree urbane,suitable,unknown,unknown,0.0,1700.0,,
484,484,Arion Vulgaris,Limaccia Spagnola,Spanish Slug,85580914,ok,14.4,Orti rurali,suitable,unknown,unknown,0.0,1700.0,,
484,484,Arion Vulgaris,Limaccia Spagnola,Spanish Slug,85580914,ok,14.3,Piantagioni,suitable,unknown,unknown,0.0,1700.0,,
484,484,Arion Vulgaris,Limaccia Spagnola,Spanish Slug,85580914,ok,14.2,Pascoli,suitable,unknown,unknown,0.0,1700.0,,
484,484,Arion Vulgaris,Limaccia Spagnola,Spanish Slug,85580914,ok,14.1,Terreno arabile,suitable,unknown,unknown,0.0,1700.0,,
485,485,Amblyrhynchus Cristatus,Iguana Marina Delle Galápagos,Marine Iguana,177552193,ok,12.3,Coste e/o spiagge di ciottoli e/o ghiaia,marginal,unknown,resident,0.0,400.0,30.0,0.0
485,485,Amblyrhynchus Cristatus,Iguana Marina Delle Galápagos,Marine Iguana,177552193,ok,12.4,Coste fangose e piane fangose intertidali,marginal,unknown,resident,0.0,400.0,30.0,0.0
485,485,Amblyrhynchus Cristatus,Iguana Marina Delle Galápagos,Marine Iguana,177552193,ok,3.5,Arbusti – Zona secca subtropicale/tropicale,suitable,yes,breeding,0.0,400.0,30.0,0.0
485,485,Amblyrhynchus Cristatus,Iguana Marina Delle Galápagos,Marine Iguana,177552193,ok,9.2,Neritica marina – Rocce e scogliere rocciose subtidali,suitable,yes,resident,0.0,400.0,30.0,0.0
485,485,Amblyrhynchus Cristatus,Iguana Marina Delle Galápagos,Marine Iguana,177552193,ok,12.1,Costa rocciosa,suitable,yes,resident,0.0,400.0,30.0,0.0
485,485,Amblyrhynchus Cristatus,Iguana Marina Delle Galápagos,Marine Iguana,177552193,ok,12.2,"Coste sabbiose e/o spiagge, banchi di sabbia, lingue di sabbia",suitable,yes,breeding,0.0,400.0,30.0,0.0
486,486,Ostrea Edulis,Ostrica Piatta Europea,European Flat Oyster,,assessment_not_found,,,unknown,unknown,unknown,,,,
487,487,Sula Nebouxii,Sula Piediazzurri,Blue-Footed Booby,168988087,ok,13.1,Scogliere marine e isole rocciose al largo della costa,suitable,no,breeding,0.0,100.0,0.0,20.0
487,487,Sula Nebouxii,Sula Piediazzurri,Blue-Footed Booby,168988087,ok,10.2,Mesopelagico (200–1.000 m),suitable,yes,resident,0.0,100.0,0.0,20.0
487,487,Sula Nebouxii,Sula Piediazzurri,Blue-Footed Booby,168988087,ok,10.1,Epipelagico (0–200 m),suitable,yes,resident,0.0,100.0,0.0,20.0
487,487,Sula Nebouxii,Sula Piediazzurri,Blue-Footed Booby,168988087,ok,9.9,Erba marina sommersa,suitable,yes,resident,0.0,100.0,0.0,20.0
487,487,Sula Nebouxii,Sula Piediazzurri,Blue-Footed Booby,168988087,ok,9.7,Neritico marino – Macroalghe/alghe,suitable,yes,resident,0.0,100.0,0.0,20.0
487,487,Sula Nebouxii,Sula Piediazzurri,Blue-Footed Booby,168988087,ok,9.5,Neritico marino – Fango sabbioso subtidale,suitable,yes,resident,0.0,100.0,0.0,20.0
487,487,Sula Nebouxii,Sula Piediazzurri,Blue-Footed Booby,168988087,ok,9.4,Neritico marino – Sabbioso subtidale,suitable,yes,resident,0.0,100.0,0.0,20.0
487,487,Sula Nebouxii,Sula Piediazzurri,Blue-Footed Booby,168988087,ok,9.3,Neritico marino – Roccia/ciottoli/ghiaia sciolti subtidali,suitable,yes,resident,0.0,100.0,0.0,20.0
487,487,Sula Nebouxii,Sula Piediazzurri,Blue-Footed Booby,168988087,ok,9.2,Neritica marina – Rocce e scogliere rocciose subtidali,suitable,yes,resident,0.0,100.0,0.0,20.0
487,487,Sula Nebouxii,Sula Piediazzurri,Blue-Footed Booby,168988087,ok,9.1,Neritico marino – Pelagico,suitable,yes,resident,0.0,100.0,0.0,20.0
488,488,Mytilus Edulis,Cozza Comune,Blue Mussel,,assessment_not_found,,,unknown,unknown,unknown,,,,
489,489,Zalophus Wollebaeki,Leone Marino Delle Galápagos,Galápagos Sea Lion,45230540,ok,13.1,Scogliere marine e isole rocciose al largo della costa,suitable,yes,resident,0.0,5.0,0.0,584.0
489,489,Zalophus Wollebaeki,Leone Marino Delle Galápagos,Galápagos Sea Lion,45230540,ok,10.1,Epipelagico (0–200 m),suitable,yes,resident,0.0,5.0,0.0,584.0
489,489,Zalophus Wollebaeki,Leone Marino Delle Galápagos,Galápagos Sea Lion,45230540,ok,9.1,Neritico marino – Pelagico,suitable,yes,resident,0.0,5.0,0.0,584.0
489,489,Zalophus Wollebaeki,Leone Marino Delle Galápagos,Galápagos Sea Lion,45230540,ok,12.1,Costa rocciosa,suitable,yes,resident,0.0,5.0,0.0,584.0
489,489,Zalophus Wollebaeki,Leone Marino Delle Galápagos,Galápagos Sea Lion,45230540,ok,10.2,Mesopelagico (200–1.000 m),suitable,no,resident,0.0,5.0,0.0,584.0
490,490,Palaemon Serratus,Gamberetto Comune,Common Prawn,,assessment_not_found,,,unknown,unknown,unknown,,,,
491,491,Fregata Magnificens,Fregata Magnifica,Magnificent Frigatebird,168982712,ok,1.7,Foresta – Vegetazione di mangrovie subtropicale/tropicale al di sopra del livello dell'alta marea,suitable,yes,breeding,,,,
491,491,Fregata Magnificens,Fregata Magnifica,Magnificent Frigatebird,168982712,ok,10.2,Mesopelagico (200–1.000 m),suitable,yes,resident,,,,
491,491,Fregata Magnificens,Fregata Magnifica,Magnificent Frigatebird,168982712,ok,10.1,Epipelagico (0–200 m),suitable,yes,resident,,,,
491,491,Fregata Magnificens,Fregata Magnifica,Magnificent Frigatebird,168982712,ok,9.9,Erba marina sommersa,suitable,yes,resident,,,,
491,491,Fregata Magnificens,Fregata Magnifica,Magnificent Frigatebird,168982712,ok,9.7,Neritico marino – Macroalghe/alghe,suitable,yes,resident,,,,
491,491,Fregata Magnificens,Fregata Magnifica,Magnificent Frigatebird,168982712,ok,9.5,Neritico marino – Fango sabbioso subtidale,suitable,yes,resident,,,,
491,491,Fregata Magnificens,Fregata Magnifica,Magnificent Frigatebird,168982712,ok,9.4,Neritico marino – Sabbioso subtidale,suitable,yes,resident,,,,
491,491,Fregata Magnificens,Fregata Magnifica,Magnificent Frigatebird,168982712,ok,9.3,Neritico marino – Roccia/ciottoli/ghiaia sciolti subtidali,suitable,yes,resident,,,,
491,491,Fregata Magnificens,Fregata Magnifica,Magnificent Frigatebird,168982712,ok,9.2,Neritica marina – Rocce e scogliere rocciose subtidali,suitable,yes,resident,,,,
491,491,Fregata Magnificens,Fregata Magnifica,Magnificent Frigatebird,168982712,ok,9.1,Neritico marino – Pelagico,suitable,yes,resident,,,,
492,492,Carcinus Maenas,Granchio Verde Europeo,European Green Crab,,assessment_not_found,,,unknown,unknown,unknown,,,,
493,493,Bison Bison,Bisonte Americano,American Bison,123789863,ok,3.5,Arbusti – Zona secca subtropicale/tropicale,marginal,unknown,unknown,180.0,2750.0,,
493,493,Bison Bison,Bisonte Americano,American Bison,123789863,ok,15.9,Canali e fossi di drenaggio,unknown,unknown,unknown,180.0,2750.0,,
493,493,Bison Bison,Bisonte Americano,American Bison,123789863,ok,14.2,Pascoli,suitable,unknown,unknown,180.0,2750.0,,
493,493,Bison Bison,Bisonte Americano,American Bison,123789863,ok,2.1,Savana - Secca,suitable,unknown,unknown,180.0,2750.0,,
493,493,Bison Bison,Bisonte Americano,American Bison,123789863,ok,8.2,Deserto – Temperato,marginal,unknown,unknown,180.0,2750.0,,
493,493,Bison Bison,Bisonte Americano,American Bison,123789863,ok,8.3,Deserto – Freddo,marginal,unknown,unknown,180.0,2750.0,,
493,493,Bison Bison,Bisonte Americano,American Bison,123789863,ok,5.13,Zone umide (interne) – Delta interni permanenti,suitable,unknown,unknown,180.0,2750.0,,
493,493,Bison Bison,Bisonte Americano,American Bison,123789863,ok,4.2,Prateria – Subartico,suitable,unknown,unknown,180.0,2750.0,,
493,493,Bison Bison,Bisonte Americano,American Bison,123789863,ok,5.12,Zone umide (interne) – Zone umide geotermiche,suitable,unknown,unknown,180.0,2750.0,,
493,493,Bison Bison,Bisonte Americano,American Bison,123789863,ok,4.4,Prateria – Temperata,suitable,unknown,unknown,180.0,2750.0,,
493,493,Bison Bison,Bisonte Americano,American Bison,123789863,ok,1.4,Foresta – Temperata,marginal,unknown,unknown,180.0,2750.0,,
493,493,Bison Bison,Bisonte Americano,American Bison,123789863,ok,2.2,Savana - Umida,suitable,unknown,unknown,180.0,2750.0,,
493,493,Bison Bison,Bisonte Americano,American Bison,123789863,ok,4.5,Prateria – Subtropicale/tropicale arida,unknown,unknown,unknown,180.0,2750.0,,
493,493,Bison Bison,Bisonte Americano,American Bison,123789863,ok,3.1,Arbusti – Subartico,marginal,unknown,unknown,180.0,2750.0,,
493,493,Bison Bison,Bisonte Americano,American Bison,123789863,ok,3.8,Arbusti – Vegetazione arbustiva di tipo mediterraneo,unknown,unknown,unknown,180.0,2750.0,,
493,493,Bison Bison,Bisonte Americano,American Bison,123789863,ok,15.7,"Terreni irrigati, compresi i canali di irrigazione",unknown,unknown,unknown,180.0,2750.0,,
493,493,Bison Bison,Bisonte Americano,American Bison,123789863,ok,14.1,Terreno arabile,suitable,unknown,unknown,180.0,2750.0,,
493,493,Bison Bison,Bisonte Americano,American Bison,123789863,ok,1.5,Foresta – Subtropicale/tropicale secca,unknown,unknown,unknown,180.0,2750.0,,
493,493,Bison Bison,Bisonte Americano,American Bison,123789863,ok,5.15,"Zone umide (interne) – Laghi e piane salmastre, saline o alcaline stagionali/intermittenti",marginal,unknown,unknown,180.0,2750.0,,
493,493,Bison Bison,Bisonte Americano,American Bison,123789863,ok,3.4,Arbusti – Temperati,marginal,unknown,unknown,180.0,2750.0,,
493,493,Bison Bison,Bisonte Americano,American Bison,123789863,ok,4.1,Prateria – Tundra,suitable,unknown,unknown,180.0,2750.0,,
493,493,Bison Bison,Bisonte Americano,American Bison,123789863,ok,5.3,Zone umide (interne) – Zone umide dominate da arbusti,suitable,unknown,unknown,180.0,2750.0,,
493,493,Bison Bison,Bisonte Americano,American Bison,123789863,ok,15.8,Terreni agricoli soggetti a inondazioni stagionali,unknown,unknown,unknown,180.0,2750.0,,
493,493,Bison Bison,Bisonte Americano,American Bison,123789863,ok,4.6,Prateria – Subtropicale/tropicale stagionalmente umida/allagata,unknown,unknown,unknown,180.0,2750.0,,
493,493,Bison Bison,Bisonte Americano,American Bison,123789863,ok,3.3,Arbusti – Boreale,marginal,unknown,unknown,180.0,2750.0,,
493,493,Bison Bison,Bisonte Americano,American Bison,123789863,ok,1.1,Foresta boreale,marginal,unknown,unknown,180.0,2750.0,,
494,494,Crangon Crangon,Gamberetto Comune,Brown Shrimp,,assessment_not_found,,,unknown,unknown,unknown,,,,
495,495,Actinia Tenebrosa,Anemone Waratah,Waratah Anemone,,assessment_not_found,,,unknown,unknown,unknown,,,,
496,496,Alces Americanus,Alce Americano,Moose,,assessment_not_found,,,unknown,unknown,unknown,,,,
497,497,Paracentrotus Lividus,Riccio Di Mare Viola,Purple Sea Urchin,,assessment_not_found,,,unknown,unknown,unknown,,,,
498,498,Antilocapra Americana,Antilocapra,Pronghorn,115056938,ok,8.2,Deserto – Temperato,suitable,no,resident,0.0,3350.0,,
498,498,Antilocapra Americana,Antilocapra,Pronghorn,115056938,ok,3.8,Arbusti – Vegetazione arbustiva di tipo mediterraneo,suitable,yes,resident,0.0,3350.0,,
498,498,Antilocapra Americana,Antilocapra,Pronghorn,115056938,ok,4.4,Prateria – Temperata,suitable,yes,resident,0.0,3350.0,,
499,499,Anemonia Viridis,Anemone Verde,Snakelocks Anemone,51216661,ok,12.6,Pozze di marea,suitable,unknown,resident,,,0.5,25.0
499,499,Anemonia Viridis,Anemone Verde,Snakelocks Anemone,51216661,ok,9.9,Erba marina sommersa,suitable,unknown,resident,,,0.5,25.0
499,499,Anemonia Viridis,Anemone Verde,Snakelocks Anemone,51216661,ok,9.3,Neritico marino – Roccia/ciottoli/ghiaia sciolti subtidali,suitable,unknown,resident,,,0.5,25.0
499,499,Anemonia Viridis,Anemone Verde,Snakelocks Anemone,51216661,ok,9.2,Neritica marina – Rocce e scogliere rocciose subtidali,suitable,unknown,resident,,,0.5,25.0
499,499,Anemonia Viridis,Anemone Verde,Snakelocks Anemone,51216661,ok,9.4,Neritico marino – Sabbioso subtidale,suitable,unknown,resident,,,0.5,25.0
500,500,Vultur Gryphus,Condor Delle Ande,Andean Condor,181325230,ok,12.1,Costa rocciosa,marginal,unknown,resident,,5000.0,,
500,500,Vultur Gryphus,Condor Delle Ande,Andean Condor,181325230,ok,12.2,"Coste sabbiose e/o spiagge, banchi di sabbia, lingue di sabbia",marginal,unknown,resident,,5000.0,,
500,500,Vultur Gryphus,Condor Delle Ande,Andean Condor,181325230,ok,12.3,Coste e/o spiagge di ciottoli e/o ghiaia,marginal,unknown,resident,,5000.0,,
500,500,Vultur Gryphus,Condor Delle Ande,Andean Condor,181325230,ok,3.5,Arbusti – Zona secca subtropicale/tropicale,suitable,no,resident,,5000.0,,
500,500,Vultur Gryphus,Condor Delle Ande,Andean Condor,181325230,ok,3.7,Arbusti – Zone subtropicali/tropicali di alta quota,suitable,no,resident,,5000.0,,
500,500,Vultur Gryphus,Condor Delle Ande,Andean Condor,181325230,ok,4.4,Prateria – Temperata,suitable,no,resident,,5000.0,,
500,500,Vultur Gryphus,Condor Delle Ande,Andean Condor,181325230,ok,4.7,Prateria – Alta quota subtropicale/tropicale,suitable,yes,resident,,5000.0,,
500,500,Vultur Gryphus,Condor Delle Ande,Andean Condor,181325230,ok,8.1,Deserto – Caldo,suitable,no,breeding,,5000.0,,
501,501,Phalacrocorax Carbo,Cormorano Comune,Great Cormorant,155523636,ok,9.10,Estuari,suitable,no,breeding,,,,
501,501,Phalacrocorax Carbo,Cormorano Comune,Great Cormorant,155523636,ok,9.2,Neritica marina – Rocce e scogliere rocciose subtidali,suitable,yes,breeding,,,,
501,501,Phalacrocorax Carbo,Cormorano Comune,Great Cormorant,155523636,ok,9.1,Neritico marino – Pelagico,suitable,yes,breeding,,,,
501,501,Phalacrocorax Carbo,Cormorano Comune,Great Cormorant,155523636,ok,5.14,"Zone umide (interne) – Laghi permanenti salini, salmastri o alcalini",suitable,yes,breeding,,,,
501,501,Phalacrocorax Carbo,Cormorano Comune,Great Cormorant,155523636,ok,5.5,Zone umide (interne) – Laghi permanenti di acqua dolce (oltre 8 ettari),suitable,yes,breeding,,,,
501,501,Phalacrocorax Carbo,Cormorano Comune,Great Cormorant,155523636,ok,5.4,"Zone umide (interne) – Paludi, acquitrini, torbiere",suitable,yes,breeding,,,,
501,501,Phalacrocorax Carbo,Cormorano Comune,Great Cormorant,155523636,ok,13.4,Lagune costiere salmastre/saline/laghi marini,suitable,no,breeding,,,,
501,501,Phalacrocorax Carbo,Cormorano Comune,Great Cormorant,155523636,ok,9.3,Neritico marino – Roccia/ciottoli/ghiaia sciolti subtidali,suitable,yes,breeding,,,,
501,501,Phalacrocorax Carbo,Cormorano Comune,Great Cormorant,155523636,ok,9.4,Neritico marino – Sabbioso subtidale,suitable,yes,breeding,,,,
501,501,Phalacrocorax Carbo,Cormorano Comune,Great Cormorant,155523636,ok,9.5,Neritico marino – Fango sabbioso subtidale,suitable,yes,breeding,,,,
501,501,Phalacrocorax Carbo,Cormorano Comune,Great Cormorant,155523636,ok,9.7,Neritico marino – Macroalghe/alghe,suitable,yes,breeding,,,,
501,501,Phalacrocorax Carbo,Cormorano Comune,Great Cormorant,155523636,ok,1.6,Foresta – Pianura umida subtropicale/tropicale,suitable,yes,breeding,,,,
501,501,Phalacrocorax Carbo,Cormorano Comune,Great Cormorant,155523636,ok,9.9,Erba marina sommersa,suitable,yes,breeding,,,,
502,502,Tremarctos Ornatus,Orso Dagli Occhiali,Spectacled Bear,123792952,ok,3.5,Arbusti – Zona secca subtropicale/tropicale,suitable,yes,unknown,200.0,4750.0,,
502,502,Tremarctos Ornatus,Orso Dagli Occhiali,Spectacled Bear,123792952,ok,3.7,Arbusti – Zone subtropicali/tropicali di alta quota,suitable,yes,unknown,200.0,4750.0,,
502,502,Tremarctos Ornatus,Orso Dagli Occhiali,Spectacled Bear,123792952,ok,4.7,Prateria – Alta quota subtropicale/tropicale,suitable,yes,unknown,200.0,4750.0,,
502,502,Tremarctos Ornatus,Orso Dagli Occhiali,Spectacled Bear,123792952,ok,1.9,Foresta – Subtropicale/tropicale umida montana,suitable,yes,unknown,200.0,4750.0,,
502,502,Tremarctos Ornatus,Orso Dagli Occhiali,Spectacled Bear,123792952,ok,1.5,Foresta – Subtropicale/tropicale secca,suitable,yes,unknown,200.0,4750.0,,
502,502,Tremarctos Ornatus,Orso Dagli Occhiali,Spectacled Bear,123792952,ok,1.6,Foresta – Pianura umida subtropicale/tropicale,suitable,yes,unknown,200.0,4750.0,,
502,502,Tremarctos Ornatus,Orso Dagli Occhiali,Spectacled Bear,123792952,ok,3.6,Arbusti – Subtropicale/tropicale umido,suitable,yes,unknown,200.0,4750.0,,
503,503,Fulica Atra,Folaga Comune,Eurasian Coot,154269531,ok,5.8,Zone umide (interne) – Paludi/stagni d'acqua dolce stagionali/intermittenti (inferiori a 8 ettari),suitable,no,breeding,,3500.0,,
503,503,Fulica Atra,Folaga Comune,Eurasian Coot,154269531,ok,5.7,Zone umide (interne) – Paludi/stagni d'acqua dolce permanenti (inferiori a 8 ettari),suitable,no,breeding,,3500.0,,
503,503,Fulica Atra,Folaga Comune,Eurasian Coot,154269531,ok,5.6,Zone umide (interne) – Laghi d'acqua dolce stagionali/intermittenti (oltre 8 ha),suitable,no,breeding,,3500.0,,
503,503,Fulica Atra,Folaga Comune,Eurasian Coot,154269531,ok,5.5,Zone umide (interne) – Laghi permanenti di acqua dolce (oltre 8 ettari),suitable,no,breeding,,3500.0,,
503,503,Fulica Atra,Folaga Comune,Eurasian Coot,154269531,ok,5.4,"Zone umide (interne) – Paludi, acquitrini, torbiere",suitable,no,breeding,,3500.0,,
503,503,Fulica Atra,Folaga Comune,Eurasian Coot,154269531,ok,5.1,Zone umide (interne) – Fiumi/torrenti/cascate permanenti,suitable,no,breeding,,3500.0,,
503,503,Fulica Atra,Folaga Comune,Eurasian Coot,154269531,ok,4.6,Prateria – Subtropicale/tropicale stagionalmente umida/allagata,suitable,no,breeding,,3500.0,,
503,503,Fulica Atra,Folaga Comune,Eurasian Coot,154269531,ok,15.9,Canali e fossi di drenaggio,suitable,no,breeding,,3500.0,,
503,503,Fulica Atra,Folaga Comune,Eurasian Coot,154269531,ok,15.8,Terreni agricoli soggetti a inondazioni stagionali,suitable,no,breeding,,3500.0,,
503,503,Fulica Atra,Folaga Comune,Eurasian Coot,154269531,ok,15.1,Aree di stoccaggio dell'acqua oltre 8 ettari,suitable,no,breeding,,3500.0,,
503,503,Fulica Atra,Folaga Comune,Eurasian Coot,154269531,ok,13.5,Laghi costieri di acqua dolce,suitable,no,breeding,,3500.0,,
503,503,Fulica Atra,Folaga Comune,Eurasian Coot,154269531,ok,13.4,Lagune costiere salmastre/saline/laghi marini,suitable,no,breeding,,3500.0,,
503,503,Fulica Atra,Folaga Comune,Eurasian Coot,154269531,ok,9.10,Estuari,marginal,unknown,breeding,,3500.0,,
503,503,Fulica Atra,Folaga Comune,Eurasian Coot,154269531,ok,9.9,Erba marina sommersa,marginal,unknown,breeding,,3500.0,,
503,503,Fulica Atra,Folaga Comune,Eurasian Coot,154269531,ok,9.7,Neritico marino – Macroalghe/alghe,marginal,unknown,breeding,,3500.0,,
503,503,Fulica Atra,Folaga Comune,Eurasian Coot,154269531,ok,9.5,Neritico marino – Fango sabbioso subtidale,marginal,unknown,breeding,,3500.0,,
503,503,Fulica Atra,Folaga Comune,Eurasian Coot,154269531,ok,9.4,Neritico marino – Sabbioso subtidale,marginal,unknown,breeding,,3500.0,,
503,503,Fulica Atra,Folaga Comune,Eurasian Coot,154269531,ok,9.3,Neritico marino – Roccia/ciottoli/ghiaia sciolti subtidali,marginal,unknown,breeding,,3500.0,,
503,503,Fulica Atra,Folaga Comune,Eurasian Coot,154269531,ok,9.2,Neritica marina – Rocce e scogliere rocciose subtidali,marginal,unknown,breeding,,3500.0,,
503,503,Fulica Atra,Folaga Comune,Eurasian Coot,154269531,ok,15.2,Stagni sotto gli 8 ettari,suitable,no,breeding,,3500.0,,
503,503,Fulica Atra,Folaga Comune,Eurasian Coot,154269531,ok,15.3,Stagni per l'acquacoltura,suitable,no,breeding,,3500.0,,
503,503,Fulica Atra,Folaga Comune,Eurasian Coot,154269531,ok,15.4,Siti di sfruttamento del sale,suitable,no,breeding,,3500.0,,
503,503,Fulica Atra,Folaga Comune,Eurasian Coot,154269531,ok,15.5,Scavi a cielo aperto,suitable,no,breeding,,3500.0,,
503,503,Fulica Atra,Folaga Comune,Eurasian Coot,154269531,ok,15.6,Aree di trattamento delle acque reflue,suitable,no,breeding,,3500.0,,
504,504,Vicugna Vicugna,Vicugna,Vicuña,145360542,ok,8.3,Deserto – Freddo,suitable,yes,resident,3000.0,5000.0,,
504,504,Vicugna Vicugna,Vicugna,Vicuña,145360542,ok,5.11,Zone umide (interne) – Zone umide alpine,suitable,yes,resident,3000.0,5000.0,,
504,504,Vicugna Vicugna,Vicugna,Vicuña,145360542,ok,5.10,Zone umide (interne) – Zone umide della tundra,suitable,yes,resident,3000.0,5000.0,,
504,504,Vicugna Vicugna,Vicugna,Vicuña,145360542,ok,4.7,Prateria – Alta quota subtropicale/tropicale,suitable,yes,resident,3000.0,5000.0,,
504,504,Vicugna Vicugna,Vicugna,Vicuña,145360542,ok,3.7,Arbusti – Zone subtropicali/tropicali di alta quota,suitable,yes,resident,3000.0,5000.0,,
505,505,Rana Dalmatina,Rana Agile,Agile Frog,89705029,ok,15.9,Canali e fossi di drenaggio,suitable,unknown,resident,0.0,1700.0,,
505,505,Rana Dalmatina,Rana Agile,Agile Frog,89705029,ok,1.4,Foresta – Temperata,suitable,unknown,resident,0.0,1700.0,,
505,505,Rana Dalmatina,Rana Agile,Agile Frog,89705029,ok,4.4,Prateria – Temperata,marginal,unknown,resident,0.0,1700.0,,
505,505,Rana Dalmatina,Rana Agile,Agile Frog,89705029,ok,5.8,Zone umide (interne) – Paludi/stagni d'acqua dolce stagionali/intermittenti (inferiori a 8 ettari),suitable,unknown,resident,0.0,1700.0,,
505,505,Rana Dalmatina,Rana Agile,Agile Frog,89705029,ok,5.7,Zone umide (interne) – Paludi/stagni d'acqua dolce permanenti (inferiori a 8 ettari),suitable,unknown,resident,0.0,1700.0,,
505,505,Rana Dalmatina,Rana Agile,Agile Frog,89705029,ok,5.4,"Zone umide (interne) – Paludi, acquitrini, torbiere",suitable,unknown,resident,0.0,1700.0,,
505,505,Rana Dalmatina,Rana Agile,Agile Frog,89705029,ok,15.2,Stagni sotto gli 8 ettari,suitable,unknown,resident,0.0,1700.0,,
506,506,Puma Concolor,Puma,Cougar,97216466,ok,1.6,Foresta – Pianura umida subtropicale/tropicale,suitable,unknown,unknown,0.0,5800.0,,
506,506,Puma Concolor,Puma,Cougar,97216466,ok,1.5,Foresta – Subtropicale/tropicale secca,suitable,unknown,unknown,0.0,5800.0,,
506,506,Puma Concolor,Puma,Cougar,97216466,ok,8.2,Deserto – Temperato,suitable,unknown,unknown,0.0,5800.0,,
506,506,Puma Concolor,Puma,Cougar,97216466,ok,1.4,Foresta – Temperata,suitable,unknown,unknown,0.0,5800.0,,
506,506,Puma Concolor,Puma,Cougar,97216466,ok,4.7,Prateria – Alta quota subtropicale/tropicale,suitable,unknown,unknown,0.0,5800.0,,
506,506,Puma Concolor,Puma,Cougar,97216466,ok,4.6,Prateria – Subtropicale/tropicale stagionalmente umida/allagata,suitable,unknown,unknown,0.0,5800.0,,
506,506,Puma Concolor,Puma,Cougar,97216466,ok,1.9,Foresta – Subtropicale/tropicale umida montana,suitable,unknown,unknown,0.0,5800.0,,
506,506,Puma Concolor,Puma,Cougar,97216466,ok,2.1,Savana - Secca,suitable,unknown,unknown,0.0,5800.0,,
506,506,Puma Concolor,Puma,Cougar,97216466,ok,2.2,Savana - Umida,suitable,unknown,unknown,0.0,5800.0,,
506,506,Puma Concolor,Puma,Cougar,97216466,ok,3.3,Arbusti – Boreale,suitable,unknown,unknown,0.0,5800.0,,
506,506,Puma Concolor,Puma,Cougar,97216466,ok,3.4,Arbusti – Temperati,suitable,unknown,unknown,0.0,5800.0,,
506,506,Puma Concolor,Puma,Cougar,97216466,ok,3.5,Arbusti – Zona secca subtropicale/tropicale,suitable,unknown,unknown,0.0,5800.0,,
506,506,Puma Concolor,Puma,Cougar,97216466,ok,1.1,Foresta boreale,suitable,unknown,unknown,0.0,5800.0,,
506,506,Puma Concolor,Puma,Cougar,97216466,ok,3.6,Arbusti – Subtropicale/tropicale umido,suitable,unknown,unknown,0.0,5800.0,,
506,506,Puma Concolor,Puma,Cougar,97216466,ok,3.7,Arbusti – Zone subtropicali/tropicali di alta quota,suitable,unknown,unknown,0.0,5800.0,,
506,506,Puma Concolor,Puma,Cougar,97216466,ok,3.8,Arbusti – Vegetazione arbustiva di tipo mediterraneo,suitable,unknown,unknown,0.0,5800.0,,
506,506,Puma Concolor,Puma,Cougar,97216466,ok,4.4,Prateria – Temperata,suitable,unknown,unknown,0.0,5800.0,,
506,506,Puma Concolor,Puma,Cougar,97216466,ok,4.5,Prateria – Subtropicale/tropicale arida,suitable,unknown,unknown,0.0,5800.0,,
507,507,Lacerta Bilineata,Ramarro Occidentale,Western Green Lizard,137852254,ok,4.4,Prateria – Temperata,suitable,no,resident,0.0,2160.0,,
507,507,Lacerta Bilineata,Ramarro Occidentale,Western Green Lizard,137852254,ok,14.2,Pascoli,suitable,no,resident,0.0,2160.0,,
507,507,Lacerta Bilineata,Ramarro Occidentale,Western Green Lizard,137852254,ok,3.4,Arbusti – Temperati,suitable,no,resident,0.0,2160.0,,
507,507,Lacerta Bilineata,Ramarro Occidentale,Western Green Lizard,137852254,ok,14.1,Terreno arabile,suitable,no,resident,0.0,2160.0,,
507,507,Lacerta Bilineata,Ramarro Occidentale,Western Green Lizard,137852254,ok,1.4,Foresta – Temperata,suitable,no,resident,0.0,2160.0,,
508,508,Tapirus Pinchaque,Tapiro Di Montagna,Mountain Tapir,45173922,ok,5.4,"Zone umide (interne) – Paludi, acquitrini, torbiere",suitable,yes,unknown,1400.0,,,
508,508,Tapirus Pinchaque,Tapiro Di Montagna,Mountain Tapir,45173922,ok,5.3,Zone umide (interne) – Zone umide dominate da arbusti,suitable,yes,unknown,1400.0,,,
508,508,Tapirus Pinchaque,Tapiro Di Montagna,Mountain Tapir,45173922,ok,3.7,Arbusti – Zone subtropicali/tropicali di alta quota,suitable,yes,unknown,1400.0,,,
508,508,Tapirus Pinchaque,Tapiro Di Montagna,Mountain Tapir,45173922,ok,1.9,Foresta – Subtropicale/tropicale umida montana,suitable,yes,unknown,1400.0,,,
508,508,Tapirus Pinchaque,Tapiro Di Montagna,Mountain Tapir,45173922,ok,4.7,Prateria – Alta quota subtropicale/tropicale,suitable,yes,unknown,1400.0,,,
509,509,Corvus Cornix,Cornacchia Mantellata,Hooded Crow,,assessment_not_found,,,unknown,unknown,unknown,,,,
510,510,Ursus Maritimus,Orso Polare,Polar Bear,14871490,ok,10.1,Epipelagico (0–200 m),suitable,yes,resident,,,,
510,510,Ursus Maritimus,Orso Polare,Polar Bear,14871490,ok,3.1,Arbusti – Subartico,suitable,no,breeding,,,,
510,510,Ursus Maritimus,Orso Polare,Polar Bear,14871490,ok,1.1,Foresta boreale,suitable,no,breeding,,,,
510,510,Ursus Maritimus,Orso Polare,Polar Bear,14871490,ok,4.1,Prateria – Tundra,suitable,yes,breeding,,,,
510,510,Ursus Maritimus,Orso Polare,Polar Bear,14871490,ok,13.3,Dune sabbiose costiere,suitable,no,breeding,,,,
510,510,Ursus Maritimus,Orso Polare,Polar Bear,14871490,ok,17,Altri,suitable,yes,resident,,,,
510,510,Ursus Maritimus,Orso Polare,Polar Bear,14871490,ok,13.1,Scogliere marine e isole rocciose al largo della costa,suitable,yes,breeding,,,,
510,510,Ursus Maritimus,Orso Polare,Polar Bear,14871490,ok,12.4,Coste fangose e piane fangose intertidali,suitable,yes,resident,,,,
510,510,Ursus Maritimus,Orso Polare,Polar Bear,14871490,ok,12.1,Costa rocciosa,suitable,yes,resident,,,,
510,510,Ursus Maritimus,Orso Polare,Polar Bear,14871490,ok,12.2,"Coste sabbiose e/o spiagge, banchi di sabbia, lingue di sabbia",suitable,yes,resident,,,,
510,510,Ursus Maritimus,Orso Polare,Polar Bear,14871490,ok,12.3,Coste e/o spiagge di ciottoli e/o ghiaia,suitable,yes,resident,,,,
511,511,Scolopax Rusticola,Beccaccia,Eurasian Woodcock,281864591,ok,14.3,Piantagioni,suitable,no,breeding,0.0,3900.0,,
511,511,Scolopax Rusticola,Beccaccia,Eurasian Woodcock,281864591,ok,3.8,Arbusti – Vegetazione arbustiva di tipo mediterraneo,suitable,no,breeding,0.0,3900.0,,
511,511,Scolopax Rusticola,Beccaccia,Eurasian Woodcock,281864591,ok,1.1,Foresta boreale,suitable,no,breeding,0.0,3900.0,,
511,511,Scolopax Rusticola,Beccaccia,Eurasian Woodcock,281864591,ok,1.4,Foresta – Temperata,suitable,yes,breeding,0.0,3900.0,,
512,512,Odobenus Rosmarus,Tricheco,Walrus,272356023,ok,9.1,Neritico marino – Pelagico,suitable,yes,resident,,5.0,,250.0
512,512,Odobenus Rosmarus,Tricheco,Walrus,272356023,ok,9.6,Neritico marino – Subtidale fangoso,suitable,yes,resident,,5.0,,250.0
512,512,Odobenus Rosmarus,Tricheco,Walrus,272356023,ok,12.2,"Coste sabbiose e/o spiagge, banchi di sabbia, lingue di sabbia",suitable,yes,resident,,5.0,,250.0
512,512,Odobenus Rosmarus,Tricheco,Walrus,272356023,ok,9.4,Neritico marino – Sabbioso subtidale,suitable,yes,resident,,5.0,,250.0
512,512,Odobenus Rosmarus,Tricheco,Walrus,272356023,ok,12.1,Costa rocciosa,suitable,yes,resident,,5.0,,250.0
512,512,Odobenus Rosmarus,Tricheco,Walrus,272356023,ok,9.5,Neritico marino – Fango sabbioso subtidale,suitable,yes,resident,,5.0,,250.0
513,513,Garrulus Glandarius,Ghiandaia,Eurasian Jay,153832514,ok,1.6,Foresta – Pianura umida subtropicale/tropicale,suitable,no,resident,0.0,4000.0,,
513,513,Garrulus Glandarius,Ghiandaia,Eurasian Jay,153832514,ok,1.4,Foresta – Temperata,suitable,yes,resident,0.0,4000.0,,
513,513,Garrulus Glandarius,Ghiandaia,Eurasian Jay,153832514,ok,14.5,Aree urbane,suitable,no,resident,0.0,4000.0,,
513,513,Garrulus Glandarius,Ghiandaia,Eurasian Jay,153832514,ok,14.4,Orti rurali,suitable,no,resident,0.0,4000.0,,
513,513,Garrulus Glandarius,Ghiandaia,Eurasian Jay,153832514,ok,1.9,Foresta – Subtropicale/tropicale umida montana,suitable,no,resident,0.0,4000.0,,
514,514,Rangifer Tarandus,Renna,Reindeer,22167140,ok,1.1,Foresta boreale,suitable,yes,unknown,0.0,2000.0,,
514,514,Rangifer Tarandus,Renna,Reindeer,22167140,ok,4.1,Prateria – Tundra,suitable,yes,unknown,0.0,2000.0,,
515,515,Delichon Urbicum,Balestruccio,Common House Martin,264561964,ok,4.5,Prateria – Subtropicale/tropicale arida,suitable,no,breeding,,2000.0,,
515,515,Delichon Urbicum,Balestruccio,Common House Martin,264561964,ok,14.5,Aree urbane,suitable,no,breeding,,2000.0,,
515,515,Delichon Urbicum,Balestruccio,Common House Martin,264561964,ok,14.1,Terreno arabile,suitable,no,breeding,,2000.0,,
515,515,Delichon Urbicum,Balestruccio,Common House Martin,264561964,ok,14.4,Orti rurali,suitable,no,breeding,,2000.0,,
515,515,Delichon Urbicum,Balestruccio,Common House Martin,264561964,ok,1.6,Foresta – Pianura umida subtropicale/tropicale,suitable,no,breeding,,2000.0,,
515,515,Delichon Urbicum,Balestruccio,Common House Martin,264561964,ok,6,Zone rocciose,suitable,yes,breeding,,2000.0,,
515,515,Delichon Urbicum,Balestruccio,Common House Martin,264561964,ok,4.4,Prateria – Temperata,suitable,no,breeding,,2000.0,,
515,515,Delichon Urbicum,Balestruccio,Common House Martin,264561964,ok,2.1,Savana - Secca,suitable,no,breeding,,2000.0,,
516,516,Vulpes Lagopus,Volpe Artica,Arctic Fox,57549321,ok,4.1,Prateria – Tundra,suitable,unknown,unknown,0.0,3000.0,,
517,517,Apus Apus,Rondone Comune,Common Swift,281017590,ok,5.8,Zone umide (interne) – Paludi/stagni d'acqua dolce stagionali/intermittenti (inferiori a 8 ettari),suitable,no,breeding,1410.0,3300.0,,
517,517,Apus Apus,Rondone Comune,Common Swift,281017590,ok,5.7,Zone umide (interne) – Paludi/stagni d'acqua dolce permanenti (inferiori a 8 ettari),suitable,no,breeding,1410.0,3300.0,,
517,517,Apus Apus,Rondone Comune,Common Swift,281017590,ok,1.6,Foresta – Pianura umida subtropicale/tropicale,suitable,no,breeding,1410.0,3300.0,,
517,517,Apus Apus,Rondone Comune,Common Swift,281017590,ok,14.5,Aree urbane,suitable,yes,breeding,1410.0,3300.0,,
517,517,Apus Apus,Rondone Comune,Common Swift,281017590,ok,14.1,Terreno arabile,suitable,no,breeding,1410.0,3300.0,,
517,517,Apus Apus,Rondone Comune,Common Swift,281017590,ok,4.7,Prateria – Alta quota subtropicale/tropicale,suitable,no,breeding,1410.0,3300.0,,
517,517,Apus Apus,Rondone Comune,Common Swift,281017590,ok,5.6,Zone umide (interne) – Laghi d'acqua dolce stagionali/intermittenti (oltre 8 ha),suitable,no,breeding,1410.0,3300.0,,
517,517,Apus Apus,Rondone Comune,Common Swift,281017590,ok,8.1,Deserto – Caldo,suitable,no,breeding,1410.0,3300.0,,
517,517,Apus Apus,Rondone Comune,Common Swift,281017590,ok,1.9,Foresta – Subtropicale/tropicale umida montana,suitable,no,breeding,1410.0,3300.0,,
517,517,Apus Apus,Rondone Comune,Common Swift,281017590,ok,6,Zone rocciose,suitable,yes,breeding,1410.0,3300.0,,
517,517,Apus Apus,Rondone Comune,Common Swift,281017590,ok,2.1,Savana - Secca,suitable,no,breeding,1410.0,3300.0,,
517,517,Apus Apus,Rondone Comune,Common Swift,281017590,ok,3.8,Arbusti – Vegetazione arbustiva di tipo mediterraneo,suitable,no,breeding,1410.0,3300.0,,
517,517,Apus Apus,Rondone Comune,Common Swift,281017590,ok,4.6,Prateria – Subtropicale/tropicale stagionalmente umida/allagata,suitable,no,breeding,1410.0,3300.0,,
517,517,Apus Apus,Rondone Comune,Common Swift,281017590,ok,4.4,Prateria – Temperata,suitable,no,breeding,1410.0,3300.0,,
517,517,Apus Apus,Rondone Comune,Common Swift,281017590,ok,4.5,Prateria – Subtropicale/tropicale arida,suitable,no,breeding,1410.0,3300.0,,
517,517,Apus Apus,Rondone Comune,Common Swift,281017590,ok,5.5,Zone umide (interne) – Laghi permanenti di acqua dolce (oltre 8 ettari),suitable,no,breeding,1410.0,3300.0,,
518,518,Monodon Monoceros,Narvalo,Narwhal,50367651,ok,10.1,Epipelagico (0–200 m),suitable,yes,resident,0.0,0.0,0.0,1500.0
518,518,Monodon Monoceros,Narvalo,Narwhal,50367651,ok,9.1,Neritico marino – Pelagico,suitable,yes,resident,0.0,0.0,0.0,1500.0
518,518,Monodon Monoceros,Narvalo,Narwhal,50367651,ok,10.3,Batipelagico (1.000–4.000 m),suitable,yes,resident,0.0,0.0,0.0,1500.0
518,518,Monodon Monoceros,Narvalo,Narwhal,50367651,ok,10.2,Mesopelagico (200–1.000 m),suitable,yes,resident,0.0,0.0,0.0,1500.0
519,519,Rattus Rattus,Ratto Nero,Black Rat,192565917,ok,3.4,Arbusti – Temperati,suitable,unknown,unknown,,,,
519,519,Rattus Rattus,Ratto Nero,Black Rat,192565917,ok,14.1,Terreno arabile,suitable,unknown,unknown,,,,
519,519,Rattus Rattus,Ratto Nero,Black Rat,192565917,ok,5.4,"Zone umide (interne) – Paludi, acquitrini, torbiere",suitable,unknown,unknown,,,,
519,519,Rattus Rattus,Ratto Nero,Black Rat,192565917,ok,14.2,Pascoli,suitable,unknown,unknown,,,,
519,519,Rattus Rattus,Ratto Nero,Black Rat,192565917,ok,14.3,Piantagioni,suitable,unknown,unknown,,,,
519,519,Rattus Rattus,Ratto Nero,Black Rat,192565917,ok,14.4,Orti rurali,suitable,unknown,unknown,,,,
519,519,Rattus Rattus,Ratto Nero,Black Rat,192565917,ok,14.5,Aree urbane,suitable,unknown,unknown,,,,
519,519,Rattus Rattus,Ratto Nero,Black Rat,192565917,ok,4.3,Prateria – Subantartica,suitable,unknown,unknown,,,,
519,519,Rattus Rattus,Ratto Nero,Black Rat,192565917,ok,14.6,Foresta subtropicale/tropicale fortemente degradata,suitable,unknown,unknown,,,,
519,519,Rattus Rattus,Ratto Nero,Black Rat,192565917,ok,3.8,Arbusti – Vegetazione arbustiva di tipo mediterraneo,suitable,unknown,unknown,,,,
519,519,Rattus Rattus,Ratto Nero,Black Rat,192565917,ok,4.1,Prateria – Tundra,suitable,unknown,unknown,,,,
519,519,Rattus Rattus,Ratto Nero,Black Rat,192565917,ok,3.5,Arbusti – Zona secca subtropicale/tropicale,suitable,unknown,unknown,,,,
519,519,Rattus Rattus,Ratto Nero,Black Rat,192565917,ok,1.4,Foresta – Temperata,suitable,unknown,unknown,,,,
519,519,Rattus Rattus,Ratto Nero,Black Rat,192565917,ok,1.1,Foresta boreale,suitable,unknown,unknown,,,,
519,519,Rattus Rattus,Ratto Nero,Black Rat,192565917,ok,3.6,Arbusti – Subtropicale/tropicale umido,suitable,unknown,unknown,,,,
519,519,Rattus Rattus,Ratto Nero,Black Rat,192565917,ok,1.2,Foresta - Subartico,suitable,unknown,unknown,,,,
519,519,Rattus Rattus,Ratto Nero,Black Rat,192565917,ok,1.5,Foresta – Subtropicale/tropicale secca,suitable,unknown,unknown,,,,
519,519,Rattus Rattus,Ratto Nero,Black Rat,192565917,ok,1.7,Foresta – Vegetazione di mangrovie subtropicale/tropicale al di sopra del livello dell'alta marea,suitable,unknown,unknown,,,,
519,519,Rattus Rattus,Ratto Nero,Black Rat,192565917,ok,4.2,Prateria – Subartico,suitable,unknown,unknown,,,,
519,519,Rattus Rattus,Ratto Nero,Black Rat,192565917,ok,3.7,Arbusti – Zone subtropicali/tropicali di alta quota,suitable,unknown,unknown,,,,
520,520,Eubalaena Australis,Balena Franca Australe,Southern Right Whale,50354147,ok,9.1,Neritico marino – Pelagico,suitable,yes,resident,,,,
520,520,Eubalaena Australis,Balena Franca Australe,Southern Right Whale,50354147,ok,10.1,Epipelagico (0–200 m),suitable,yes,resident,,,,
521,521,Apodemus Sylvaticus,Topo Selvatico,Wood Mouse,197270811,ok,13.3,Dune sabbiose costiere,suitable,unknown,unknown,0.0,3300.0,,
521,521,Apodemus Sylvaticus,Topo Selvatico,Wood Mouse,197270811,ok,14.1,Terreno arabile,suitable,unknown,unknown,0.0,3300.0,,
521,521,Apodemus Sylvaticus,Topo Selvatico,Wood Mouse,197270811,ok,14.2,Pascoli,suitable,unknown,unknown,0.0,3300.0,,
521,521,Apodemus Sylvaticus,Topo Selvatico,Wood Mouse,197270811,ok,14.3,Piantagioni,suitable,unknown,unknown,0.0,3300.0,,
521,521,Apodemus Sylvaticus,Topo Selvatico,Wood Mouse,197270811,ok,14.4,Orti rurali,suitable,unknown,unknown,0.0,3300.0,,
521,521,Apodemus Sylvaticus,Topo Selvatico,Wood Mouse,197270811,ok,14.5,Aree urbane,suitable,unknown,unknown,0.0,3300.0,,
521,521,Apodemus Sylvaticus,Topo Selvatico,Wood Mouse,197270811,ok,3.4,Arbusti – Temperati,suitable,unknown,unknown,0.0,3300.0,,
521,521,Apodemus Sylvaticus,Topo Selvatico,Wood Mouse,197270811,ok,3.8,Arbusti – Vegetazione arbustiva di tipo mediterraneo,suitable,unknown,unknown,0.0,3300.0,,
521,521,Apodemus Sylvaticus,Topo Selvatico,Wood Mouse,197270811,ok,4.4,Prateria – Temperata,suitable,unknown,unknown,0.0,3300.0,,
521,521,Apodemus Sylvaticus,Topo Selvatico,Wood Mouse,197270811,ok,1.4,Foresta – Temperata,suitable,unknown,unknown,0.0,3300.0,,
522,522,Tursiops Truncatus,Tursiope,Common Bottlenose Dolphin,156932432,ok,10.1,Epipelagico (0–200 m),suitable,yes,resident,,,,
522,522,Tursiops Truncatus,Tursiope,Common Bottlenose Dolphin,156932432,ok,9.10,Estuari,suitable,yes,resident,,,,
522,522,Tursiops Truncatus,Tursiope,Common Bottlenose Dolphin,156932432,ok,9.1,Neritico marino – Pelagico,suitable,yes,resident,,,,
522,522,Tursiops Truncatus,Tursiope,Common Bottlenose Dolphin,156932432,ok,5.1,Zone umide (interne) – Fiumi/torrenti/cascate permanenti,marginal,unknown,unknown,,,,
522,522,Tursiops Truncatus,Tursiope,Common Bottlenose Dolphin,156932432,ok,13.4,Lagune costiere salmastre/saline/laghi marini,marginal,unknown,unknown,,,,
523,523,Microtus Arvalis,Arvicola Campestre,Common Vole,221337633,ok,14.1,Terreno arabile,suitable,yes,resident,0.0,2600.0,,
523,523,Microtus Arvalis,Arvicola Campestre,Common Vole,221337633,ok,14.2,Pascoli,suitable,yes,resident,0.0,2600.0,,
523,523,Microtus Arvalis,Arvicola Campestre,Common Vole,221337633,ok,3.4,Arbusti – Temperati,suitable,yes,resident,0.0,2600.0,,
523,523,Microtus Arvalis,Arvicola Campestre,Common Vole,221337633,ok,4.4,Prateria – Temperata,suitable,yes,resident,0.0,2600.0,,
523,523,Microtus Arvalis,Arvicola Campestre,Common Vole,221337633,ok,1.4,Foresta – Temperata,suitable,yes,resident,0.0,2600.0,,
524,524,Aquila Chrysaetos,Aquila Reale,Golden Eagle,202078899,ok,3.7,Arbusti – Zone subtropicali/tropicali di alta quota,suitable,no,resident,0.0,4000.0,,
524,524,Aquila Chrysaetos,Aquila Reale,Golden Eagle,202078899,ok,3.5,Arbusti – Zona secca subtropicale/tropicale,suitable,no,resident,0.0,4000.0,,
524,524,Aquila Chrysaetos,Aquila Reale,Golden Eagle,202078899,ok,1.1,Foresta boreale,suitable,no,breeding,0.0,4000.0,,
524,524,Aquila Chrysaetos,Aquila Reale,Golden Eagle,202078899,ok,1.4,Foresta – Temperata,suitable,no,resident,0.0,4000.0,,
524,524,Aquila Chrysaetos,Aquila Reale,Golden Eagle,202078899,ok,6,Zone rocciose,suitable,no,resident,0.0,4000.0,,
524,524,Aquila Chrysaetos,Aquila Reale,Golden Eagle,202078899,ok,3.8,Arbusti – Vegetazione arbustiva di tipo mediterraneo,suitable,no,resident,0.0,4000.0,,
524,524,Aquila Chrysaetos,Aquila Reale,Golden Eagle,202078899,ok,4.4,Prateria – Temperata,suitable,yes,resident,0.0,4000.0,,
524,524,Aquila Chrysaetos,Aquila Reale,Golden Eagle,202078899,ok,8.1,Deserto – Caldo,suitable,no,resident,0.0,4000.0,,
524,524,Aquila Chrysaetos,Aquila Reale,Golden Eagle,202078899,ok,4.5,Prateria – Subtropicale/tropicale arida,suitable,no,resident,0.0,4000.0,,
525,525,Pipistrellus Pipistrellus,Pipistrello Nano,Common Pipistrelle,196581936,ok,14.5,Aree urbane,suitable,yes,resident,-20.0,2000.0,,
525,525,Pipistrellus Pipistrellus,Pipistrello Nano,Common Pipistrelle,196581936,ok,14.1,Terreno arabile,marginal,unknown,resident,-20.0,2000.0,,
525,525,Pipistrellus Pipistrellus,Pipistrello Nano,Common Pipistrelle,196581936,ok,1.4,Foresta – Temperata,suitable,yes,resident,-20.0,2000.0,,
525,525,Pipistrellus Pipistrellus,Pipistrello Nano,Common Pipistrelle,196581936,ok,14.2,Pascoli,suitable,yes,resident,-20.0,2000.0,,
525,525,Pipistrellus Pipistrellus,Pipistrello Nano,Common Pipistrelle,196581936,ok,14.4,Orti rurali,suitable,yes,resident,-20.0,2000.0,,
525,525,Pipistrellus Pipistrellus,Pipistrello Nano,Common Pipistrelle,196581936,ok,3.5,Arbusti – Zona secca subtropicale/tropicale,suitable,yes,resident,-20.0,2000.0,,
525,525,Pipistrellus Pipistrellus,Pipistrello Nano,Common Pipistrelle,196581936,ok,3.8,Arbusti – Vegetazione arbustiva di tipo mediterraneo,suitable,no,resident,-20.0,2000.0,,
525,525,Pipistrellus Pipistrellus,Pipistrello Nano,Common Pipistrelle,196581936,ok,5.1,Zone umide (interne) – Fiumi/torrenti/cascate permanenti,suitable,yes,resident,-20.0,2000.0,,
525,525,Pipistrellus Pipistrellus,Pipistrello Nano,Common Pipistrelle,196581936,ok,5.4,"Zone umide (interne) – Paludi, acquitrini, torbiere",suitable,yes,resident,-20.0,2000.0,,
525,525,Pipistrellus Pipistrellus,Pipistrello Nano,Common Pipistrelle,196581936,ok,5.5,Zone umide (interne) – Laghi permanenti di acqua dolce (oltre 8 ettari),suitable,yes,resident,-20.0,2000.0,,
525,525,Pipistrellus Pipistrellus,Pipistrello Nano,Common Pipistrelle,196581936,ok,7.1,Grotte e habitat sotterranei (non acquatici) – Grotte,suitable,yes,resident,-20.0,2000.0,,
525,525,Pipistrellus Pipistrellus,Pipistrello Nano,Common Pipistrelle,196581936,ok,5.7,Zone umide (interne) – Paludi/stagni d'acqua dolce permanenti (inferiori a 8 ettari),suitable,yes,resident,-20.0,2000.0,,
525,525,Pipistrellus Pipistrellus,Pipistrello Nano,Common Pipistrelle,196581936,ok,5.9,Zone umide (interne) – Sorgenti di acqua dolce e oasi,suitable,yes,resident,-20.0,2000.0,,
526,526,Cervus Elaphus,Cervo Nobile,Red Deer,142404453,ok,6,Zone rocciose,suitable,yes,unknown,0.0,5000.0,,
526,526,Cervus Elaphus,Cervo Nobile,Red Deer,142404453,ok,1.4,Foresta – Temperata,suitable,yes,unknown,0.0,5000.0,,
526,526,Cervus Elaphus,Cervo Nobile,Red Deer,142404453,ok,4.4,Prateria – Temperata,suitable,yes,unknown,0.0,5000.0,,
526,526,Cervus Elaphus,Cervo Nobile,Red Deer,142404453,ok,1.1,Foresta boreale,suitable,yes,unknown,0.0,5000.0,,
526,526,Cervus Elaphus,Cervo Nobile,Red Deer,142404453,ok,3.4,Arbusti – Temperati,suitable,yes,unknown,0.0,5000.0,,
526,526,Cervus Elaphus,Cervo Nobile,Red Deer,142404453,ok,14.2,Pascoli,marginal,unknown,unknown,0.0,5000.0,,
527,527,Plecotus Auritus,Pipistrello Orecchione Rosso,Brown Long-Eared Bat,211015413,ok,14.3,Piantagioni,suitable,no,passage,0.0,2350.0,,
527,527,Plecotus Auritus,Pipistrello Orecchione Rosso,Brown Long-Eared Bat,211015413,ok,14.4,Orti rurali,suitable,no,resident,0.0,2350.0,,
527,527,Plecotus Auritus,Pipistrello Orecchione Rosso,Brown Long-Eared Bat,211015413,ok,14.5,Aree urbane,suitable,no,resident,0.0,2350.0,,
527,527,Plecotus Auritus,Pipistrello Orecchione Rosso,Brown Long-Eared Bat,211015413,ok,1.1,Foresta boreale,suitable,yes,breeding,0.0,2350.0,,
527,527,Plecotus Auritus,Pipistrello Orecchione Rosso,Brown Long-Eared Bat,211015413,ok,1.4,Foresta – Temperata,suitable,yes,resident,0.0,2350.0,,
527,527,Plecotus Auritus,Pipistrello Orecchione Rosso,Brown Long-Eared Bat,211015413,ok,7.1,Grotte e habitat sotterranei (non acquatici) – Grotte,suitable,yes,resident,0.0,2350.0,,
527,527,Plecotus Auritus,Pipistrello Orecchione Rosso,Brown Long-Eared Bat,211015413,ok,7.2,Grotte e habitat sotterranei (non acquatici) – Altri habitat sotterranei,suitable,yes,resident,0.0,2350.0,,
528,528,Phoca Vitulina,Foca Comune,Harbour Seal,45229114,ok,12.4,Coste fangose e piane fangose intertidali,suitable,yes,resident,,3.0,,480.0
528,528,Phoca Vitulina,Foca Comune,Harbour Seal,45229114,ok,10.2,Mesopelagico (200–1.000 m),suitable,yes,resident,,3.0,,480.0
528,528,Phoca Vitulina,Foca Comune,Harbour Seal,45229114,ok,12.5,Paludi salmastre,suitable,no,unknown,,3.0,,480.0
528,528,Phoca Vitulina,Foca Comune,Harbour Seal,45229114,ok,12.3,Coste e/o spiagge di ciottoli e/o ghiaia,suitable,yes,resident,,3.0,,480.0
528,528,Phoca Vitulina,Foca Comune,Harbour Seal,45229114,ok,12.1,Costa rocciosa,suitable,yes,resident,,3.0,,480.0
528,528,Phoca Vitulina,Foca Comune,Harbour Seal,45229114,ok,9.10,Estuari,suitable,yes,resident,,3.0,,480.0
528,528,Phoca Vitulina,Foca Comune,Harbour Seal,45229114,ok,10.1,Epipelagico (0–200 m),suitable,yes,resident,,3.0,,480.0
528,528,Phoca Vitulina,Foca Comune,Harbour Seal,45229114,ok,13.1,Scogliere marine e isole rocciose al largo della costa,suitable,yes,resident,,3.0,,480.0
528,528,Phoca Vitulina,Foca Comune,Harbour Seal,45229114,ok,5.5,Zone umide (interne) – Laghi permanenti di acqua dolce (oltre 8 ettari),suitable,no,unknown,,3.0,,480.0
528,528,Phoca Vitulina,Foca Comune,Harbour Seal,45229114,ok,5.1,Zone umide (interne) – Fiumi/torrenti/cascate permanenti,suitable,no,unknown,,3.0,,480.0
528,528,Phoca Vitulina,Foca Comune,Harbour Seal,45229114,ok,9.1,Neritico marino – Pelagico,suitable,yes,resident,,3.0,,480.0
528,528,Phoca Vitulina,Foca Comune,Harbour Seal,45229114,ok,12.2,"Coste sabbiose e/o spiagge, banchi di sabbia, lingue di sabbia",suitable,yes,resident,,3.0,,480.0
528,528,Phoca Vitulina,Foca Comune,Harbour Seal,45229114,ok,17,Altri,suitable,yes,resident,,3.0,,480.0
529,529,Martes Martes,Martora Europea,European Pine Marten,45199169,ok,1.1,Foresta boreale,suitable,yes,resident,0.0,2300.0,,
529,529,Martes Martes,Martora Europea,European Pine Marten,45199169,ok,1.4,Foresta – Temperata,suitable,yes,resident,0.0,2300.0,,
529,529,Martes Martes,Martora Europea,European Pine Marten,45199169,ok,3.4,Arbusti – Temperati,marginal,unknown,resident,0.0,2300.0,,
529,529,Martes Martes,Martora Europea,European Pine Marten,45199169,ok,3.3,Arbusti – Boreale,marginal,unknown,resident,0.0,2300.0,,
529,529,Martes Martes,Martora Europea,European Pine Marten,45199169,ok,14.3,Piantagioni,suitable,no,resident,0.0,2300.0,,
530,530,Lutra Lutra,Lontra Eurasiatica,Eurasian Otter,218069689,ok,15.8,Terreni agricoli soggetti a inondazioni stagionali,marginal,unknown,unknown,0.0,4120.0,0.0,10.0
530,530,Lutra Lutra,Lontra Eurasiatica,Eurasian Otter,218069689,ok,15.7,"Terreni irrigati, compresi i canali di irrigazione",marginal,unknown,unknown,0.0,4120.0,0.0,10.0
530,530,Lutra Lutra,Lontra Eurasiatica,Eurasian Otter,218069689,ok,5.1,Zone umide (interne) – Fiumi/torrenti/cascate permanenti,suitable,yes,resident,0.0,4120.0,0.0,10.0
530,530,Lutra Lutra,Lontra Eurasiatica,Eurasian Otter,218069689,ok,5.8,Zone umide (interne) – Paludi/stagni d'acqua dolce stagionali/intermittenti (inferiori a 8 ettari),suitable,yes,resident,0.0,4120.0,0.0,10.0
530,530,Lutra Lutra,Lontra Eurasiatica,Eurasian Otter,218069689,ok,15.9,Canali e fossi di drenaggio,suitable,yes,resident,0.0,4120.0,0.0,10.0
530,530,Lutra Lutra,Lontra Eurasiatica,Eurasian Otter,218069689,ok,5.13,Zone umide (interne) – Delta interni permanenti,suitable,yes,resident,0.0,4120.0,0.0,10.0
530,530,Lutra Lutra,Lontra Eurasiatica,Eurasian Otter,218069689,ok,12.5,Paludi salmastre,suitable,yes,resident,0.0,4120.0,0.0,10.0
530,530,Lutra Lutra,Lontra Eurasiatica,Eurasian Otter,218069689,ok,5.17,"Zone umide (interne) – Paludi/pozze saline, salmastre o alcaline stagionali/intermittenti",marginal,unknown,unknown,0.0,4120.0,0.0,10.0
530,530,Lutra Lutra,Lontra Eurasiatica,Eurasian Otter,218069689,ok,1.5,Foresta – Subtropicale/tropicale secca,marginal,unknown,unknown,0.0,4120.0,0.0,10.0
530,530,Lutra Lutra,Lontra Eurasiatica,Eurasian Otter,218069689,ok,3.6,Arbusti – Subtropicale/tropicale umido,marginal,unknown,unknown,0.0,4120.0,0.0,10.0
530,530,Lutra Lutra,Lontra Eurasiatica,Eurasian Otter,218069689,ok,5.3,Zone umide (interne) – Zone umide dominate da arbusti,suitable,yes,resident,0.0,4120.0,0.0,10.0
530,530,Lutra Lutra,Lontra Eurasiatica,Eurasian Otter,218069689,ok,1.8,Foresta – Palude subtropicale/tropicale,marginal,unknown,unknown,0.0,4120.0,0.0,10.0
530,530,Lutra Lutra,Lontra Eurasiatica,Eurasian Otter,218069689,ok,4.6,Prateria – Subtropicale/tropicale stagionalmente umida/allagata,marginal,unknown,unknown,0.0,4120.0,0.0,10.0
530,530,Lutra Lutra,Lontra Eurasiatica,Eurasian Otter,218069689,ok,5.2,Zone umide (interne) – Fiumi/torrenti/canali stagionali/intermittenti/irregolari,marginal,unknown,unknown,0.0,4120.0,0.0,10.0
530,530,Lutra Lutra,Lontra Eurasiatica,Eurasian Otter,218069689,ok,5.4,"Zone umide (interne) – Paludi, acquitrini, torbiere",marginal,unknown,unknown,0.0,4120.0,0.0,10.0
530,530,Lutra Lutra,Lontra Eurasiatica,Eurasian Otter,218069689,ok,15.1,Aree di stoccaggio dell'acqua oltre 8 ettari,suitable,yes,resident,0.0,4120.0,0.0,10.0
530,530,Lutra Lutra,Lontra Eurasiatica,Eurasian Otter,218069689,ok,15.3,Stagni per l'acquacoltura,suitable,yes,unknown,0.0,4120.0,0.0,10.0
530,530,Lutra Lutra,Lontra Eurasiatica,Eurasian Otter,218069689,ok,15.2,Stagni sotto gli 8 ettari,suitable,yes,resident,0.0,4120.0,0.0,10.0
530,530,Lutra Lutra,Lontra Eurasiatica,Eurasian Otter,218069689,ok,13.4,Lagune costiere salmastre/saline/laghi marini,suitable,yes,resident,0.0,4120.0,0.0,10.0
530,530,Lutra Lutra,Lontra Eurasiatica,Eurasian Otter,218069689,ok,5.9,Zone umide (interne) – Sorgenti di acqua dolce e oasi,unknown,unknown,unknown,0.0,4120.0,0.0,10.0
530,530,Lutra Lutra,Lontra Eurasiatica,Eurasian Otter,218069689,ok,1.7,Foresta – Vegetazione di mangrovie subtropicale/tropicale al di sopra del livello dell'alta marea,marginal,unknown,unknown,0.0,4120.0,0.0,10.0
530,530,Lutra Lutra,Lontra Eurasiatica,Eurasian Otter,218069689,ok,13.5,Laghi costieri di acqua dolce,suitable,yes,resident,0.0,4120.0,0.0,10.0
530,530,Lutra Lutra,Lontra Eurasiatica,Eurasian Otter,218069689,ok,5.10,Zone umide (interne) – Zone umide della tundra,marginal,unknown,unknown,0.0,4120.0,0.0,10.0
530,530,Lutra Lutra,Lontra Eurasiatica,Eurasian Otter,218069689,ok,5.11,Zone umide (interne) – Zone umide alpine,marginal,unknown,unknown,0.0,4120.0,0.0,10.0
530,530,Lutra Lutra,Lontra Eurasiatica,Eurasian Otter,218069689,ok,1.6,Foresta – Pianura umida subtropicale/tropicale,marginal,unknown,unknown,0.0,4120.0,0.0,10.0
530,530,Lutra Lutra,Lontra Eurasiatica,Eurasian Otter,218069689,ok,5.6,Zone umide (interne) – Laghi d'acqua dolce stagionali/intermittenti (oltre 8 ha),suitable,yes,resident,0.0,4120.0,0.0,10.0
530,530,Lutra Lutra,Lontra Eurasiatica,Eurasian Otter,218069689,ok,5.7,Zone umide (interne) – Paludi/stagni d'acqua dolce permanenti (inferiori a 8 ettari),suitable,yes,resident,0.0,4120.0,0.0,10.0
530,530,Lutra Lutra,Lontra Eurasiatica,Eurasian Otter,218069689,ok,5.5,Zone umide (interne) – Laghi permanenti di acqua dolce (oltre 8 ettari),suitable,yes,resident,0.0,4120.0,0.0,10.0
530,530,Lutra Lutra,Lontra Eurasiatica,Eurasian Otter,218069689,ok,5.16,"Zone umide (interne) – Paludi/stagni permanenti salini, salmastri o alcalini",marginal,unknown,unknown,0.0,4120.0,0.0,10.0
530,530,Lutra Lutra,Lontra Eurasiatica,Eurasian Otter,218069689,ok,5.14,"Zone umide (interne) – Laghi permanenti salini, salmastri o alcalini",marginal,unknown,unknown,0.0,4120.0,0.0,10.0
530,530,Lutra Lutra,Lontra Eurasiatica,Eurasian Otter,218069689,ok,5.15,"Zone umide (interne) – Laghi e piane salmastre, saline o alcaline stagionali/intermittenti",marginal,unknown,unknown,0.0,4120.0,0.0,10.0
530,530,Lutra Lutra,Lontra Eurasiatica,Eurasian Otter,218069689,ok,9.10,Estuari,suitable,yes,resident,0.0,4120.0,0.0,10.0
531,531,Mustela Putorius,Furetto Selvatico Europeo,European Polecat,45214384,ok,5.1,Zone umide (interne) – Fiumi/torrenti/cascate permanenti,suitable,unknown,unknown,0.0,2400.0,,
531,531,Mustela Putorius,Furetto Selvatico Europeo,European Polecat,45214384,ok,13.3,Dune sabbiose costiere,suitable,unknown,unknown,0.0,2400.0,,
531,531,Mustela Putorius,Furetto Selvatico Europeo,European Polecat,45214384,ok,14.2,Pascoli,suitable,unknown,unknown,0.0,2400.0,,
531,531,Mustela Putorius,Furetto Selvatico Europeo,European Polecat,45214384,ok,14.1,Terreno arabile,suitable,unknown,unknown,0.0,2400.0,,
531,531,Mustela Putorius,Furetto Selvatico Europeo,European Polecat,45214384,ok,5.4,"Zone umide (interne) – Paludi, acquitrini, torbiere",suitable,unknown,unknown,0.0,2400.0,,
531,531,Mustela Putorius,Furetto Selvatico Europeo,European Polecat,45214384,ok,4.4,Prateria – Temperata,suitable,unknown,unknown,0.0,2400.0,,
531,531,Mustela Putorius,Furetto Selvatico Europeo,European Polecat,45214384,ok,14.4,Orti rurali,suitable,unknown,unknown,0.0,2400.0,,
531,531,Mustela Putorius,Furetto Selvatico Europeo,European Polecat,45214384,ok,1.4,Foresta – Temperata,suitable,unknown,unknown,0.0,2400.0,,
531,531,Mustela Putorius,Furetto Selvatico Europeo,European Polecat,45214384,ok,3.4,Arbusti – Temperati,suitable,unknown,unknown,0.0,2400.0,,
531,531,Mustela Putorius,Furetto Selvatico Europeo,European Polecat,45214384,ok,5.7,Zone umide (interne) – Paludi/stagni d'acqua dolce permanenti (inferiori a 8 ettari),suitable,unknown,unknown,0.0,2400.0,,
531,531,Mustela Putorius,Furetto Selvatico Europeo,European Polecat,45214384,ok,5.3,Zone umide (interne) – Zone umide dominate da arbusti,suitable,unknown,unknown,0.0,2400.0,,
531,531,Mustela Putorius,Furetto Selvatico Europeo,European Polecat,45214384,ok,5.8,Zone umide (interne) – Paludi/stagni d'acqua dolce stagionali/intermittenti (inferiori a 8 ettari),suitable,unknown,unknown,0.0,2400.0,,
531,531,Mustela Putorius,Furetto Selvatico Europeo,European Polecat,45214384,ok,3.8,Arbusti – Vegetazione arbustiva di tipo mediterraneo,suitable,unknown,unknown,0.0,2400.0,,
531,531,Mustela Putorius,Furetto Selvatico Europeo,European Polecat,45214384,ok,5.2,Zone umide (interne) – Fiumi/torrenti/canali stagionali/intermittenti/irregolari,suitable,unknown,unknown,0.0,2400.0,,
532,532,Ailurus Fulgens,Panda Rosso,Red Panda,110023718,ok,1.9,Foresta – Subtropicale/tropicale umida montana,suitable,yes,resident,2500.0,4800.0,,
532,532,Ailurus Fulgens,Panda Rosso,Red Panda,110023718,ok,3.7,Arbusti – Zone subtropicali/tropicali di alta quota,marginal,unknown,unknown,2500.0,4800.0,,
533,533,Glis Glis,Ghiro,Edible Dormouse,197292692,ok,14.3,Piantagioni,suitable,unknown,unknown,0.0,2000.0,,
533,533,Glis Glis,Ghiro,Edible Dormouse,197292692,ok,14.4,Orti rurali,suitable,unknown,unknown,0.0,2000.0,,
533,533,Glis Glis,Ghiro,Edible Dormouse,197292692,ok,3.4,Arbusti – Temperati,suitable,unknown,unknown,0.0,2000.0,,
533,533,Glis Glis,Ghiro,Edible Dormouse,197292692,ok,3.8,Arbusti – Vegetazione arbustiva di tipo mediterraneo,suitable,unknown,unknown,0.0,2000.0,,
533,533,Glis Glis,Ghiro,Edible Dormouse,197292692,ok,1.4,Foresta – Temperata,suitable,unknown,unknown,0.0,2000.0,,
534,534,Hydrurga Leptonyx,Leopardo Marino,Leopard Seal,45226422,ok,12.1,Costa rocciosa,suitable,no,resident,,3.0,,304.0
534,534,Hydrurga Leptonyx,Leopardo Marino,Leopard Seal,45226422,ok,13.1,Scogliere marine e isole rocciose al largo della costa,suitable,no,resident,,3.0,,304.0
534,534,Hydrurga Leptonyx,Leopardo Marino,Leopard Seal,45226422,ok,10.1,Epipelagico (0–200 m),suitable,yes,resident,,3.0,,304.0
534,534,Hydrurga Leptonyx,Leopardo Marino,Leopard Seal,45226422,ok,9.1,Neritico marino – Pelagico,suitable,yes,resident,,3.0,,304.0
534,534,Hydrurga Leptonyx,Leopardo Marino,Leopard Seal,45226422,ok,17,Altri,suitable,yes,resident,,3.0,,304.0
534,534,Hydrurga Leptonyx,Leopardo Marino,Leopard Seal,45226422,ok,10.2,Mesopelagico (200–1.000 m),suitable,no,resident,,3.0,,304.0
534,534,Hydrurga Leptonyx,Leopardo Marino,Leopard Seal,45226422,ok,12.2,"Coste sabbiose e/o spiagge, banchi di sabbia, lingue di sabbia",suitable,no,resident,,3.0,,304.0
535,535,Muscardinus Avellanarius,Moscardino,Hazel Dormouse,197519168,ok,1.4,Foresta – Temperata,suitable,unknown,unknown,,1920.0,,
536,536,Pygoscelis Adeliae,Pinguino Di Adelia,Adélie Penguin,157660553,ok,12.1,Costa rocciosa,suitable,yes,breeding,,,,180.0
536,536,Pygoscelis Adeliae,Pinguino Di Adelia,Adélie Penguin,157660553,ok,10.2,Mesopelagico (200–1.000 m),suitable,yes,breeding,,,,180.0
536,536,Pygoscelis Adeliae,Pinguino Di Adelia,Adélie Penguin,157660553,ok,10.1,Epipelagico (0–200 m),suitable,yes,breeding,,,,180.0
536,536,Pygoscelis Adeliae,Pinguino Di Adelia,Adélie Penguin,157660553,ok,9.9,Erba marina sommersa,suitable,yes,breeding,,,,180.0
536,536,Pygoscelis Adeliae,Pinguino Di Adelia,Adélie Penguin,157660553,ok,9.7,Neritico marino – Macroalghe/alghe,suitable,yes,breeding,,,,180.0
536,536,Pygoscelis Adeliae,Pinguino Di Adelia,Adélie Penguin,157660553,ok,6,Zone rocciose,suitable,yes,breeding,,,,180.0
536,536,Pygoscelis Adeliae,Pinguino Di Adelia,Adélie Penguin,157660553,ok,9.1,Neritico marino – Pelagico,suitable,yes,breeding,,,,180.0
536,536,Pygoscelis Adeliae,Pinguino Di Adelia,Adélie Penguin,157660553,ok,9.2,Neritica marina – Rocce e scogliere rocciose subtidali,suitable,yes,breeding,,,,180.0
536,536,Pygoscelis Adeliae,Pinguino Di Adelia,Adélie Penguin,157660553,ok,9.3,Neritico marino – Roccia/ciottoli/ghiaia sciolti subtidali,suitable,yes,breeding,,,,180.0
536,536,Pygoscelis Adeliae,Pinguino Di Adelia,Adélie Penguin,157660553,ok,9.4,Neritico marino – Sabbioso subtidale,suitable,yes,breeding,,,,180.0
536,536,Pygoscelis Adeliae,Pinguino Di Adelia,Adélie Penguin,157660553,ok,9.5,Neritico marino – Fango sabbioso subtidale,suitable,yes,breeding,,,,180.0
537,537,Cricetus Cricetus,Criceto Selvatico Europeo,European Hamster,111875852,ok,4.4,Prateria – Temperata,suitable,unknown,unknown,0.0,650.0,,
537,537,Cricetus Cricetus,Criceto Selvatico Europeo,European Hamster,111875852,ok,3.4,Arbusti – Temperati,suitable,unknown,unknown,0.0,650.0,,
537,537,Cricetus Cricetus,Criceto Selvatico Europeo,European Hamster,111875852,ok,14.4,Orti rurali,marginal,unknown,unknown,0.0,650.0,,
537,537,Cricetus Cricetus,Criceto Selvatico Europeo,European Hamster,111875852,ok,14.2,Pascoli,marginal,unknown,unknown,0.0,650.0,,
537,537,Cricetus Cricetus,Criceto Selvatico Europeo,European Hamster,111875852,ok,14.1,Terreno arabile,suitable,unknown,unknown,0.0,650.0,,
537,537,Cricetus Cricetus,Criceto Selvatico Europeo,European Hamster,111875852,ok,14.5,Aree urbane,marginal,unknown,unknown,0.0,650.0,,
538,538,Balaenoptera Physalus,Balenottera Comune,Fin Whale,50349982,ok,10.1,Epipelagico (0–200 m),suitable,yes,unknown,,,,
538,538,Balaenoptera Physalus,Balenottera Comune,Fin Whale,50349982,ok,9.1,Neritico marino – Pelagico,suitable,yes,unknown,,,,
539,539,Arvicola Amphibius,Topo D'Acqua Europeo,European Water Vole,219451755,ok,14.2,Pascoli,suitable,unknown,unknown,0.0,3210.0,,
539,539,Arvicola Amphibius,Topo D'Acqua Europeo,European Water Vole,219451755,ok,15.7,"Terreni irrigati, compresi i canali di irrigazione",suitable,unknown,unknown,0.0,3210.0,,
539,539,Arvicola Amphibius,Topo D'Acqua Europeo,European Water Vole,219451755,ok,1.1,Foresta boreale,suitable,unknown,unknown,0.0,3210.0,,
539,539,Arvicola Amphibius,Topo D'Acqua Europeo,European Water Vole,219451755,ok,4.4,Prateria – Temperata,suitable,unknown,unknown,0.0,3210.0,,
539,539,Arvicola Amphibius,Topo D'Acqua Europeo,European Water Vole,219451755,ok,5.1,Zone umide (interne) – Fiumi/torrenti/cascate permanenti,suitable,unknown,unknown,0.0,3210.0,,
539,539,Arvicola Amphibius,Topo D'Acqua Europeo,European Water Vole,219451755,ok,5.4,"Zone umide (interne) – Paludi, acquitrini, torbiere",suitable,unknown,unknown,0.0,3210.0,,
539,539,Arvicola Amphibius,Topo D'Acqua Europeo,European Water Vole,219451755,ok,5.5,Zone umide (interne) – Laghi permanenti di acqua dolce (oltre 8 ettari),suitable,unknown,unknown,0.0,3210.0,,
539,539,Arvicola Amphibius,Topo D'Acqua Europeo,European Water Vole,219451755,ok,5.7,Zone umide (interne) – Paludi/stagni d'acqua dolce permanenti (inferiori a 8 ettari),suitable,unknown,unknown,0.0,3210.0,,
539,539,Arvicola Amphibius,Topo D'Acqua Europeo,European Water Vole,219451755,ok,1.4,Foresta – Temperata,suitable,unknown,unknown,0.0,3210.0,,
539,539,Arvicola Amphibius,Topo D'Acqua Europeo,European Water Vole,219451755,ok,14.5,Aree urbane,suitable,unknown,unknown,0.0,3210.0,,
540,540,Orcinus Orca,Orca,Orca,50368125,ok,10.1,Epipelagico (0–200 m),suitable,yes,resident,0.0,0.0,1000.0,
540,540,Orcinus Orca,Orca,Orca,50368125,ok,9.10,Estuari,suitable,yes,resident,0.0,0.0,1000.0,
540,540,Orcinus Orca,Orca,Orca,50368125,ok,9.1,Neritico marino – Pelagico,suitable,yes,resident,0.0,0.0,1000.0,
540,540,Orcinus Orca,Orca,Orca,50368125,ok,10.2,Mesopelagico (200–1.000 m),suitable,no,resident,0.0,0.0,1000.0,
541,541,Sorex Araneus,Toporagno Comune,Common Shrew,115170489,ok,13.3,Dune sabbiose costiere,marginal,unknown,unknown,0.0,2500.0,,
541,541,Sorex Araneus,Toporagno Comune,Common Shrew,115170489,ok,14.1,Terreno arabile,marginal,unknown,unknown,0.0,2500.0,,
541,541,Sorex Araneus,Toporagno Comune,Common Shrew,115170489,ok,1.4,Foresta – Temperata,suitable,unknown,unknown,0.0,2500.0,,
541,541,Sorex Araneus,Toporagno Comune,Common Shrew,115170489,ok,5.4,"Zone umide (interne) – Paludi, acquitrini, torbiere",suitable,unknown,unknown,0.0,2500.0,,
541,541,Sorex Araneus,Toporagno Comune,Common Shrew,115170489,ok,14.2,Pascoli,marginal,unknown,unknown,0.0,2500.0,,
541,541,Sorex Araneus,Toporagno Comune,Common Shrew,115170489,ok,1.1,Foresta boreale,suitable,unknown,unknown,0.0,2500.0,,
541,541,Sorex Araneus,Toporagno Comune,Common Shrew,115170489,ok,3.4,Arbusti – Temperati,marginal,unknown,unknown,0.0,2500.0,,
542,542,Diomedea Exulans,Albatros Urlatore,Wandering Albatross,132640680,ok,10.1,Epipelagico (0–200 m),suitable,yes,breeding,,,,
542,542,Diomedea Exulans,Albatros Urlatore,Wandering Albatross,132640680,ok,9.1,Neritico marino – Pelagico,suitable,yes,breeding,,,,
542,542,Diomedea Exulans,Albatros Urlatore,Wandering Albatross,132640680,ok,4.3,Prateria – Subantartica,suitable,yes,breeding,,,,
543,543,Dendrocopos Major,Picchio Rosso Maggiore,Great Spotted Woodpecker,280946929,ok,1.1,Foresta boreale,suitable,no,resident,0.0,2500.0,,
543,543,Dendrocopos Major,Picchio Rosso Maggiore,Great Spotted Woodpecker,280946929,ok,1.6,Foresta – Pianura umida subtropicale/tropicale,suitable,yes,resident,0.0,2500.0,,
543,543,Dendrocopos Major,Picchio Rosso Maggiore,Great Spotted Woodpecker,280946929,ok,14.3,Piantagioni,suitable,no,resident,0.0,2500.0,,
543,543,Dendrocopos Major,Picchio Rosso Maggiore,Great Spotted Woodpecker,280946929,ok,14.4,Orti rurali,suitable,no,resident,0.0,2500.0,,
543,543,Dendrocopos Major,Picchio Rosso Maggiore,Great Spotted Woodpecker,280946929,ok,1.4,Foresta – Temperata,suitable,yes,resident,0.0,2500.0,,
543,543,Dendrocopos Major,Picchio Rosso Maggiore,Great Spotted Woodpecker,280946929,ok,1.9,Foresta – Subtropicale/tropicale umida montana,suitable,no,resident,0.0,2500.0,,
543,543,Dendrocopos Major,Picchio Rosso Maggiore,Great Spotted Woodpecker,280946929,ok,14.5,Aree urbane,suitable,no,resident,0.0,2500.0,,
543,543,Dendrocopos Major,Picchio Rosso Maggiore,Great Spotted Woodpecker,280946929,ok,1.5,Foresta – Subtropicale/tropicale secca,suitable,no,resident,0.0,2500.0,,
544,544,Budorcas Taxicolor,Takin,Takin,9643719,ok,3.4,Arbusti – Temperati,suitable,yes,unknown,1000.0,4000.0,,
544,544,Budorcas Taxicolor,Takin,Takin,9643719,ok,4.7,Prateria – Alta quota subtropicale/tropicale,suitable,yes,unknown,1000.0,4000.0,,
544,544,Budorcas Taxicolor,Takin,Takin,9643719,ok,3.6,Arbusti – Subtropicale/tropicale umido,suitable,yes,unknown,1000.0,4000.0,,
544,544,Budorcas Taxicolor,Takin,Takin,9643719,ok,1.4,Foresta – Temperata,suitable,yes,unknown,1000.0,4000.0,,
544,544,Budorcas Taxicolor,Takin,Takin,9643719,ok,4.4,Prateria – Temperata,suitable,yes,unknown,1000.0,4000.0,,
544,544,Budorcas Taxicolor,Takin,Takin,9643719,ok,1.9,Foresta – Subtropicale/tropicale umida montana,suitable,yes,unknown,1000.0,4000.0,,
545,545,Dryocopus Martius,Picchio Nero,Black Woodpecker,264542554,ok,1.1,Foresta boreale,suitable,yes,breeding,0.0,2400.0,,
545,545,Dryocopus Martius,Picchio Nero,Black Woodpecker,264542554,ok,1.5,Foresta – Subtropicale/tropicale secca,suitable,no,breeding,0.0,2400.0,,
545,545,Dryocopus Martius,Picchio Nero,Black Woodpecker,264542554,ok,1.4,Foresta – Temperata,suitable,yes,breeding,0.0,2400.0,,
546,546,Prionailurus B. Iriomotensis,Gatto Di Iriomote,Iriomote Cat,,assessment_not_found,,,unknown,unknown,unknown,,,,
547,547,Strix Aluco,Allocco Comune,Tawny Owl,264546097,ok,14.6,Foresta subtropicale/tropicale fortemente degradata,suitable,no,resident,0.0,4250.0,,
547,547,Strix Aluco,Allocco Comune,Tawny Owl,264546097,ok,14.3,Piantagioni,suitable,no,resident,0.0,4250.0,,
547,547,Strix Aluco,Allocco Comune,Tawny Owl,264546097,ok,1.1,Foresta boreale,suitable,no,resident,0.0,4250.0,,
547,547,Strix Aluco,Allocco Comune,Tawny Owl,264546097,ok,3.3,Arbusti – Boreale,suitable,no,resident,0.0,4250.0,,
547,547,Strix Aluco,Allocco Comune,Tawny Owl,264546097,ok,14.4,Orti rurali,suitable,no,resident,0.0,4250.0,,
547,547,Strix Aluco,Allocco Comune,Tawny Owl,264546097,ok,3.8,Arbusti – Vegetazione arbustiva di tipo mediterraneo,suitable,no,resident,0.0,4250.0,,
547,547,Strix Aluco,Allocco Comune,Tawny Owl,264546097,ok,1.4,Foresta – Temperata,suitable,no,resident,0.0,4250.0,,
547,547,Strix Aluco,Allocco Comune,Tawny Owl,264546097,ok,3.4,Arbusti – Temperati,suitable,no,resident,0.0,4250.0,,
547,547,Strix Aluco,Allocco Comune,Tawny Owl,264546097,ok,14.1,Terreno arabile,suitable,no,resident,0.0,4250.0,,
547,547,Strix Aluco,Allocco Comune,Tawny Owl,264546097,ok,14.5,Aree urbane,suitable,no,resident,0.0,4250.0,,
547,547,Strix Aluco,Allocco Comune,Tawny Owl,264546097,ok,14.2,Pascoli,suitable,no,resident,0.0,4250.0,,
548,548,Neomonachus Schauinslandi,Foca Monaca Hawaiana,Hawaiian Monk Seal,272355581,ok,10.2,Mesopelagico (200–1.000 m),suitable,yes,resident,,3.0,,550.0
548,548,Neomonachus Schauinslandi,Foca Monaca Hawaiana,Hawaiian Monk Seal,272355581,ok,10.1,Epipelagico (0–200 m),suitable,yes,resident,,3.0,,550.0
548,548,Neomonachus Schauinslandi,Foca Monaca Hawaiana,Hawaiian Monk Seal,272355581,ok,12.1,Costa rocciosa,suitable,yes,resident,,3.0,,550.0
548,548,Neomonachus Schauinslandi,Foca Monaca Hawaiana,Hawaiian Monk Seal,272355581,ok,9.1,Neritico marino – Pelagico,suitable,yes,resident,,3.0,,550.0
548,548,Neomonachus Schauinslandi,Foca Monaca Hawaiana,Hawaiian Monk Seal,272355581,ok,13.1,Scogliere marine e isole rocciose al largo della costa,suitable,yes,resident,,3.0,,550.0
548,548,Neomonachus Schauinslandi,Foca Monaca Hawaiana,Hawaiian Monk Seal,272355581,ok,12.2,"Coste sabbiose e/o spiagge, banchi di sabbia, lingue di sabbia",suitable,yes,resident,,3.0,,550.0
549,549,Asio Otus,Gufo Comune,Long-Eared Owl,201150685,ok,1.9,Foresta – Subtropicale/tropicale umida montana,marginal,unknown,resident,0.0,2750.0,,
549,549,Asio Otus,Gufo Comune,Long-Eared Owl,201150685,ok,14.3,Piantagioni,suitable,no,resident,0.0,2750.0,,
549,549,Asio Otus,Gufo Comune,Long-Eared Owl,201150685,ok,5.3,Zone umide (interne) – Zone umide dominate da arbusti,suitable,no,breeding,0.0,2750.0,,
549,549,Asio Otus,Gufo Comune,Long-Eared Owl,201150685,ok,1.4,Foresta – Temperata,suitable,no,resident,0.0,2750.0,,
549,549,Asio Otus,Gufo Comune,Long-Eared Owl,201150685,ok,1.1,Foresta boreale,suitable,no,resident,0.0,2750.0,,
549,549,Asio Otus,Gufo Comune,Long-Eared Owl,201150685,ok,3.8,Arbusti – Vegetazione arbustiva di tipo mediterraneo,suitable,no,resident,0.0,2750.0,,
549,549,Asio Otus,Gufo Comune,Long-Eared Owl,201150685,ok,1.6,Foresta – Pianura umida subtropicale/tropicale,suitable,no,breeding,0.0,2750.0,,
549,549,Asio Otus,Gufo Comune,Long-Eared Owl,201150685,ok,5.4,"Zone umide (interne) – Paludi, acquitrini, torbiere",suitable,no,breeding,0.0,2750.0,,
549,549,Asio Otus,Gufo Comune,Long-Eared Owl,201150685,ok,5.16,"Zone umide (interne) – Paludi/stagni permanenti salini, salmastri o alcalini",suitable,no,breeding,0.0,2750.0,,
549,549,Asio Otus,Gufo Comune,Long-Eared Owl,201150685,ok,14.6,Foresta subtropicale/tropicale fortemente degradata,suitable,no,resident,0.0,2750.0,,
549,549,Asio Otus,Gufo Comune,Long-Eared Owl,201150685,ok,4.4,Prateria – Temperata,suitable,no,resident,0.0,2750.0,,
549,549,Asio Otus,Gufo Comune,Long-Eared Owl,201150685,ok,3.3,Arbusti – Boreale,suitable,no,resident,0.0,2750.0,,
549,549,Asio Otus,Gufo Comune,Long-Eared Owl,201150685,ok,3.4,Arbusti – Temperati,suitable,no,resident,0.0,2750.0,,
549,549,Asio Otus,Gufo Comune,Long-Eared Owl,201150685,ok,3.5,Arbusti – Zona secca subtropicale/tropicale,suitable,no,resident,0.0,2750.0,,
549,549,Asio Otus,Gufo Comune,Long-Eared Owl,201150685,ok,5.7,Zone umide (interne) – Paludi/stagni d'acqua dolce permanenti (inferiori a 8 ettari),suitable,no,breeding,0.0,2750.0,,
550,550,Chelonia Mydas,Tartaruga Verde,Green Sea Turtle,285108125,ok,13.3,Dune sabbiose costiere,suitable,unknown,unknown,,,,
550,550,Chelonia Mydas,Tartaruga Verde,Green Sea Turtle,285108125,ok,9.7,Neritico marino – Macroalghe/alghe,suitable,unknown,unknown,,,,
550,550,Chelonia Mydas,Tartaruga Verde,Green Sea Turtle,285108125,ok,9.9,Erba marina sommersa,suitable,unknown,unknown,,,,
550,550,Chelonia Mydas,Tartaruga Verde,Green Sea Turtle,285108125,ok,10.1,Epipelagico (0–200 m),suitable,unknown,unknown,,,,
550,550,Chelonia Mydas,Tartaruga Verde,Green Sea Turtle,285108125,ok,12.2,"Coste sabbiose e/o spiagge, banchi di sabbia, lingue di sabbia",suitable,unknown,unknown,,,,
551,551,Accipiter Nisus,Sparviero,Eurasian Sparrowhawk,199751254,ok,14.1,Terreno arabile,suitable,no,resident,0.0,4500.0,,
551,551,Accipiter Nisus,Sparviero,Eurasian Sparrowhawk,199751254,ok,14.3,Piantagioni,suitable,no,resident,0.0,4500.0,,
551,551,Accipiter Nisus,Sparviero,Eurasian Sparrowhawk,199751254,ok,3.5,Arbusti – Zona secca subtropicale/tropicale,suitable,no,breeding,0.0,4500.0,,
551,551,Accipiter Nisus,Sparviero,Eurasian Sparrowhawk,199751254,ok,14.4,Orti rurali,suitable,no,resident,0.0,4500.0,,
551,551,Accipiter Nisus,Sparviero,Eurasian Sparrowhawk,199751254,ok,3.4,Arbusti – Temperati,suitable,no,resident,0.0,4500.0,,
551,551,Accipiter Nisus,Sparviero,Eurasian Sparrowhawk,199751254,ok,1.4,Foresta – Temperata,suitable,no,resident,0.0,4500.0,,
551,551,Accipiter Nisus,Sparviero,Eurasian Sparrowhawk,199751254,ok,1.6,Foresta – Pianura umida subtropicale/tropicale,suitable,no,breeding,0.0,4500.0,,
551,551,Accipiter Nisus,Sparviero,Eurasian Sparrowhawk,199751254,ok,14.5,Aree urbane,suitable,no,resident,0.0,4500.0,,
551,551,Accipiter Nisus,Sparviero,Eurasian Sparrowhawk,199751254,ok,3.8,Arbusti – Vegetazione arbustiva di tipo mediterraneo,suitable,no,resident,0.0,4500.0,,
551,551,Accipiter Nisus,Sparviero,Eurasian Sparrowhawk,199751254,ok,2.1,Savana - Secca,suitable,no,breeding,0.0,4500.0,,
551,551,Accipiter Nisus,Sparviero,Eurasian Sparrowhawk,199751254,ok,3.3,Arbusti – Boreale,suitable,no,breeding,0.0,4500.0,,
551,551,Accipiter Nisus,Sparviero,Eurasian Sparrowhawk,199751254,ok,1.1,Foresta boreale,suitable,no,breeding,0.0,4500.0,,
552,552,Megaptera Novaeangliae,Megattera,Humpback Whale,50362794,ok,10.1,Epipelagico (0–200 m),suitable,yes,resident,,,,
552,552,Megaptera Novaeangliae,Megattera,Humpback Whale,50362794,ok,9.1,Neritico marino – Pelagico,suitable,yes,resident,,,,
553,553,Milvus Milvus,Nibbio Reale,Red Kite,181651010,ok,14.1,Terreno arabile,suitable,no,resident,0.0,1600.0,,
553,553,Milvus Milvus,Nibbio Reale,Red Kite,181651010,ok,14.2,Pascoli,suitable,no,resident,0.0,1600.0,,
553,553,Milvus Milvus,Nibbio Reale,Red Kite,181651010,ok,14.5,Aree urbane,suitable,no,breeding,0.0,1600.0,,
553,553,Milvus Milvus,Nibbio Reale,Red Kite,181651010,ok,3.8,Arbusti – Vegetazione arbustiva di tipo mediterraneo,suitable,yes,breeding,0.0,1600.0,,
553,553,Milvus Milvus,Nibbio Reale,Red Kite,181651010,ok,4.4,Prateria – Temperata,suitable,no,breeding,0.0,1600.0,,
553,553,Milvus Milvus,Nibbio Reale,Red Kite,181651010,ok,1.4,Foresta – Temperata,suitable,yes,breeding,0.0,1600.0,,
554,554,Branta Sandvicensis,Oca Delle Hawaii,Hawaiian Goose,194369606,ok,3.6,Arbusti – Subtropicale/tropicale umido,suitable,no,resident,0.0,2700.0,,
554,554,Branta Sandvicensis,Oca Delle Hawaii,Hawaiian Goose,194369606,ok,4.5,Prateria – Subtropicale/tropicale arida,suitable,yes,resident,0.0,2700.0,,
554,554,Branta Sandvicensis,Oca Delle Hawaii,Hawaiian Goose,194369606,ok,14.2,Pascoli,suitable,no,resident,0.0,2700.0,,
554,554,Branta Sandvicensis,Oca Delle Hawaii,Hawaiian Goose,194369606,ok,16,Vegetazione introdotta,suitable,no,resident,0.0,2700.0,,
554,554,Branta Sandvicensis,Oca Delle Hawaii,Hawaiian Goose,194369606,ok,3.7,Arbusti – Zone subtropicali/tropicali di alta quota,suitable,yes,resident,0.0,2700.0,,
554,554,Branta Sandvicensis,Oca Delle Hawaii,Hawaiian Goose,194369606,ok,4.7,Prateria – Alta quota subtropicale/tropicale,suitable,no,resident,0.0,2700.0,,
555,555,Circus Aeruginosus,Falco Di Palude,Western Marsh Harrier,203357709,ok,5.13,Zone umide (interne) – Delta interni permanenti,suitable,no,resident,0.0,3000.0,,
555,555,Circus Aeruginosus,Falco Di Palude,Western Marsh Harrier,203357709,ok,14.1,Terreno arabile,suitable,no,resident,0.0,3000.0,,
555,555,Circus Aeruginosus,Falco Di Palude,Western Marsh Harrier,203357709,ok,5.2,Zone umide (interne) – Fiumi/torrenti/canali stagionali/intermittenti/irregolari,suitable,no,resident,0.0,3000.0,,
555,555,Circus Aeruginosus,Falco Di Palude,Western Marsh Harrier,203357709,ok,5.4,"Zone umide (interne) – Paludi, acquitrini, torbiere",suitable,yes,resident,0.0,3000.0,,
555,555,Circus Aeruginosus,Falco Di Palude,Western Marsh Harrier,203357709,ok,5.5,Zone umide (interne) – Laghi permanenti di acqua dolce (oltre 8 ettari),suitable,no,resident,0.0,3000.0,,
555,555,Circus Aeruginosus,Falco Di Palude,Western Marsh Harrier,203357709,ok,5.7,Zone umide (interne) – Paludi/stagni d'acqua dolce permanenti (inferiori a 8 ettari),suitable,yes,resident,0.0,3000.0,,
555,555,Circus Aeruginosus,Falco Di Palude,Western Marsh Harrier,203357709,ok,12.5,Paludi salmastre,suitable,no,breeding,0.0,3000.0,,
555,555,Circus Aeruginosus,Falco Di Palude,Western Marsh Harrier,203357709,ok,5.1,Zone umide (interne) – Fiumi/torrenti/cascate permanenti,suitable,no,resident,0.0,3000.0,,
555,555,Circus Aeruginosus,Falco Di Palude,Western Marsh Harrier,203357709,ok,4.4,Prateria – Temperata,suitable,no,resident,0.0,3000.0,,
555,555,Circus Aeruginosus,Falco Di Palude,Western Marsh Harrier,203357709,ok,15.1,Aree di stoccaggio dell'acqua oltre 8 ettari,suitable,no,resident,0.0,3000.0,,
556,556,Stenella Longirostris,Stenella Dal Lungo Rostro,Spinner Dolphin,156927622,ok,10.3,Batipelagico (1.000–4.000 m),suitable,yes,resident,,,,
556,556,Stenella Longirostris,Stenella Dal Lungo Rostro,Spinner Dolphin,156927622,ok,10.2,Mesopelagico (200–1.000 m),suitable,yes,resident,,,,
556,556,Stenella Longirostris,Stenella Dal Lungo Rostro,Spinner Dolphin,156927622,ok,10.1,Epipelagico (0–200 m),suitable,yes,resident,,,,
556,556,Stenella Longirostris,Stenella Dal Lungo Rostro,Spinner Dolphin,156927622,ok,9.8,Neritica marina – Barriera corallina,suitable,no,resident,,,,
556,556,Stenella Longirostris,Stenella Dal Lungo Rostro,Spinner Dolphin,156927622,ok,9.1,Neritico marino – Pelagico,suitable,yes,resident,,,,
557,557,Alauda Arvensis,Allodola,Eurasian Skylark,132039889,ok,5.4,"Zone umide (interne) – Paludi, acquitrini, torbiere",suitable,no,breeding,,3500.0,,
557,557,Alauda Arvensis,Allodola,Eurasian Skylark,132039889,ok,14.2,Pascoli,suitable,no,breeding,,3500.0,,
557,557,Alauda Arvensis,Allodola,Eurasian Skylark,132039889,ok,4.4,Prateria – Temperata,suitable,no,breeding,,3500.0,,
557,557,Alauda Arvensis,Allodola,Eurasian Skylark,132039889,ok,12.6,Pozze di marea,suitable,no,breeding,,3500.0,,
557,557,Alauda Arvensis,Allodola,Eurasian Skylark,132039889,ok,12.5,Paludi salmastre,suitable,yes,breeding,,3500.0,,
557,557,Alauda Arvensis,Allodola,Eurasian Skylark,132039889,ok,3.4,Arbusti – Temperati,suitable,no,breeding,,3500.0,,
557,557,Alauda Arvensis,Allodola,Eurasian Skylark,132039889,ok,3.8,Arbusti – Vegetazione arbustiva di tipo mediterraneo,suitable,no,breeding,,3500.0,,
557,557,Alauda Arvensis,Allodola,Eurasian Skylark,132039889,ok,14.1,Terreno arabile,suitable,no,breeding,,3500.0,,
557,557,Alauda Arvensis,Allodola,Eurasian Skylark,132039889,ok,12.1,Costa rocciosa,suitable,no,breeding,,3500.0,,
557,557,Alauda Arvensis,Allodola,Eurasian Skylark,132039889,ok,12.3,Coste e/o spiagge di ciottoli e/o ghiaia,suitable,no,breeding,,3500.0,,
557,557,Alauda Arvensis,Allodola,Eurasian Skylark,132039889,ok,13.3,Dune sabbiose costiere,suitable,no,breeding,,3500.0,,
557,557,Alauda Arvensis,Allodola,Eurasian Skylark,132039889,ok,12.2,"Coste sabbiose e/o spiagge, banchi di sabbia, lingue di sabbia",suitable,no,breeding,,3500.0,,
557,557,Alauda Arvensis,Allodola,Eurasian Skylark,132039889,ok,4.5,Prateria – Subtropicale/tropicale arida,suitable,no,breeding,,3500.0,,
558,558,Motacilla Flava,Cutrettola,Western Yellow Wagtail,155602678,ok,5.5,Zone umide (interne) – Laghi permanenti di acqua dolce (oltre 8 ettari),suitable,no,breeding,,4500.0,,
558,558,Motacilla Flava,Cutrettola,Western Yellow Wagtail,155602678,ok,5.4,"Zone umide (interne) – Paludi, acquitrini, torbiere",suitable,no,breeding,,4500.0,,
558,558,Motacilla Flava,Cutrettola,Western Yellow Wagtail,155602678,ok,14.1,Terreno arabile,suitable,no,breeding,,4500.0,,
558,558,Motacilla Flava,Cutrettola,Western Yellow Wagtail,155602678,ok,14.2,Pascoli,suitable,no,breeding,,4500.0,,
558,558,Motacilla Flava,Cutrettola,Western Yellow Wagtail,155602678,ok,15.6,Aree di trattamento delle acque reflue,suitable,no,breeding,,4500.0,,
558,558,Motacilla Flava,Cutrettola,Western Yellow Wagtail,155602678,ok,3.4,Arbusti – Temperati,suitable,no,breeding,,4500.0,,
558,558,Motacilla Flava,Cutrettola,Western Yellow Wagtail,155602678,ok,4.1,Prateria – Tundra,suitable,no,breeding,,4500.0,,
558,558,Motacilla Flava,Cutrettola,Western Yellow Wagtail,155602678,ok,4.4,Prateria – Temperata,suitable,no,breeding,,4500.0,,
558,558,Motacilla Flava,Cutrettola,Western Yellow Wagtail,155602678,ok,5.1,Zone umide (interne) – Fiumi/torrenti/cascate permanenti,suitable,no,breeding,,4500.0,,
559,559,Capra Nubiana,Stambecco Nubiano,Nubian Ibex,22143385,ok,8.2,Deserto – Temperato,suitable,yes,unknown,,,,
559,559,Capra Nubiana,Stambecco Nubiano,Nubian Ibex,22143385,ok,8.1,Deserto – Caldo,suitable,yes,unknown,,,,
559,559,Capra Nubiana,Stambecco Nubiano,Nubian Ibex,22143385,ok,3.5,Arbusti – Zona secca subtropicale/tropicale,suitable,yes,unknown,,,,
559,559,Capra Nubiana,Stambecco Nubiano,Nubian Ibex,22143385,ok,6,Zone rocciose,suitable,yes,unknown,,,,
560,560,Luscinia Megarhynchos,Usignolo,Common Nightingale,264563469,ok,14.5,Aree urbane,suitable,no,breeding,0.0,2720.0,,
560,560,Luscinia Megarhynchos,Usignolo,Common Nightingale,264563469,ok,14.1,Terreno arabile,suitable,no,breeding,0.0,2720.0,,
560,560,Luscinia Megarhynchos,Usignolo,Common Nightingale,264563469,ok,1.5,Foresta – Subtropicale/tropicale secca,suitable,no,breeding,0.0,2720.0,,
560,560,Luscinia Megarhynchos,Usignolo,Common Nightingale,264563469,ok,14.3,Piantagioni,suitable,no,breeding,0.0,2720.0,,
560,560,Luscinia Megarhynchos,Usignolo,Common Nightingale,264563469,ok,1.4,Foresta – Temperata,suitable,yes,breeding,0.0,2720.0,,
560,560,Luscinia Megarhynchos,Usignolo,Common Nightingale,264563469,ok,3.5,Arbusti – Zona secca subtropicale/tropicale,suitable,no,breeding,0.0,2720.0,,
560,560,Luscinia Megarhynchos,Usignolo,Common Nightingale,264563469,ok,14.4,Orti rurali,suitable,no,breeding,0.0,2720.0,,
560,560,Luscinia Megarhynchos,Usignolo,Common Nightingale,264563469,ok,1.4,Foresta – Temperata,suitable,no,breeding,0.0,2720.0,,
560,560,Luscinia Megarhynchos,Usignolo,Common Nightingale,264563469,ok,3.8,Arbusti – Vegetazione arbustiva di tipo mediterraneo,suitable,no,breeding,0.0,2720.0,,
560,560,Luscinia Megarhynchos,Usignolo,Common Nightingale,264563469,ok,3.4,Arbusti – Temperati,suitable,yes,breeding,0.0,2720.0,,
560,560,Luscinia Megarhynchos,Usignolo,Common Nightingale,264563469,ok,1.6,Foresta – Pianura umida subtropicale/tropicale,suitable,no,breeding,0.0,2720.0,,
561,561,Gazella Marica,Gazzella Araba,Arabian Sand Gazelle,50187738,ok,8.1,Deserto – Caldo,suitable,yes,resident,,,,
562,562,Phylloscopus Collybita,Luì Piccolo,Common Chiffchaff,264567918,ok,5.3,Zone umide (interne) – Zone umide dominate da arbusti,suitable,no,breeding,,3300.0,,
562,562,Phylloscopus Collybita,Luì Piccolo,Common Chiffchaff,264567918,ok,5.8,Zone umide (interne) – Paludi/stagni d'acqua dolce stagionali/intermittenti (inferiori a 8 ettari),suitable,no,breeding,,3300.0,,
562,562,Phylloscopus Collybita,Luì Piccolo,Common Chiffchaff,264567918,ok,14.4,Orti rurali,suitable,no,breeding,,3300.0,,
562,562,Phylloscopus Collybita,Luì Piccolo,Common Chiffchaff,264567918,ok,3.5,Arbusti – Zona secca subtropicale/tropicale,suitable,no,breeding,,3300.0,,
562,562,Phylloscopus Collybita,Luì Piccolo,Common Chiffchaff,264567918,ok,5.9,Zone umide (interne) – Sorgenti di acqua dolce e oasi,suitable,no,breeding,,3300.0,,
562,562,Phylloscopus Collybita,Luì Piccolo,Common Chiffchaff,264567918,ok,2.1,Savana - Secca,suitable,no,breeding,,3300.0,,
562,562,Phylloscopus Collybita,Luì Piccolo,Common Chiffchaff,264567918,ok,1.7,Foresta – Vegetazione di mangrovie subtropicale/tropicale al di sopra del livello dell'alta marea,suitable,no,breeding,,3300.0,,
562,562,Phylloscopus Collybita,Luì Piccolo,Common Chiffchaff,264567918,ok,1.4,Foresta – Temperata,suitable,no,breeding,,3300.0,,
562,562,Phylloscopus Collybita,Luì Piccolo,Common Chiffchaff,264567918,ok,1.1,Foresta boreale,suitable,no,breeding,,3300.0,,
562,562,Phylloscopus Collybita,Luì Piccolo,Common Chiffchaff,264567918,ok,1.9,Foresta – Subtropicale/tropicale umida montana,suitable,no,breeding,,3300.0,,
562,562,Phylloscopus Collybita,Luì Piccolo,Common Chiffchaff,264567918,ok,3.8,Arbusti – Vegetazione arbustiva di tipo mediterraneo,suitable,no,breeding,,3300.0,,
562,562,Phylloscopus Collybita,Luì Piccolo,Common Chiffchaff,264567918,ok,5.1,Zone umide (interne) – Fiumi/torrenti/cascate permanenti,suitable,no,breeding,,3300.0,,
563,563,Sylvia Atricapilla,Capinero Maschio,Eurasian Blackcap,281023712,ok,14.5,Aree urbane,suitable,no,breeding,0.0,2200.0,,
563,563,Sylvia Atricapilla,Capinero Maschio,Eurasian Blackcap,281023712,ok,1.1,Foresta boreale,suitable,no,breeding,0.0,2200.0,,
563,563,Sylvia Atricapilla,Capinero Maschio,Eurasian Blackcap,281023712,ok,14.4,Orti rurali,suitable,no,breeding,0.0,2200.0,,
563,563,Sylvia Atricapilla,Capinero Maschio,Eurasian Blackcap,281023712,ok,3.8,Arbusti – Vegetazione arbustiva di tipo mediterraneo,suitable,no,breeding,0.0,2200.0,,
563,563,Sylvia Atricapilla,Capinero Maschio,Eurasian Blackcap,281023712,ok,14.3,Piantagioni,suitable,no,breeding,0.0,2200.0,,
563,563,Sylvia Atricapilla,Capinero Maschio,Eurasian Blackcap,281023712,ok,14.1,Terreno arabile,suitable,no,breeding,0.0,2200.0,,
563,563,Sylvia Atricapilla,Capinero Maschio,Eurasian Blackcap,281023712,ok,3.5,Arbusti – Zona secca subtropicale/tropicale,suitable,no,breeding,0.0,2200.0,,
563,563,Sylvia Atricapilla,Capinero Maschio,Eurasian Blackcap,281023712,ok,1.5,Foresta – Subtropicale/tropicale secca,suitable,no,breeding,0.0,2200.0,,
563,563,Sylvia Atricapilla,Capinero Maschio,Eurasian Blackcap,281023712,ok,1.7,Foresta – Vegetazione di mangrovie subtropicale/tropicale al di sopra del livello dell'alta marea,suitable,no,breeding,0.0,2200.0,,
563,563,Sylvia Atricapilla,Capinero Maschio,Eurasian Blackcap,281023712,ok,1.4,Foresta – Temperata,suitable,yes,breeding,0.0,2200.0,,
563,563,Sylvia Atricapilla,Capinero Maschio,Eurasian Blackcap,281023712,ok,1.9,Foresta – Subtropicale/tropicale umida montana,suitable,no,breeding,0.0,2200.0,,
563,563,Sylvia Atricapilla,Capinero Maschio,Eurasian Blackcap,281023712,ok,2.1,Savana - Secca,suitable,no,breeding,0.0,2200.0,,
564,564,Oriolus Oriolus,Rigogolo,Eurasian Golden Oriole,264564352,ok,2.1,Savana - Secca,suitable,no,breeding,,2400.0,,
564,564,Oriolus Oriolus,Rigogolo,Eurasian Golden Oriole,264564352,ok,14.4,Orti rurali,suitable,no,breeding,,2400.0,,
564,564,Oriolus Oriolus,Rigogolo,Eurasian Golden Oriole,264564352,ok,1.5,Foresta – Subtropicale/tropicale secca,suitable,no,breeding,,2400.0,,
564,564,Oriolus Oriolus,Rigogolo,Eurasian Golden Oriole,264564352,ok,1.9,Foresta – Subtropicale/tropicale umida montana,suitable,yes,breeding,,2400.0,,
564,564,Oriolus Oriolus,Rigogolo,Eurasian Golden Oriole,264564352,ok,1.4,Foresta – Temperata,suitable,yes,breeding,,2400.0,,
564,564,Oriolus Oriolus,Rigogolo,Eurasian Golden Oriole,264564352,ok,14.5,Aree urbane,suitable,no,breeding,,2400.0,,
564,564,Oriolus Oriolus,Rigogolo,Eurasian Golden Oriole,264564352,ok,3.5,Arbusti – Zona secca subtropicale/tropicale,suitable,no,breeding,,2400.0,,
565,565,Lanius Excubitor,Averla Maggiore,Great Grey Shrike,264540897,ok,1.4,Foresta – Temperata,suitable,no,breeding,,2800.0,,
565,565,Lanius Excubitor,Averla Maggiore,Great Grey Shrike,264540897,ok,3.8,Arbusti – Vegetazione arbustiva di tipo mediterraneo,suitable,no,breeding,,2800.0,,
565,565,Lanius Excubitor,Averla Maggiore,Great Grey Shrike,264540897,ok,3.4,Arbusti – Temperati,suitable,no,breeding,,2800.0,,
565,565,Lanius Excubitor,Averla Maggiore,Great Grey Shrike,264540897,ok,4.5,Prateria – Subtropicale/tropicale arida,suitable,no,breeding,,2800.0,,
565,565,Lanius Excubitor,Averla Maggiore,Great Grey Shrike,264540897,ok,6,Zone rocciose,suitable,no,breeding,,2800.0,,
565,565,Lanius Excubitor,Averla Maggiore,Great Grey Shrike,264540897,ok,3.5,Arbusti – Zona secca subtropicale/tropicale,suitable,no,breeding,,2800.0,,
565,565,Lanius Excubitor,Averla Maggiore,Great Grey Shrike,264540897,ok,1.1,Foresta boreale,suitable,no,breeding,,2800.0,,
565,565,Lanius Excubitor,Averla Maggiore,Great Grey Shrike,264540897,ok,8.1,Deserto – Caldo,suitable,no,breeding,,2800.0,,
565,565,Lanius Excubitor,Averla Maggiore,Great Grey Shrike,264540897,ok,2.1,Savana - Secca,suitable,yes,breeding,,2800.0,,
565,565,Lanius Excubitor,Averla Maggiore,Great Grey Shrike,264540897,ok,4.4,Prateria – Temperata,suitable,no,breeding,,2800.0,,
565,565,Lanius Excubitor,Averla Maggiore,Great Grey Shrike,264540897,ok,5.9,Zone umide (interne) – Sorgenti di acqua dolce e oasi,suitable,no,breeding,,2800.0,,
566,566,Pusa Sibirica,Foca Del Lago Baikal,Baikal Seal,45231738,ok,5.5,Zone umide (interne) – Laghi permanenti di acqua dolce (oltre 8 ettari),suitable,yes,resident,,,,
566,566,Pusa Sibirica,Foca Del Lago Baikal,Baikal Seal,45231738,ok,5.1,Zone umide (interne) – Fiumi/torrenti/cascate permanenti,marginal,unknown,resident,,,,
567,567,Coloeus Monedula,Taccola,Western Jackdaw,,assessment_not_found,,,unknown,unknown,unknown,,,,
568,568,Moschus Moschiferus,Cervo Muschiato Siberiano,Siberian Musk Deer,61977573,ok,1.1,Foresta boreale,suitable,yes,unknown,,,,
568,568,Moschus Moschiferus,Cervo Muschiato Siberiano,Siberian Musk Deer,61977573,ok,6,Zone rocciose,suitable,yes,unknown,,,,
568,568,Moschus Moschiferus,Cervo Muschiato Siberiano,Siberian Musk Deer,61977573,ok,1.4,Foresta – Temperata,suitable,yes,unknown,,,,
569,569,Corvus Frugilegus,Corvo Comune,Rook,154484620,ok,1.4,Foresta – Temperata,suitable,no,breeding,0.0,2000.0,,
569,569,Corvus Frugilegus,Corvo Comune,Rook,154484620,ok,4.4,Prateria – Temperata,suitable,no,breeding,0.0,2000.0,,
569,569,Corvus Frugilegus,Corvo Comune,Rook,154484620,ok,14.5,Aree urbane,suitable,no,breeding,0.0,2000.0,,
569,569,Corvus Frugilegus,Corvo Comune,Rook,154484620,ok,14.2,Pascoli,suitable,no,breeding,0.0,2000.0,,
569,569,Corvus Frugilegus,Corvo Comune,Rook,154484620,ok,14.1,Terreno arabile,suitable,no,breeding,0.0,2000.0,,
570,570,Sturnus Unicolor,Storno Nero,Spotless Starling,264580865,ok,14.5,Aree urbane,suitable,no,resident,0.0,2500.0,,
570,570,Sturnus Unicolor,Storno Nero,Spotless Starling,264580865,ok,3.8,Arbusti – Vegetazione arbustiva di tipo mediterraneo,suitable,no,resident,0.0,2500.0,,
570,570,Sturnus Unicolor,Storno Nero,Spotless Starling,264580865,ok,14.1,Terreno arabile,suitable,no,resident,0.0,2500.0,,
570,570,Sturnus Unicolor,Storno Nero,Spotless Starling,264580865,ok,14.4,Orti rurali,suitable,no,resident,0.0,2500.0,,
570,570,Sturnus Unicolor,Storno Nero,Spotless Starling,264580865,ok,4.4,Prateria – Temperata,suitable,no,resident,0.0,2500.0,,
571,571,Ciconia Ciconia,Cicogna Bianca,White Stork,281839847,ok,4.4,Prateria – Temperata,suitable,yes,breeding,0.0,3500.0,,
571,571,Ciconia Ciconia,Cicogna Bianca,White Stork,281839847,ok,14.2,Pascoli,suitable,yes,breeding,0.0,3500.0,,
572,572,Ciconia Nigra,Cicogna Nera,Black Stork,281840802,ok,5.7,Zone umide (interne) – Paludi/stagni d'acqua dolce permanenti (inferiori a 8 ettari),suitable,no,breeding,0.0,2000.0,,
572,572,Ciconia Nigra,Cicogna Nera,Black Stork,281840802,ok,5.1,Zone umide (interne) – Fiumi/torrenti/cascate permanenti,suitable,no,breeding,0.0,2000.0,,
572,572,Ciconia Nigra,Cicogna Nera,Black Stork,281840802,ok,5.4,"Zone umide (interne) – Paludi, acquitrini, torbiere",suitable,no,breeding,0.0,2000.0,,
573,573,Platalea Leucorodia,Spatola Comune,Eurasian Spoonbill,281857155,ok,1.7,Foresta – Vegetazione di mangrovie subtropicale/tropicale al di sopra del livello dell'alta marea,suitable,no,breeding,0.0,2000.0,,
573,573,Platalea Leucorodia,Spatola Comune,Eurasian Spoonbill,281857155,ok,13.4,Lagune costiere salmastre/saline/laghi marini,suitable,no,breeding,0.0,2000.0,,
573,573,Platalea Leucorodia,Spatola Comune,Eurasian Spoonbill,281857155,ok,13.5,Laghi costieri di acqua dolce,suitable,no,breeding,0.0,2000.0,,
573,573,Platalea Leucorodia,Spatola Comune,Eurasian Spoonbill,281857155,ok,5.7,Zone umide (interne) – Paludi/stagni d'acqua dolce permanenti (inferiori a 8 ettari),suitable,no,breeding,0.0,2000.0,,
573,573,Platalea Leucorodia,Spatola Comune,Eurasian Spoonbill,281857155,ok,9.10,Estuari,suitable,no,breeding,0.0,2000.0,,
573,573,Platalea Leucorodia,Spatola Comune,Eurasian Spoonbill,281857155,ok,15.7,"Terreni irrigati, compresi i canali di irrigazione",suitable,no,breeding,0.0,2000.0,,
574,574,Egretta Garzetta,Garzetta,Little Egret,154819214,ok,13.1,Scogliere marine e isole rocciose al largo della costa,suitable,no,resident,0.0,4200.0,,
574,574,Egretta Garzetta,Garzetta,Little Egret,154819214,ok,12.6,Pozze di marea,suitable,no,resident,0.0,4200.0,,
574,574,Egretta Garzetta,Garzetta,Little Egret,154819214,ok,12.4,Coste fangose e piane fangose intertidali,suitable,no,resident,0.0,4200.0,,
574,574,Egretta Garzetta,Garzetta,Little Egret,154819214,ok,12.3,Coste e/o spiagge di ciottoli e/o ghiaia,suitable,no,resident,0.0,4200.0,,
574,574,Egretta Garzetta,Garzetta,Little Egret,154819214,ok,12.2,"Coste sabbiose e/o spiagge, banchi di sabbia, lingue di sabbia",suitable,no,resident,0.0,4200.0,,
574,574,Egretta Garzetta,Garzetta,Little Egret,154819214,ok,1.7,Foresta – Vegetazione di mangrovie subtropicale/tropicale al di sopra del livello dell'alta marea,suitable,no,breeding,0.0,4200.0,,
574,574,Egretta Garzetta,Garzetta,Little Egret,154819214,ok,5.6,Zone umide (interne) – Laghi d'acqua dolce stagionali/intermittenti (oltre 8 ha),suitable,no,resident,0.0,4200.0,,
574,574,Egretta Garzetta,Garzetta,Little Egret,154819214,ok,5.5,Zone umide (interne) – Laghi permanenti di acqua dolce (oltre 8 ettari),suitable,yes,breeding,0.0,4200.0,,
574,574,Egretta Garzetta,Garzetta,Little Egret,154819214,ok,5.1,Zone umide (interne) – Fiumi/torrenti/cascate permanenti,suitable,yes,breeding,0.0,4200.0,,
574,574,Egretta Garzetta,Garzetta,Little Egret,154819214,ok,4.6,Prateria – Subtropicale/tropicale stagionalmente umida/allagata,suitable,yes,breeding,0.0,4200.0,,
574,574,Egretta Garzetta,Garzetta,Little Egret,154819214,ok,15.9,Canali e fossi di drenaggio,suitable,no,resident,0.0,4200.0,,
574,574,Egretta Garzetta,Garzetta,Little Egret,154819214,ok,15.8,Terreni agricoli soggetti a inondazioni stagionali,suitable,no,resident,0.0,4200.0,,
574,574,Egretta Garzetta,Garzetta,Little Egret,154819214,ok,15.2,Stagni sotto gli 8 ettari,suitable,no,resident,0.0,4200.0,,
574,574,Egretta Garzetta,Garzetta,Little Egret,154819214,ok,13.5,Laghi costieri di acqua dolce,suitable,no,resident,0.0,4200.0,,
574,574,Egretta Garzetta,Garzetta,Little Egret,154819214,ok,13.4,Lagune costiere salmastre/saline/laghi marini,suitable,no,resident,0.0,4200.0,,
574,574,Egretta Garzetta,Garzetta,Little Egret,154819214,ok,5.8,Zone umide (interne) – Paludi/stagni d'acqua dolce stagionali/intermittenti (inferiori a 8 ettari),suitable,no,resident,0.0,4200.0,,
574,574,Egretta Garzetta,Garzetta,Little Egret,154819214,ok,5.14,"Zone umide (interne) – Laghi permanenti salini, salmastri o alcalini",suitable,no,resident,0.0,4200.0,,
574,574,Egretta Garzetta,Garzetta,Little Egret,154819214,ok,5.15,"Zone umide (interne) – Laghi e piane salmastre, saline o alcaline stagionali/intermittenti",suitable,no,resident,0.0,4200.0,,
574,574,Egretta Garzetta,Garzetta,Little Egret,154819214,ok,9.8.1,Canale esterno della barriera corallina,suitable,no,resident,0.0,4200.0,,
574,574,Egretta Garzetta,Garzetta,Little Egret,154819214,ok,9.8.2,Pendio posteriore,suitable,no,resident,0.0,4200.0,,
574,574,Egretta Garzetta,Garzetta,Little Egret,154819214,ok,9.8.3,Pendio esterno,suitable,no,resident,0.0,4200.0,,
574,574,Egretta Garzetta,Garzetta,Little Egret,154819214,ok,9.8.4,Laguna,suitable,no,resident,0.0,4200.0,,
574,574,Egretta Garzetta,Garzetta,Little Egret,154819214,ok,9.8.5,Substrato soffice inter-barriera corallina,suitable,no,resident,0.0,4200.0,,
574,574,Egretta Garzetta,Garzetta,Little Egret,154819214,ok,9.8.6,Substrato di detriti inter-barriera corallina,suitable,no,resident,0.0,4200.0,,
574,574,Egretta Garzetta,Garzetta,Little Egret,154819214,ok,9.10,Estuari,suitable,yes,breeding,0.0,4200.0,,
575,575,Bubulcus Ibis,Airone Guardabuoi,Cattle Egret,280979746,ok,5.1,Zone umide (interne) – Fiumi/torrenti/cascate permanenti,suitable,yes,breeding,0.0,4550.0,,
575,575,Bubulcus Ibis,Airone Guardabuoi,Cattle Egret,280979746,ok,5.5,Zone umide (interne) – Laghi permanenti di acqua dolce (oltre 8 ettari),suitable,yes,breeding,0.0,4550.0,,
575,575,Bubulcus Ibis,Airone Guardabuoi,Cattle Egret,280979746,ok,1.6,Foresta – Pianura umida subtropicale/tropicale,suitable,no,passage,0.0,4550.0,,
575,575,Bubulcus Ibis,Airone Guardabuoi,Cattle Egret,280979746,ok,14.1,Terreno arabile,suitable,no,breeding,0.0,4550.0,,
575,575,Bubulcus Ibis,Airone Guardabuoi,Cattle Egret,280979746,ok,14.2,Pascoli,suitable,yes,breeding,0.0,4550.0,,
575,575,Bubulcus Ibis,Airone Guardabuoi,Cattle Egret,280979746,ok,4.6,Prateria – Subtropicale/tropicale stagionalmente umida/allagata,suitable,yes,breeding,0.0,4550.0,,
576,576,Tadorna Tadorna,Volpoca,Common Shelduck,154560262,ok,12.4,Coste fangose e piane fangose intertidali,suitable,yes,breeding,,,,
576,576,Tadorna Tadorna,Volpoca,Common Shelduck,154560262,ok,9.10,Estuari,suitable,yes,breeding,,,,
576,576,Tadorna Tadorna,Volpoca,Common Shelduck,154560262,ok,5.5,Zone umide (interne) – Laghi permanenti di acqua dolce (oltre 8 ettari),suitable,no,breeding,,,,
577,577,Somateria Mollissima,Edredone Comune,Common Eider,132525971,ok,9.5,Neritico marino – Fango sabbioso subtidale,suitable,yes,breeding,,,,
577,577,Somateria Mollissima,Edredone Comune,Common Eider,132525971,ok,9.2,Neritica marina – Rocce e scogliere rocciose subtidali,suitable,yes,breeding,,,,
577,577,Somateria Mollissima,Edredone Comune,Common Eider,132525971,ok,12.1,Costa rocciosa,suitable,yes,breeding,,,,
577,577,Somateria Mollissima,Edredone Comune,Common Eider,132525971,ok,9.7,Neritico marino – Macroalghe/alghe,suitable,yes,breeding,,,,
577,577,Somateria Mollissima,Edredone Comune,Common Eider,132525971,ok,13.5,Laghi costieri di acqua dolce,suitable,no,breeding,,,,
577,577,Somateria Mollissima,Edredone Comune,Common Eider,132525971,ok,9.9,Erba marina sommersa,suitable,yes,breeding,,,,
577,577,Somateria Mollissima,Edredone Comune,Common Eider,132525971,ok,9.4,Neritico marino – Sabbioso subtidale,suitable,yes,breeding,,,,
577,577,Somateria Mollissima,Edredone Comune,Common Eider,132525971,ok,9.3,Neritico marino – Roccia/ciottoli/ghiaia sciolti subtidali,suitable,yes,breeding,,,,
577,577,Somateria Mollissima,Edredone Comune,Common Eider,132525971,ok,13.1,Scogliere marine e isole rocciose al largo della costa,suitable,yes,breeding,,,,
577,577,Somateria Mollissima,Edredone Comune,Common Eider,132525971,ok,9.1,Neritico marino – Pelagico,marginal,unknown,breeding,,,,
577,577,Somateria Mollissima,Edredone Comune,Common Eider,132525971,ok,13.4,Lagune costiere salmastre/saline/laghi marini,suitable,no,breeding,,,,
577,577,Somateria Mollissima,Edredone Comune,Common Eider,132525971,ok,12.6,Pozze di marea,suitable,yes,breeding,,,,
578,578,Mergus Merganser,Smergo Maggiore,Common Merganser,132054083,ok,1.4,Foresta – Temperata,suitable,no,breeding,1900.0,1900.0,,
578,578,Mergus Merganser,Smergo Maggiore,Common Merganser,132054083,ok,9.5,Neritico marino – Fango sabbioso subtidale,suitable,no,breeding,1900.0,1900.0,,
578,578,Mergus Merganser,Smergo Maggiore,Common Merganser,132054083,ok,5.5,Zone umide (interne) – Laghi permanenti di acqua dolce (oltre 8 ettari),suitable,yes,breeding,1900.0,1900.0,,
578,578,Mergus Merganser,Smergo Maggiore,Common Merganser,132054083,ok,9.10,Estuari,suitable,no,breeding,1900.0,1900.0,,
578,578,Mergus Merganser,Smergo Maggiore,Common Merganser,132054083,ok,9.2,Neritica marina – Rocce e scogliere rocciose subtidali,suitable,no,breeding,1900.0,1900.0,,
578,578,Mergus Merganser,Smergo Maggiore,Common Merganser,132054083,ok,1.1,Foresta boreale,suitable,no,breeding,1900.0,1900.0,,
578,578,Mergus Merganser,Smergo Maggiore,Common Merganser,132054083,ok,9.7,Neritico marino – Macroalghe/alghe,suitable,no,breeding,1900.0,1900.0,,
578,578,Mergus Merganser,Smergo Maggiore,Common Merganser,132054083,ok,9.3,Neritico marino – Roccia/ciottoli/ghiaia sciolti subtidali,suitable,no,breeding,1900.0,1900.0,,
578,578,Mergus Merganser,Smergo Maggiore,Common Merganser,132054083,ok,9.9,Erba marina sommersa,suitable,no,breeding,1900.0,1900.0,,
578,578,Mergus Merganser,Smergo Maggiore,Common Merganser,132054083,ok,5.14,"Zone umide (interne) – Laghi permanenti salini, salmastri o alcalini",suitable,no,breeding,1900.0,1900.0,,
578,578,Mergus Merganser,Smergo Maggiore,Common Merganser,132054083,ok,5.1,Zone umide (interne) – Fiumi/torrenti/cascate permanenti,suitable,yes,breeding,1900.0,1900.0,,
578,578,Mergus Merganser,Smergo Maggiore,Common Merganser,132054083,ok,9.4,Neritico marino – Sabbioso subtidale,suitable,no,breeding,1900.0,1900.0,,
579,579,Vanellus Vanellus,Pavoncella,Northern Lapwing,205921412,ok,14.1,Terreno arabile,suitable,no,breeding,0.0,2200.0,,
579,579,Vanellus Vanellus,Pavoncella,Northern Lapwing,205921412,ok,14.2,Pascoli,suitable,no,breeding,0.0,2200.0,,
579,579,Vanellus Vanellus,Pavoncella,Northern Lapwing,205921412,ok,3.4,Arbusti – Temperati,suitable,no,breeding,0.0,2200.0,,
579,579,Vanellus Vanellus,Pavoncella,Northern Lapwing,205921412,ok,4.4,Prateria – Temperata,suitable,no,breeding,0.0,2200.0,,
579,579,Vanellus Vanellus,Pavoncella,Northern Lapwing,205921412,ok,12.4,Coste fangose e piane fangose intertidali,suitable,no,breeding,0.0,2200.0,,
579,579,Vanellus Vanellus,Pavoncella,Northern Lapwing,205921412,ok,5.4,"Zone umide (interne) – Paludi, acquitrini, torbiere",suitable,no,breeding,0.0,2200.0,,
579,579,Vanellus Vanellus,Pavoncella,Northern Lapwing,205921412,ok,15.7,"Terreni irrigati, compresi i canali di irrigazione",suitable,no,breeding,0.0,2200.0,,
579,579,Vanellus Vanellus,Pavoncella,Northern Lapwing,205921412,ok,15.9,Canali e fossi di drenaggio,suitable,no,breeding,0.0,2200.0,,
579,579,Vanellus Vanellus,Pavoncella,Northern Lapwing,205921412,ok,9.10,Estuari,suitable,no,breeding,0.0,2200.0,,
580,580,Haematopus Ostralegus,Ostricaro Eurasiatico,Eurasian Oystercatcher,154998347,ok,12.6,Pozze di marea,suitable,no,breeding,,,,
580,580,Haematopus Ostralegus,Ostricaro Eurasiatico,Eurasian Oystercatcher,154998347,ok,12.5,Paludi salmastre,suitable,yes,breeding,,,,
580,580,Haematopus Ostralegus,Ostricaro Eurasiatico,Eurasian Oystercatcher,154998347,ok,12.4,Coste fangose e piane fangose intertidali,suitable,no,breeding,,,,
580,580,Haematopus Ostralegus,Ostricaro Eurasiatico,Eurasian Oystercatcher,154998347,ok,12.3,Coste e/o spiagge di ciottoli e/o ghiaia,suitable,yes,breeding,,,,
580,580,Haematopus Ostralegus,Ostricaro Eurasiatico,Eurasian Oystercatcher,154998347,ok,12.2,"Coste sabbiose e/o spiagge, banchi di sabbia, lingue di sabbia",suitable,yes,breeding,,,,
580,580,Haematopus Ostralegus,Ostricaro Eurasiatico,Eurasian Oystercatcher,154998347,ok,12.1,Costa rocciosa,suitable,no,breeding,,,,
580,580,Haematopus Ostralegus,Ostricaro Eurasiatico,Eurasian Oystercatcher,154998347,ok,9.10,Estuari,suitable,no,breeding,,,,
580,580,Haematopus Ostralegus,Ostricaro Eurasiatico,Eurasian Oystercatcher,154998347,ok,5.1,Zone umide (interne) – Fiumi/torrenti/cascate permanenti,suitable,no,breeding,,,,
580,580,Haematopus Ostralegus,Ostricaro Eurasiatico,Eurasian Oystercatcher,154998347,ok,14.1,Terreno arabile,suitable,no,breeding,,,,
580,580,Haematopus Ostralegus,Ostricaro Eurasiatico,Eurasian Oystercatcher,154998347,ok,13.5,Laghi costieri di acqua dolce,suitable,no,breeding,,,,
580,580,Haematopus Ostralegus,Ostricaro Eurasiatico,Eurasian Oystercatcher,154998347,ok,13.4,Lagune costiere salmastre/saline/laghi marini,suitable,no,breeding,,,,
581,581,Numenius Arquata,Chiurlo Eurasiatico,Eurasian Curlew,117917038,ok,12.5,Paludi salmastre,suitable,no,breeding,,,,
581,581,Numenius Arquata,Chiurlo Eurasiatico,Eurasian Curlew,117917038,ok,12.4,Coste fangose e piane fangose intertidali,suitable,yes,breeding,,,,
581,581,Numenius Arquata,Chiurlo Eurasiatico,Eurasian Curlew,117917038,ok,1.7,Foresta – Vegetazione di mangrovie subtropicale/tropicale al di sopra del livello dell'alta marea,suitable,no,breeding,,,,
581,581,Numenius Arquata,Chiurlo Eurasiatico,Eurasian Curlew,117917038,ok,5.6,Zone umide (interne) – Laghi d'acqua dolce stagionali/intermittenti (oltre 8 ha),suitable,no,breeding,,,,
581,581,Numenius Arquata,Chiurlo Eurasiatico,Eurasian Curlew,117917038,ok,13.3,Dune sabbiose costiere,suitable,no,breeding,,,,
581,581,Numenius Arquata,Chiurlo Eurasiatico,Eurasian Curlew,117917038,ok,13.4,Lagune costiere salmastre/saline/laghi marini,suitable,no,breeding,,,,
581,581,Numenius Arquata,Chiurlo Eurasiatico,Eurasian Curlew,117917038,ok,13.5,Laghi costieri di acqua dolce,suitable,no,breeding,,,,
581,581,Numenius Arquata,Chiurlo Eurasiatico,Eurasian Curlew,117917038,ok,14.1,Terreno arabile,suitable,no,breeding,,,,
581,581,Numenius Arquata,Chiurlo Eurasiatico,Eurasian Curlew,117917038,ok,14.2,Pascoli,suitable,no,breeding,,,,
581,581,Numenius Arquata,Chiurlo Eurasiatico,Eurasian Curlew,117917038,ok,15.8,Terreni agricoli soggetti a inondazioni stagionali,suitable,no,breeding,,,,
581,581,Numenius Arquata,Chiurlo Eurasiatico,Eurasian Curlew,117917038,ok,3.4,Arbusti – Temperati,suitable,no,breeding,,,,
581,581,Numenius Arquata,Chiurlo Eurasiatico,Eurasian Curlew,117917038,ok,4.4,Prateria – Temperata,suitable,no,breeding,,,,
581,581,Numenius Arquata,Chiurlo Eurasiatico,Eurasian Curlew,117917038,ok,4.6,Prateria – Subtropicale/tropicale stagionalmente umida/allagata,suitable,no,breeding,,,,
581,581,Numenius Arquata,Chiurlo Eurasiatico,Eurasian Curlew,117917038,ok,5.1,Zone umide (interne) – Fiumi/torrenti/cascate permanenti,suitable,no,breeding,,,,
581,581,Numenius Arquata,Chiurlo Eurasiatico,Eurasian Curlew,117917038,ok,5.4,"Zone umide (interne) – Paludi, acquitrini, torbiere",suitable,yes,breeding,,,,
581,581,Numenius Arquata,Chiurlo Eurasiatico,Eurasian Curlew,117917038,ok,5.5,Zone umide (interne) – Laghi permanenti di acqua dolce (oltre 8 ettari),suitable,no,breeding,,,,
582,582,Chroicocephalus Ridibundus,Gabbiano Comune,Black-Headed Gull,,assessment_not_found,,,unknown,unknown,unknown,,,,
583,583,Sterna Hirundo,Sterna Comune,Common Tern,155537726,ok,13.1,Scogliere marine e isole rocciose al largo della costa,suitable,no,breeding,0.0,4000.0,,
583,583,Sterna Hirundo,Sterna Comune,Common Tern,155537726,ok,12.3,Coste e/o spiagge di ciottoli e/o ghiaia,suitable,no,breeding,0.0,4000.0,,
583,583,Sterna Hirundo,Sterna Comune,Common Tern,155537726,ok,12.2,"Coste sabbiose e/o spiagge, banchi di sabbia, lingue di sabbia",suitable,no,breeding,0.0,4000.0,,
583,583,Sterna Hirundo,Sterna Comune,Common Tern,155537726,ok,12.1,Costa rocciosa,suitable,no,breeding,0.0,4000.0,,
583,583,Sterna Hirundo,Sterna Comune,Common Tern,155537726,ok,9.10,Estuari,suitable,no,breeding,0.0,4000.0,,
583,583,Sterna Hirundo,Sterna Comune,Common Tern,155537726,ok,9.9,Erba marina sommersa,suitable,yes,breeding,0.0,4000.0,,
583,583,Sterna Hirundo,Sterna Comune,Common Tern,155537726,ok,9.7,Neritico marino – Macroalghe/alghe,suitable,yes,breeding,0.0,4000.0,,
583,583,Sterna Hirundo,Sterna Comune,Common Tern,155537726,ok,9.5,Neritico marino – Fango sabbioso subtidale,suitable,yes,breeding,0.0,4000.0,,
583,583,Sterna Hirundo,Sterna Comune,Common Tern,155537726,ok,5.1,Zone umide (interne) – Fiumi/torrenti/cascate permanenti,suitable,no,breeding,0.0,4000.0,,
583,583,Sterna Hirundo,Sterna Comune,Common Tern,155537726,ok,5.5,Zone umide (interne) – Laghi permanenti di acqua dolce (oltre 8 ettari),suitable,no,breeding,0.0,4000.0,,
583,583,Sterna Hirundo,Sterna Comune,Common Tern,155537726,ok,9.1,Neritico marino – Pelagico,suitable,no,breeding,0.0,4000.0,,
583,583,Sterna Hirundo,Sterna Comune,Common Tern,155537726,ok,9.2,Neritica marina – Rocce e scogliere rocciose subtidali,suitable,yes,breeding,0.0,4000.0,,
583,583,Sterna Hirundo,Sterna Comune,Common Tern,155537726,ok,9.3,Neritico marino – Roccia/ciottoli/ghiaia sciolti subtidali,suitable,yes,breeding,0.0,4000.0,,
583,583,Sterna Hirundo,Sterna Comune,Common Tern,155537726,ok,9.4,Neritico marino – Sabbioso subtidale,suitable,yes,breeding,0.0,4000.0,,
584,584,Uria Aalge,Uria Comune,Common Guillemot,132577296,ok,10.1,Epipelagico (0–200 m),suitable,no,breeding,,,,
584,584,Uria Aalge,Uria Comune,Common Guillemot,132577296,ok,9.5,Neritico marino – Fango sabbioso subtidale,suitable,yes,breeding,,,,
584,584,Uria Aalge,Uria Comune,Common Guillemot,132577296,ok,9.2,Neritica marina – Rocce e scogliere rocciose subtidali,suitable,yes,breeding,,,,
584,584,Uria Aalge,Uria Comune,Common Guillemot,132577296,ok,9.4,Neritico marino – Sabbioso subtidale,suitable,yes,breeding,,,,
584,584,Uria Aalge,Uria Comune,Common Guillemot,132577296,ok,9.7,Neritico marino – Macroalghe/alghe,suitable,yes,breeding,,,,
584,584,Uria Aalge,Uria Comune,Common Guillemot,132577296,ok,9.1,Neritico marino – Pelagico,suitable,yes,breeding,,,,
584,584,Uria Aalge,Uria Comune,Common Guillemot,132577296,ok,9.9,Erba marina sommersa,suitable,yes,breeding,,,,
584,584,Uria Aalge,Uria Comune,Common Guillemot,132577296,ok,9.3,Neritico marino – Roccia/ciottoli/ghiaia sciolti subtidali,suitable,yes,breeding,,,,
584,584,Uria Aalge,Uria Comune,Common Guillemot,132577296,ok,10.2,Mesopelagico (200–1.000 m),suitable,no,breeding,,,,
584,584,Uria Aalge,Uria Comune,Common Guillemot,132577296,ok,13.1,Scogliere marine e isole rocciose al largo della costa,suitable,yes,breeding,,,,
585,585,Fulmarus Glacialis,Fulmaro Boreale,Northern Fulmar,132609419,ok,10.2,Mesopelagico (200–1.000 m),suitable,yes,breeding,,300.0,,
585,585,Fulmarus Glacialis,Fulmaro Boreale,Northern Fulmar,132609419,ok,9.2,Neritica marina – Rocce e scogliere rocciose subtidali,suitable,no,breeding,,300.0,,
585,585,Fulmarus Glacialis,Fulmaro Boreale,Northern Fulmar,132609419,ok,9.1,Neritico marino – Pelagico,suitable,yes,breeding,,300.0,,
585,585,Fulmarus Glacialis,Fulmaro Boreale,Northern Fulmar,132609419,ok,10.1,Epipelagico (0–200 m),suitable,yes,breeding,,300.0,,
585,585,Fulmarus Glacialis,Fulmaro Boreale,Northern Fulmar,132609419,ok,9.5,Neritico marino – Fango sabbioso subtidale,suitable,no,breeding,,300.0,,
585,585,Fulmarus Glacialis,Fulmaro Boreale,Northern Fulmar,132609419,ok,9.3,Neritico marino – Roccia/ciottoli/ghiaia sciolti subtidali,suitable,no,breeding,,300.0,,
585,585,Fulmarus Glacialis,Fulmaro Boreale,Northern Fulmar,132609419,ok,9.7,Neritico marino – Macroalghe/alghe,suitable,no,breeding,,300.0,,
585,585,Fulmarus Glacialis,Fulmaro Boreale,Northern Fulmar,132609419,ok,9.4,Neritico marino – Sabbioso subtidale,suitable,no,breeding,,300.0,,
585,585,Fulmarus Glacialis,Fulmaro Boreale,Northern Fulmar,132609419,ok,13.1,Scogliere marine e isole rocciose al largo della costa,suitable,yes,breeding,,300.0,,
585,585,Fulmarus Glacialis,Fulmaro Boreale,Northern Fulmar,132609419,ok,9.9,Erba marina sommersa,suitable,no,breeding,,300.0,,
586,586,Phalacrocorax Aristotelis,Marangone Dal Ciuffo,European Shag,,assessment_not_found,,,unknown,unknown,unknown,,,,
587,587,Hippocampus Guttulatus,Ippocampo Maculato,Long-Snouted Seahorse,67617766,ok,9.4,Neritico marino – Sabbioso subtidale,suitable,unknown,unknown,,,0.0,30.0
587,587,Hippocampus Guttulatus,Ippocampo Maculato,Long-Snouted Seahorse,67617766,ok,9.3,Neritico marino – Roccia/ciottoli/ghiaia sciolti subtidali,suitable,unknown,unknown,,,0.0,30.0
587,587,Hippocampus Guttulatus,Ippocampo Maculato,Long-Snouted Seahorse,67617766,ok,15.11,Strutture antropiche marine,unknown,unknown,unknown,,,0.0,30.0
587,587,Hippocampus Guttulatus,Ippocampo Maculato,Long-Snouted Seahorse,67617766,ok,9.7,Neritico marino – Macroalghe/alghe,unknown,unknown,unknown,,,0.0,30.0
587,587,Hippocampus Guttulatus,Ippocampo Maculato,Long-Snouted Seahorse,67617766,ok,9.9,Erba marina sommersa,suitable,unknown,unknown,,,0.0,30.0
587,587,Hippocampus Guttulatus,Ippocampo Maculato,Long-Snouted Seahorse,67617766,ok,9.6,Neritico marino – Subtidale fangoso,unknown,unknown,unknown,,,0.0,30.0
587,587,Hippocampus Guttulatus,Ippocampo Maculato,Long-Snouted Seahorse,67617766,ok,9.5,Neritico marino – Fango sabbioso subtidale,unknown,unknown,unknown,,,0.0,30.0
587,587,Hippocampus Guttulatus,Ippocampo Maculato,Long-Snouted Seahorse,67617766,ok,12.1,Costa rocciosa,marginal,unknown,unknown,,,0.0,30.0
588,588,Syngnathus Acus,Pesce Ago Maggiore,Greater Pipefish,250591963,ok,9.7,Neritico marino – Macroalghe/alghe,suitable,unknown,resident,,,3.0,110.0
588,588,Syngnathus Acus,Pesce Ago Maggiore,Greater Pipefish,250591963,ok,9.9,Erba marina sommersa,suitable,unknown,resident,,,3.0,110.0
588,588,Syngnathus Acus,Pesce Ago Maggiore,Greater Pipefish,250591963,ok,9.2,Neritica marina – Rocce e scogliere rocciose subtidali,suitable,unknown,resident,,,3.0,110.0
588,588,Syngnathus Acus,Pesce Ago Maggiore,Greater Pipefish,250591963,ok,9.4,Neritico marino – Sabbioso subtidale,suitable,unknown,resident,,,3.0,110.0
589,589,Loligo Vulgaris,Calamaro Comune,European Squid,1961958,ok,9.5,Neritico marino – Fango sabbioso subtidale,suitable,unknown,resident,,,0.0,500.0
589,589,Loligo Vulgaris,Calamaro Comune,European Squid,1961958,ok,9.4,Neritico marino – Sabbioso subtidale,suitable,unknown,resident,,,0.0,500.0
589,589,Loligo Vulgaris,Calamaro Comune,European Squid,1961958,ok,9.3,Neritico marino – Roccia/ciottoli/ghiaia sciolti subtidali,suitable,unknown,resident,,,0.0,500.0
590,590,Homarus Gammarus,Aragosta Europea,European Lobster,69905303,ok,9.6,Neritico marino – Subtidale fangoso,suitable,unknown,unknown,,,0.0,150.0
590,590,Homarus Gammarus,Aragosta Europea,European Lobster,69905303,ok,9.5,Neritico marino – Fango sabbioso subtidale,suitable,unknown,unknown,,,0.0,150.0
590,590,Homarus Gammarus,Aragosta Europea,European Lobster,69905303,ok,9.4,Neritico marino – Sabbioso subtidale,suitable,unknown,unknown,,,0.0,150.0
590,590,Homarus Gammarus,Aragosta Europea,European Lobster,69905303,ok,9.3,Neritico marino – Roccia/ciottoli/ghiaia sciolti subtidali,suitable,unknown,unknown,,,0.0,150.0
590,590,Homarus Gammarus,Aragosta Europea,European Lobster,69905303,ok,9.2,Neritica marina – Rocce e scogliere rocciose subtidali,suitable,unknown,unknown,,,0.0,150.0
591,591,Palinurus Elephas,Aragosta Europea,European Spiny Lobster,1281221,ok,9.2,Neritica marina – Rocce e scogliere rocciose subtidali,suitable,unknown,unknown,,,5.0,260.0
592,592,Cancer Pagurus,Granchio Edibile,Edible Crab,,assessment_not_found,,,unknown,unknown,unknown,,,,
593,593,Maja Squinado,Granchio Ragno Europeo,European Spider Crab,,assessment_not_found,,,unknown,unknown,unknown,,,,
594,594,Nephrops Norvegicus,Scampo,Norway Lobster,85697412,ok,11.1.2,Pendio continentale/Zona batilica – Substrato morbido,suitable,unknown,unknown,,,20.0,800.0
594,594,Nephrops Norvegicus,Scampo,Norway Lobster,85697412,ok,11.1,Pendio continentale/Zona batilica (200–4.000 m),suitable,unknown,unknown,,,20.0,800.0
594,594,Nephrops Norvegicus,Scampo,Norway Lobster,85697412,ok,9.6,Neritico marino – Subtidale fangoso,suitable,unknown,unknown,,,20.0,800.0
594,594,Nephrops Norvegicus,Scampo,Norway Lobster,85697412,ok,9.5,Neritico marino – Fango sabbioso subtidale,suitable,unknown,unknown,,,20.0,800.0
595,595,Bolinus Brandaris,Murice Comune,Purple Dye Murex,,assessment_not_found,,,unknown,unknown,unknown,,,,
596,596,Mytilus Galloprovincialis,Cozza Mediterranea,Mediterranean Mussel,,assessment_not_found,,,unknown,unknown,unknown,,,,
597,597,Pecten Maximus,Capesante Reale,Great Scallop,,assessment_not_found,,,unknown,unknown,unknown,,,,
598,598,Coscinasterias Tenuispina,Stella Marina Spinosa,Spiny Starfish,,assessment_not_found,,,unknown,unknown,unknown,,,,
599,599,Rhizostoma Pulmo,Polmone Di Mare,Barrel Jellyfish,,assessment_not_found,,,unknown,unknown,unknown,,,,
600,600,Delphinus Delphis,Delfino Comune,Common Dolphin,286179278,ok,9.1,Neritico marino – Pelagico,suitable,yes,unknown,,,,
600,600,Delphinus Delphis,Delfino Comune,Common Dolphin,286179278,ok,10.1,Epipelagico (0–200 m),suitable,yes,unknown,,,,
601,601,Phocoena Phocoena,Focena Comune,Harbour Porpoise,247632759,ok,9.1,Neritico marino – Pelagico,suitable,yes,resident,,,,
601,601,Phocoena Phocoena,Focena Comune,Harbour Porpoise,247632759,ok,9.10,Estuari,suitable,no,resident,,,,
601,601,Phocoena Phocoena,Focena Comune,Harbour Porpoise,247632759,ok,10.1,Epipelagico (0–200 m),suitable,yes,resident,,,,
602,602,Balaena Mysticetus,Balena Della Groenlandia,Bowhead Whale,50347659,ok,9.1,Neritico marino – Pelagico,suitable,yes,unknown,,,,
602,602,Balaena Mysticetus,Balena Della Groenlandia,Bowhead Whale,50347659,ok,10.1,Epipelagico (0–200 m),suitable,yes,unknown,,,,
603,603,Arctictis Binturong,Binturong,Binturong,45217088,ok,1.6,Foresta – Pianura umida subtropicale/tropicale,suitable,yes,resident,0.0,3000.0,,
603,603,Arctictis Binturong,Binturong,Binturong,45217088,ok,1.9,Foresta – Subtropicale/tropicale umida montana,suitable,yes,resident,0.0,3000.0,,
603,603,Arctictis Binturong,Binturong,Binturong,45217088,ok,14.6,Foresta subtropicale/tropicale fortemente degradata,suitable,no,unknown,0.0,3000.0,,
603,603,Arctictis Binturong,Binturong,Binturong,45217088,ok,1.8,Foresta – Palude subtropicale/tropicale,suitable,no,resident,0.0,3000.0,,
604,604,Potos Flavus,Kinkajou,Kinkajou,45215631,ok,1.5,Foresta – Subtropicale/tropicale secca,suitable,yes,unknown,0.0,2500.0,,
604,604,Potos Flavus,Kinkajou,Kinkajou,45215631,ok,1.6,Foresta – Pianura umida subtropicale/tropicale,suitable,yes,unknown,0.0,2500.0,,
605,605,Dasyurus Maculatus,Quoll Maculato,Spotted-Tail Quoll,21946847,ok,3,Arbusti,suitable,unknown,unknown,,,,
605,605,Dasyurus Maculatus,Quoll Maculato,Spotted-Tail Quoll,21946847,ok,14.2,Pascoli,marginal,unknown,unknown,,,,
605,605,Dasyurus Maculatus,Quoll Maculato,Spotted-Tail Quoll,21946847,ok,1.9,Foresta – Subtropicale/tropicale umida montana,suitable,unknown,unknown,,,,
605,605,Dasyurus Maculatus,Quoll Maculato,Spotted-Tail Quoll,21946847,ok,1.6,Foresta – Pianura umida subtropicale/tropicale,suitable,unknown,unknown,,,,
606,606,Ochotona Princeps,Pika Americano,American Pika,45184315,ok,6,Zone rocciose,suitable,yes,unknown,30.0,4175.0,,
607,607,Saiga Tatarica,Saiga,Saiga,233712210,ok,4.4,Prateria – Temperata,suitable,yes,resident,0.0,1600.0,,
607,607,Saiga Tatarica,Saiga,Saiga,233712210,ok,8.2,Deserto – Temperato,suitable,no,resident,0.0,1600.0,,
608,608,Litocranius Walleri,Gerenuk,Gerenuk,50190292,ok,3.5,Arbusti – Zona secca subtropicale/tropicale,suitable,yes,resident,0.0,1600.0,,
608,608,Litocranius Walleri,Gerenuk,Gerenuk,50190292,ok,2.1,Savana - Secca,marginal,unknown,resident,0.0,1600.0,,
609,609,Madoqua Kirkii,Dik-Dik Di Kirk,Kirk'S Dik-Dik,50190709,ok,3.5,Arbusti – Zona secca subtropicale/tropicale,suitable,yes,resident,0.0,2000.0,,
609,609,Madoqua Kirkii,Dik-Dik Di Kirk,Kirk'S Dik-Dik,50190709,ok,3.6,Arbusti – Subtropicale/tropicale umido,marginal,unknown,unknown,0.0,2000.0,,
610,610,Tragelaphus Eurycerus,Bongo,Bongo,115164600,ok,14.6,Foresta subtropicale/tropicale fortemente degradata,suitable,no,resident,0.0,4300.0,,
610,610,Tragelaphus Eurycerus,Bongo,Bongo,115164600,ok,1.6,Foresta – Pianura umida subtropicale/tropicale,suitable,yes,resident,0.0,4300.0,,
610,610,Tragelaphus Eurycerus,Bongo,Bongo,115164600,ok,2.1,Savana - Secca,suitable,yes,resident,0.0,4300.0,,
610,610,Tragelaphus Eurycerus,Bongo,Bongo,115164600,ok,1.9,Foresta – Subtropicale/tropicale umida montana,suitable,yes,resident,0.0,4300.0,,
611,611,Bos Frontalis,Gayal,Gayal,,assessment_not_found,,,unknown,unknown,unknown,,,,
612,612,Bos Javanicus,Banteng,Banteng,270543638,ok,1.9,Foresta – Subtropicale/tropicale umida montana,suitable,yes,resident,0.0,2100.0,,
612,612,Bos Javanicus,Banteng,Banteng,270543638,ok,4.6,Prateria – Subtropicale/tropicale stagionalmente umida/allagata,suitable,yes,resident,0.0,2100.0,,
612,612,Bos Javanicus,Banteng,Banteng,270543638,ok,4.7,Prateria – Alta quota subtropicale/tropicale,suitable,yes,resident,0.0,2100.0,,
612,612,Bos Javanicus,Banteng,Banteng,270543638,ok,1.5,Foresta – Subtropicale/tropicale secca,suitable,yes,resident,0.0,2100.0,,
612,612,Bos Javanicus,Banteng,Banteng,270543638,ok,1.6,Foresta – Pianura umida subtropicale/tropicale,suitable,yes,resident,0.0,2100.0,,
612,612,Bos Javanicus,Banteng,Banteng,270543638,ok,1.8,Foresta – Palude subtropicale/tropicale,suitable,yes,resident,0.0,2100.0,,
613,613,Bubalus Depressicornis,Bufalo Nano Di Sulawesi,Anoa,46364222,ok,1.8,Foresta – Palude subtropicale/tropicale,suitable,yes,unknown,0.0,1000.0,,
613,613,Bubalus Depressicornis,Bufalo Nano Di Sulawesi,Anoa,46364222,ok,1.9,Foresta – Subtropicale/tropicale umida montana,marginal,unknown,unknown,0.0,1000.0,,
613,613,Bubalus Depressicornis,Bufalo Nano Di Sulawesi,Anoa,46364222,ok,1.6,Foresta – Pianura umida subtropicale/tropicale,suitable,yes,unknown,0.0,1000.0,,
613,613,Bubalus Depressicornis,Bufalo Nano Di Sulawesi,Anoa,46364222,ok,1.7,Foresta – Vegetazione di mangrovie subtropicale/tropicale al di sopra del livello dell'alta marea,suitable,yes,unknown,0.0,1000.0,,
614,614,Babyrousa Babyrussa,Babirussa,Babirusa,9441445,ok,5.8,Zone umide (interne) – Paludi/stagni d'acqua dolce stagionali/intermittenti (inferiori a 8 ettari),suitable,yes,unknown,,,,
614,614,Babyrousa Babyrussa,Babirussa,Babirusa,9441445,ok,5.7,Zone umide (interne) – Paludi/stagni d'acqua dolce permanenti (inferiori a 8 ettari),suitable,yes,unknown,,,,
614,614,Babyrousa Babyrussa,Babirussa,Babirusa,9441445,ok,5.1,Zone umide (interne) – Fiumi/torrenti/cascate permanenti,suitable,yes,unknown,,,,
614,614,Babyrousa Babyrussa,Babirussa,Babirusa,9441445,ok,1.6,Foresta – Pianura umida subtropicale/tropicale,suitable,yes,unknown,,,,
614,614,Babyrousa Babyrussa,Babirussa,Babirusa,9441445,ok,1.9,Foresta – Subtropicale/tropicale umida montana,marginal,unknown,unknown,,,,
615,615,Catagonus Wagneri,Pecari Del Chaco,Chacoan Peccary,72587993,ok,3.5,Arbusti – Zona secca subtropicale/tropicale,suitable,yes,unknown,,,,
615,615,Catagonus Wagneri,Pecari Del Chaco,Chacoan Peccary,72587993,ok,2.1,Savana - Secca,suitable,yes,unknown,,,,
616,616,Nycticebus Coucang,Lento Loris,Slow Loris,17970966,ok,14.4,Orti rurali,suitable,yes,unknown,0.0,100.0,,
616,616,Nycticebus Coucang,Lento Loris,Slow Loris,17970966,ok,14.3,Piantagioni,marginal,unknown,unknown,0.0,100.0,,
616,616,Nycticebus Coucang,Lento Loris,Slow Loris,17970966,ok,1.6,Foresta – Pianura umida subtropicale/tropicale,suitable,yes,unknown,0.0,100.0,,
617,617,Theropithecus Gelada,Gelada,Gelada,274974485,ok,4.7,Prateria – Alta quota subtropicale/tropicale,suitable,yes,resident,1800.0,4400.0,,
617,617,Theropithecus Gelada,Gelada,Gelada,274974485,ok,6,Zone rocciose,suitable,yes,resident,1800.0,4400.0,,
618,618,Puma Yagouaroundi,Jaguarundi,Jaguarundi,,assessment_not_found,,,unknown,unknown,unknown,,,,
619,619,Leopardus Wiedii,Margay,Margay,50654216,ok,1.5,Foresta – Subtropicale/tropicale secca,suitable,yes,unknown,0.0,1500.0,,
619,619,Leopardus Wiedii,Margay,Margay,50654216,ok,1.6,Foresta – Pianura umida subtropicale/tropicale,suitable,yes,unknown,0.0,1500.0,,
619,619,Leopardus Wiedii,Margay,Margay,50654216,ok,3.6,Arbusti – Subtropicale/tropicale umido,suitable,unknown,unknown,0.0,1500.0,,
619,619,Leopardus Wiedii,Margay,Margay,50654216,ok,1.9,Foresta – Subtropicale/tropicale umida montana,suitable,yes,unknown,0.0,1500.0,,
619,619,Leopardus Wiedii,Margay,Margay,50654216,ok,2.2,Savana - Umida,suitable,unknown,unknown,0.0,1500.0,,
620,620,Lynx Canadensis,Lince Canadese,Canada Lynx,275326314,ok,1.1,Foresta boreale,suitable,yes,resident,0.0,4310.0,,
620,620,Lynx Canadensis,Lince Canadese,Canada Lynx,275326314,ok,1.4,Foresta – Temperata,marginal,unknown,resident,0.0,4310.0,,
620,620,Lynx Canadensis,Lince Canadese,Canada Lynx,275326314,ok,3.3,Arbusti – Boreale,suitable,yes,resident,0.0,4310.0,,
620,620,Lynx Canadensis,Lince Canadese,Canada Lynx,275326314,ok,1.2,Foresta - Subartico,suitable,yes,resident,0.0,4310.0,,
621,621,Phocoena Sinus,Vaquita,Vaquita,214541137,ok,9.1,Neritico marino – Pelagico,suitable,yes,resident,0.0,0.0,0.0,50.0
621,621,Phocoena Sinus,Vaquita,Vaquita,214541137,ok,10.1,Epipelagico (0–200 m),suitable,yes,resident,0.0,0.0,0.0,50.0
622,622,Delphinapterus Leucas,Beluga,Beluga,50352346,ok,9.1,Neritico marino – Pelagico,suitable,yes,resident,,0.0,0.0,956.0
622,622,Delphinapterus Leucas,Beluga,Beluga,50352346,ok,9.10,Estuari,suitable,yes,breeding,,0.0,0.0,956.0
622,622,Delphinapterus Leucas,Beluga,Beluga,50352346,ok,10.1,Epipelagico (0–200 m),suitable,yes,resident,,0.0,0.0,956.0
622,622,Delphinapterus Leucas,Beluga,Beluga,50352346,ok,10.2,Mesopelagico (200–1.000 m),suitable,yes,resident,,0.0,0.0,956.0
622,622,Delphinapterus Leucas,Beluga,Beluga,50352346,ok,10.3,Batipelagico (1.000–4.000 m),suitable,yes,breeding,,0.0,0.0,956.0
623,623,Trichechus Manatus,Lamantino Dei Caraibi,West Indian Manatee,43792740,ok,12.4,Coste fangose e piane fangose intertidali,marginal,unknown,resident,,,0.0,20.0
623,623,Trichechus Manatus,Lamantino Dei Caraibi,West Indian Manatee,43792740,ok,9.9,Erba marina sommersa,suitable,yes,resident,,,0.0,20.0
623,623,Trichechus Manatus,Lamantino Dei Caraibi,West Indian Manatee,43792740,ok,9.6,Neritico marino – Subtidale fangoso,marginal,unknown,resident,,,0.0,20.0
623,623,Trichechus Manatus,Lamantino Dei Caraibi,West Indian Manatee,43792740,ok,15.1,Aree di stoccaggio dell'acqua oltre 8 ettari,unknown,unknown,unknown,,,0.0,20.0
623,623,Trichechus Manatus,Lamantino Dei Caraibi,West Indian Manatee,43792740,ok,9.5,Neritico marino – Fango sabbioso subtidale,marginal,unknown,resident,,,0.0,20.0
623,623,Trichechus Manatus,Lamantino Dei Caraibi,West Indian Manatee,43792740,ok,5.1,Zone umide (interne) – Fiumi/torrenti/cascate permanenti,suitable,yes,resident,,,0.0,20.0
623,623,Trichechus Manatus,Lamantino Dei Caraibi,West Indian Manatee,43792740,ok,12.5,Paludi salmastre,suitable,no,resident,,,0.0,20.0
623,623,Trichechus Manatus,Lamantino Dei Caraibi,West Indian Manatee,43792740,ok,5.9,Zone umide (interne) – Sorgenti di acqua dolce e oasi,suitable,yes,resident,,,0.0,20.0
623,623,Trichechus Manatus,Lamantino Dei Caraibi,West Indian Manatee,43792740,ok,5.6,Zone umide (interne) – Laghi d'acqua dolce stagionali/intermittenti (oltre 8 ha),suitable,yes,unknown,,,0.0,20.0
623,623,Trichechus Manatus,Lamantino Dei Caraibi,West Indian Manatee,43792740,ok,9.8,Neritica marina – Barriera corallina,marginal,unknown,resident,,,0.0,20.0
623,623,Trichechus Manatus,Lamantino Dei Caraibi,West Indian Manatee,43792740,ok,9.1,Neritico marino – Pelagico,marginal,unknown,passage,,,0.0,20.0
623,623,Trichechus Manatus,Lamantino Dei Caraibi,West Indian Manatee,43792740,ok,12.7,Radici sommerse delle mangrovie,marginal,unknown,resident,,,0.0,20.0
623,623,Trichechus Manatus,Lamantino Dei Caraibi,West Indian Manatee,43792740,ok,5.5,Zone umide (interne) – Laghi permanenti di acqua dolce (oltre 8 ettari),suitable,yes,resident,,,0.0,20.0
623,623,Trichechus Manatus,Lamantino Dei Caraibi,West Indian Manatee,43792740,ok,5.7,Zone umide (interne) – Paludi/stagni d'acqua dolce permanenti (inferiori a 8 ettari),marginal,unknown,unknown,,,0.0,20.0
623,623,Trichechus Manatus,Lamantino Dei Caraibi,West Indian Manatee,43792740,ok,9.10,Estuari,suitable,yes,resident,,,0.0,20.0
623,623,Trichechus Manatus,Lamantino Dei Caraibi,West Indian Manatee,43792740,ok,12.2,"Coste sabbiose e/o spiagge, banchi di sabbia, lingue di sabbia",marginal,unknown,resident,,,0.0,20.0
623,623,Trichechus Manatus,Lamantino Dei Caraibi,West Indian Manatee,43792740,ok,13.4,Lagune costiere salmastre/saline/laghi marini,suitable,yes,resident,,,0.0,20.0
623,623,Trichechus Manatus,Lamantino Dei Caraibi,West Indian Manatee,43792740,ok,13.5,Laghi costieri di acqua dolce,suitable,no,resident,,,0.0,20.0
623,623,Trichechus Manatus,Lamantino Dei Caraibi,West Indian Manatee,43792740,ok,5.8,Zone umide (interne) – Paludi/stagni d'acqua dolce stagionali/intermittenti (inferiori a 8 ettari),marginal,unknown,unknown,,,0.0,20.0
623,623,Trichechus Manatus,Lamantino Dei Caraibi,West Indian Manatee,43792740,ok,5.2,Zone umide (interne) – Fiumi/torrenti/canali stagionali/intermittenti/irregolari,suitable,unknown,unknown,,,0.0,20.0
623,623,Trichechus Manatus,Lamantino Dei Caraibi,West Indian Manatee,43792740,ok,15.9,Canali e fossi di drenaggio,suitable,no,resident,,,0.0,20.0
623,623,Trichechus Manatus,Lamantino Dei Caraibi,West Indian Manatee,43792740,ok,9.3,Neritico marino – Roccia/ciottoli/ghiaia sciolti subtidali,marginal,unknown,passage,,,0.0,20.0
623,623,Trichechus Manatus,Lamantino Dei Caraibi,West Indian Manatee,43792740,ok,9.4,Neritico marino – Sabbioso subtidale,marginal,unknown,resident,,,0.0,20.0
623,623,Trichechus Manatus,Lamantino Dei Caraibi,West Indian Manatee,43792740,ok,12.3,Coste e/o spiagge di ciottoli e/o ghiaia,marginal,unknown,passage,,,0.0,20.0
623,623,Trichechus Manatus,Lamantino Dei Caraibi,West Indian Manatee,43792740,ok,16,Vegetazione introdotta,suitable,no,resident,,,0.0,20.0
623,623,Trichechus Manatus,Lamantino Dei Caraibi,West Indian Manatee,43792740,ok,10.1,Epipelagico (0–200 m),marginal,unknown,passage,,,0.0,20.0
623,623,Trichechus Manatus,Lamantino Dei Caraibi,West Indian Manatee,43792740,ok,15.2,Stagni sotto gli 8 ettari,marginal,unknown,unknown,,,0.0,20.0
623,623,Trichechus Manatus,Lamantino Dei Caraibi,West Indian Manatee,43792740,ok,15.3,Stagni per l'acquacoltura,marginal,unknown,unknown,,,0.0,20.0
624,624,Dugong Dugon,Dugongo,Dugong,160756767,ok,9.10,Estuari,suitable,yes,unknown,,,,
624,624,Dugong Dugon,Dugongo,Dugong,160756767,ok,9.9,Erba marina sommersa,suitable,yes,unknown,,,,
624,624,Dugong Dugon,Dugongo,Dugong,160756767,ok,9.8,Neritica marina – Barriera corallina,suitable,yes,unknown,,,,
624,624,Dugong Dugon,Dugongo,Dugong,160756767,ok,9.6,Neritico marino – Subtidale fangoso,suitable,yes,unknown,,,,
624,624,Dugong Dugon,Dugongo,Dugong,160756767,ok,9.5,Neritico marino – Fango sabbioso subtidale,suitable,yes,unknown,,,,
624,624,Dugong Dugon,Dugongo,Dugong,160756767,ok,9.4,Neritico marino – Sabbioso subtidale,suitable,yes,unknown,,,,
624,624,Dugong Dugon,Dugongo,Dugong,160756767,ok,12.7,Radici sommerse delle mangrovie,marginal,unknown,unknown,,,,
624,624,Dugong Dugon,Dugongo,Dugong,160756767,ok,12.2,"Coste sabbiose e/o spiagge, banchi di sabbia, lingue di sabbia",marginal,unknown,unknown,,,,
624,624,Dugong Dugon,Dugongo,Dugong,160756767,ok,9.2,Neritica marina – Rocce e scogliere rocciose subtidali,marginal,unknown,unknown,,,,
625,625,Tapirella Bairdii,Tapiro Di Baird,Baird'S Tapir,,assessment_not_found,,,unknown,unknown,unknown,,,,
626,626,Coendou Prehensilis,Porcospino Brasiliano,Brazilian Porcupine,22214580,ok,1.6,Foresta – Pianura umida subtropicale/tropicale,suitable,unknown,unknown,,,,
626,626,Coendou Prehensilis,Porcospino Brasiliano,Brazilian Porcupine,22214580,ok,1.9,Foresta – Subtropicale/tropicale umida montana,marginal,unknown,unknown,,,,
626,626,Coendou Prehensilis,Porcospino Brasiliano,Brazilian Porcupine,22214580,ok,1.5,Foresta – Subtropicale/tropicale secca,suitable,unknown,unknown,,,,
627,627,Myocastor Coypus,Nutria,Coypu,121734257,ok,5.4,"Zone umide (interne) – Paludi, acquitrini, torbiere",suitable,unknown,unknown,,,,
627,627,Myocastor Coypus,Nutria,Coypu,121734257,ok,5.1,Zone umide (interne) – Fiumi/torrenti/cascate permanenti,suitable,unknown,unknown,,,,
627,627,Myocastor Coypus,Nutria,Coypu,121734257,ok,15.2,Stagni sotto gli 8 ettari,suitable,unknown,unknown,,,,
627,627,Myocastor Coypus,Nutria,Coypu,121734257,ok,15.1,Aree di stoccaggio dell'acqua oltre 8 ettari,suitable,unknown,unknown,,,,
628,628,Heterocephalus Glaber,Topo Talpa Nudo,Naked Mole-Rat,115095455,ok,2.1,Savana - Secca,suitable,unknown,unknown,400.0,1500.0,,
628,628,Heterocephalus Glaber,Topo Talpa Nudo,Naked Mole-Rat,115095455,ok,7.2,Grotte e habitat sotterranei (non acquatici) – Altri habitat sotterranei,suitable,unknown,unknown,400.0,1500.0,,
628,628,Heterocephalus Glaber,Topo Talpa Nudo,Naked Mole-Rat,115095455,ok,4.5,Prateria – Subtropicale/tropicale arida,suitable,unknown,unknown,400.0,1500.0,,
628,628,Heterocephalus Glaber,Topo Talpa Nudo,Naked Mole-Rat,115095455,ok,3.5,Arbusti – Zona secca subtropicale/tropicale,suitable,unknown,unknown,400.0,1500.0,,
628,628,Heterocephalus Glaber,Topo Talpa Nudo,Naked Mole-Rat,115095455,ok,14.1,Terreno arabile,suitable,unknown,unknown,400.0,1500.0,,
629,629,Jaculus Jaculus,Gerboa Comune,Lesser Egyptian Jerboa,197517244,ok,3.5,Arbusti – Zona secca subtropicale/tropicale,suitable,unknown,unknown,,1500.0,,
629,629,Jaculus Jaculus,Gerboa Comune,Lesser Egyptian Jerboa,197517244,ok,4.5,Prateria – Subtropicale/tropicale arida,suitable,unknown,unknown,,1500.0,,
629,629,Jaculus Jaculus,Gerboa Comune,Lesser Egyptian Jerboa,197517244,ok,6,Zone rocciose,suitable,unknown,unknown,,1500.0,,
629,629,Jaculus Jaculus,Gerboa Comune,Lesser Egyptian Jerboa,197517244,ok,8.1,Deserto – Caldo,suitable,unknown,unknown,,1500.0,,
630,630,Pedetes Capensis,Springlepre,Springhare,115133584,ok,2.1,Savana - Secca,suitable,unknown,unknown,,,,
630,630,Pedetes Capensis,Springlepre,Springhare,115133584,ok,4.5,Prateria – Subtropicale/tropicale arida,suitable,unknown,unknown,,,,
630,630,Pedetes Capensis,Springlepre,Springhare,115133584,ok,3.5,Arbusti – Zona secca subtropicale/tropicale,suitable,unknown,unknown,,,,
630,630,Pedetes Capensis,Springlepre,Springhare,115133584,ok,14.1,Terreno arabile,suitable,unknown,unknown,,,,
631,631,Casuarius Casuarius,Casuario Meridionale,Southern Cassowary,131902050,ok,1.7,Foresta – Vegetazione di mangrovie subtropicale/tropicale al di sopra del livello dell'alta marea,suitable,no,resident,,1400.0,,
631,631,Casuarius Casuarius,Casuario Meridionale,Southern Cassowary,131902050,ok,1.8,Foresta – Palude subtropicale/tropicale,suitable,no,resident,,1400.0,,
631,631,Casuarius Casuarius,Casuario Meridionale,Southern Cassowary,131902050,ok,2.1,Savana - Secca,suitable,no,resident,,1400.0,,
631,631,Casuarius Casuarius,Casuario Meridionale,Southern Cassowary,131902050,ok,1.6,Foresta – Pianura umida subtropicale/tropicale,suitable,yes,resident,,1400.0,,
632,632,Apteryx Australis,Kiwi Bruno,Southern Brown Kiwi,214272214,ok,4.4,Prateria – Temperata,marginal,unknown,resident,0.0,1500.0,,
632,632,Apteryx Australis,Kiwi Bruno,Southern Brown Kiwi,214272214,ok,14.1,Terreno arabile,suitable,no,resident,0.0,1500.0,,
632,632,Apteryx Australis,Kiwi Bruno,Southern Brown Kiwi,214272214,ok,14.2,Pascoli,suitable,no,resident,0.0,1500.0,,
632,632,Apteryx Australis,Kiwi Bruno,Southern Brown Kiwi,214272214,ok,14.3,Piantagioni,suitable,no,resident,0.0,1500.0,,
632,632,Apteryx Australis,Kiwi Bruno,Southern Brown Kiwi,214272214,ok,3.4,Arbusti – Temperati,suitable,no,resident,0.0,1500.0,,
632,632,Apteryx Australis,Kiwi Bruno,Southern Brown Kiwi,214272214,ok,3.6,Arbusti – Subtropicale/tropicale umido,suitable,no,resident,0.0,1500.0,,
632,632,Apteryx Australis,Kiwi Bruno,Southern Brown Kiwi,214272214,ok,1.4,Foresta – Temperata,suitable,no,resident,0.0,1500.0,,
632,632,Apteryx Australis,Kiwi Bruno,Southern Brown Kiwi,214272214,ok,1.6,Foresta – Pianura umida subtropicale/tropicale,suitable,no,resident,0.0,1500.0,,
632,632,Apteryx Australis,Kiwi Bruno,Southern Brown Kiwi,214272214,ok,13.3,Dune sabbiose costiere,suitable,no,resident,0.0,1500.0,,
633,633,Strigops Habroptila,Kakapo,Kākāpō,,assessment_not_found,,,unknown,unknown,unknown,,,,
634,634,Nestor Notabilis,Kea,Kea,119243358,ok,1.6,Foresta – Pianura umida subtropicale/tropicale,suitable,yes,breeding,,2400.0,,
634,634,Nestor Notabilis,Kea,Kea,119243358,ok,1.4,Foresta – Temperata,suitable,yes,resident,,2400.0,,
634,634,Nestor Notabilis,Kea,Kea,119243358,ok,4.7,Prateria – Alta quota subtropicale/tropicale,suitable,yes,resident,,2400.0,,
634,634,Nestor Notabilis,Kea,Kea,119243358,ok,4.4,Prateria – Temperata,suitable,yes,resident,,2400.0,,
634,634,Nestor Notabilis,Kea,Kea,119243358,ok,3.7,Arbusti – Zone subtropicali/tropicali di alta quota,suitable,yes,breeding,,2400.0,,
634,634,Nestor Notabilis,Kea,Kea,119243358,ok,14.5,Aree urbane,suitable,no,breeding,,2400.0,,
634,634,Nestor Notabilis,Kea,Kea,119243358,ok,14.2,Pascoli,marginal,unknown,breeding,,2400.0,,
635,635,Nymphicus Hollandicus,Cockatiel,Cockatiel,132056250,ok,4.5,Prateria – Subtropicale/tropicale arida,suitable,no,resident,,,,
635,635,Nymphicus Hollandicus,Cockatiel,Cockatiel,132056250,ok,14.6,Foresta subtropicale/tropicale fortemente degradata,suitable,no,resident,,,,
635,635,Nymphicus Hollandicus,Cockatiel,Cockatiel,132056250,ok,2.1,Savana - Secca,suitable,no,resident,,,,
635,635,Nymphicus Hollandicus,Cockatiel,Cockatiel,132056250,ok,3.6,Arbusti – Subtropicale/tropicale umido,suitable,no,resident,,,,
635,635,Nymphicus Hollandicus,Cockatiel,Cockatiel,132056250,ok,14.3,Piantagioni,suitable,no,resident,,,,
635,635,Nymphicus Hollandicus,Cockatiel,Cockatiel,132056250,ok,1.5,Foresta – Subtropicale/tropicale secca,suitable,no,resident,,,,
635,635,Nymphicus Hollandicus,Cockatiel,Cockatiel,132056250,ok,14.4,Orti rurali,suitable,no,resident,,,,
635,635,Nymphicus Hollandicus,Cockatiel,Cockatiel,132056250,ok,3.5,Arbusti – Zona secca subtropicale/tropicale,suitable,no,resident,,,,
635,635,Nymphicus Hollandicus,Cockatiel,Cockatiel,132056250,ok,14.2,Pascoli,suitable,no,resident,,,,
635,635,Nymphicus Hollandicus,Cockatiel,Cockatiel,132056250,ok,14.1,Terreno arabile,suitable,no,resident,,,,
636,636,Erythrura Gouldiae,Diamante Di Gould,Gouldian Finch,,assessment_not_found,,,unknown,unknown,unknown,,,,
637,637,Taeniopygia Guttata,Diamante Mandarino,Zebra Finch,132195948,ok,14.4,Orti rurali,suitable,no,resident,,,,
637,637,Taeniopygia Guttata,Diamante Mandarino,Zebra Finch,132195948,ok,12.5,Paludi salmastre,suitable,no,resident,,,,
637,637,Taeniopygia Guttata,Diamante Mandarino,Zebra Finch,132195948,ok,2.1,Savana - Secca,suitable,no,resident,,,,
637,637,Taeniopygia Guttata,Diamante Mandarino,Zebra Finch,132195948,ok,14.1,Terreno arabile,suitable,no,resident,,,,
637,637,Taeniopygia Guttata,Diamante Mandarino,Zebra Finch,132195948,ok,3.5,Arbusti – Zona secca subtropicale/tropicale,suitable,no,resident,,,,
637,637,Taeniopygia Guttata,Diamante Mandarino,Zebra Finch,132195948,ok,14.2,Pascoli,suitable,no,resident,,,,
637,637,Taeniopygia Guttata,Diamante Mandarino,Zebra Finch,132195948,ok,14.5,Aree urbane,suitable,no,resident,,,,
637,637,Taeniopygia Guttata,Diamante Mandarino,Zebra Finch,132195948,ok,1.5,Foresta – Subtropicale/tropicale secca,suitable,no,resident,,,,
637,637,Taeniopygia Guttata,Diamante Mandarino,Zebra Finch,132195948,ok,4.2,Prateria – Subartico,suitable,no,resident,,,,
638,638,Harpia Harpyja,Aquila Arpia,Harpy Eagle,197957213,ok,1.6,Foresta – Pianura umida subtropicale/tropicale,suitable,yes,resident,0.0,900.0,,
638,638,Harpia Harpyja,Aquila Arpia,Harpy Eagle,197957213,ok,2.2,Savana - Umida,marginal,unknown,resident,0.0,900.0,,
638,638,Harpia Harpyja,Aquila Arpia,Harpy Eagle,197957213,ok,1.9,Foresta – Subtropicale/tropicale umida montana,suitable,no,resident,0.0,900.0,,
638,638,Harpia Harpyja,Aquila Arpia,Harpy Eagle,197957213,ok,1.5,Foresta – Subtropicale/tropicale secca,suitable,yes,resident,0.0,900.0,,
639,639,Lophius Piscatorius,Rana Pescatrice Europea,Anglerfish,21911225,ok,11.1.2,Pendio continentale/Zona batilica – Substrato morbido,suitable,unknown,unknown,,,0.0,600.0
639,639,Lophius Piscatorius,Rana Pescatrice Europea,Anglerfish,21911225,ok,11.1.1,Pendio continentale/Zona batilica – Substrato rigido,suitable,unknown,unknown,,,0.0,600.0
639,639,Lophius Piscatorius,Rana Pescatrice Europea,Anglerfish,21911225,ok,9.5,Neritico marino – Fango sabbioso subtidale,suitable,unknown,unknown,,,0.0,600.0
639,639,Lophius Piscatorius,Rana Pescatrice Europea,Anglerfish,21911225,ok,9.4,Neritico marino – Sabbioso subtidale,suitable,unknown,unknown,,,0.0,600.0
639,639,Lophius Piscatorius,Rana Pescatrice Europea,Anglerfish,21911225,ok,9.3,Neritico marino – Roccia/ciottoli/ghiaia sciolti subtidali,suitable,unknown,unknown,,,0.0,600.0
640,640,Sagittarius Serpentarius,Segretario,Secretarybird,173647556,ok,4.5,Prateria – Subtropicale/tropicale arida,suitable,no,resident,,,,
640,640,Sagittarius Serpentarius,Segretario,Secretarybird,173647556,ok,3.5,Arbusti – Zona secca subtropicale/tropicale,suitable,no,resident,,,,
640,640,Sagittarius Serpentarius,Segretario,Secretarybird,173647556,ok,2.1,Savana - Secca,suitable,no,resident,,,,
640,640,Sagittarius Serpentarius,Segretario,Secretarybird,173647556,ok,14.2,Pascoli,suitable,no,resident,,,,
640,640,Sagittarius Serpentarius,Segretario,Secretarybird,173647556,ok,14.1,Terreno arabile,suitable,no,resident,,,,
641,641,Sarcoramphus Papa,Avvoltoio Reale,King Vulture,228983760,ok,2.1,Savana - Secca,suitable,no,resident,0.0,3180.0,,
641,641,Sarcoramphus Papa,Avvoltoio Reale,King Vulture,228983760,ok,1.5,Foresta – Subtropicale/tropicale secca,suitable,yes,resident,0.0,3180.0,,
641,641,Sarcoramphus Papa,Avvoltoio Reale,King Vulture,228983760,ok,1.6,Foresta – Pianura umida subtropicale/tropicale,suitable,yes,resident,0.0,3180.0,,
641,641,Sarcoramphus Papa,Avvoltoio Reale,King Vulture,228983760,ok,14.2,Pascoli,suitable,no,resident,0.0,3180.0,,
641,641,Sarcoramphus Papa,Avvoltoio Reale,King Vulture,228983760,ok,4.5,Prateria – Subtropicale/tropicale arida,suitable,no,resident,0.0,3180.0,,
641,641,Sarcoramphus Papa,Avvoltoio Reale,King Vulture,228983760,ok,4.6,Prateria – Subtropicale/tropicale stagionalmente umida/allagata,suitable,no,resident,0.0,3180.0,,
642,642,Gypaetus Barbatus,Gipeto,Bearded Vulture,154813652,ok,6,Zone rocciose,suitable,yes,breeding,1000.0,7500.0,,
642,642,Gypaetus Barbatus,Gipeto,Bearded Vulture,154813652,ok,4.7,Prateria – Alta quota subtropicale/tropicale,suitable,no,resident,1000.0,7500.0,,
642,642,Gypaetus Barbatus,Gipeto,Bearded Vulture,154813652,ok,4.4,Prateria – Temperata,suitable,no,resident,1000.0,7500.0,,
642,642,Gypaetus Barbatus,Gipeto,Bearded Vulture,154813652,ok,3.8,Arbusti – Vegetazione arbustiva di tipo mediterraneo,suitable,no,resident,1000.0,7500.0,,
642,642,Gypaetus Barbatus,Gipeto,Bearded Vulture,154813652,ok,14.5,Aree urbane,suitable,no,resident,1000.0,7500.0,,
642,642,Gypaetus Barbatus,Gipeto,Bearded Vulture,154813652,ok,14.2,Pascoli,suitable,no,resident,1000.0,7500.0,,
643,643,Falco Peregrinus,Falco Pellegrino,Peregrine Falcon,206217909,ok,3.4,Arbusti – Temperati,suitable,no,breeding,0.0,3300.0,,
643,643,Falco Peregrinus,Falco Pellegrino,Peregrine Falcon,206217909,ok,14.5,Aree urbane,suitable,no,resident,0.0,3300.0,,
643,643,Falco Peregrinus,Falco Pellegrino,Peregrine Falcon,206217909,ok,1.4,Foresta – Temperata,suitable,no,resident,0.0,3300.0,,
643,643,Falco Peregrinus,Falco Pellegrino,Peregrine Falcon,206217909,ok,12.1,Costa rocciosa,suitable,no,resident,0.0,3300.0,,
643,643,Falco Peregrinus,Falco Pellegrino,Peregrine Falcon,206217909,ok,12.3,Coste e/o spiagge di ciottoli e/o ghiaia,suitable,no,resident,0.0,3300.0,,
643,643,Falco Peregrinus,Falco Pellegrino,Peregrine Falcon,206217909,ok,12.2,"Coste sabbiose e/o spiagge, banchi di sabbia, lingue di sabbia",suitable,no,resident,0.0,3300.0,,
643,643,Falco Peregrinus,Falco Pellegrino,Peregrine Falcon,206217909,ok,1.5,Foresta – Subtropicale/tropicale secca,suitable,no,resident,0.0,3300.0,,
643,643,Falco Peregrinus,Falco Pellegrino,Peregrine Falcon,206217909,ok,12.5,Paludi salmastre,suitable,no,resident,0.0,3300.0,,
643,643,Falco Peregrinus,Falco Pellegrino,Peregrine Falcon,206217909,ok,8.1,Deserto – Caldo,suitable,no,resident,0.0,3300.0,,
643,643,Falco Peregrinus,Falco Pellegrino,Peregrine Falcon,206217909,ok,12.4,Coste fangose e piane fangose intertidali,suitable,no,resident,0.0,3300.0,,
643,643,Falco Peregrinus,Falco Pellegrino,Peregrine Falcon,206217909,ok,2.1,Savana - Secca,suitable,no,resident,0.0,3300.0,,
643,643,Falco Peregrinus,Falco Pellegrino,Peregrine Falcon,206217909,ok,3.5,Arbusti – Zona secca subtropicale/tropicale,suitable,no,resident,0.0,3300.0,,
643,643,Falco Peregrinus,Falco Pellegrino,Peregrine Falcon,206217909,ok,4.1,Prateria – Tundra,suitable,no,breeding,0.0,3300.0,,
643,643,Falco Peregrinus,Falco Pellegrino,Peregrine Falcon,206217909,ok,4.5,Prateria – Subtropicale/tropicale arida,suitable,no,resident,0.0,3300.0,,
643,643,Falco Peregrinus,Falco Pellegrino,Peregrine Falcon,206217909,ok,6,Zone rocciose,suitable,yes,breeding,0.0,3300.0,,
643,643,Falco Peregrinus,Falco Pellegrino,Peregrine Falcon,206217909,ok,5.4,"Zone umide (interne) – Paludi, acquitrini, torbiere",suitable,no,breeding,0.0,3300.0,,
643,643,Falco Peregrinus,Falco Pellegrino,Peregrine Falcon,206217909,ok,13.1,Scogliere marine e isole rocciose al largo della costa,suitable,no,breeding,0.0,3300.0,,
643,643,Falco Peregrinus,Falco Pellegrino,Peregrine Falcon,206217909,ok,5.1,Zone umide (interne) – Fiumi/torrenti/cascate permanenti,suitable,no,resident,0.0,3300.0,,
643,643,Falco Peregrinus,Falco Pellegrino,Peregrine Falcon,206217909,ok,5.5,Zone umide (interne) – Laghi permanenti di acqua dolce (oltre 8 ettari),suitable,no,resident,0.0,3300.0,,
644,644,Pandion Haliaetus,Falco Pescatore,Osprey,206628879,ok,13.4,Lagune costiere salmastre/saline/laghi marini,suitable,no,resident,0.0,1000.0,,
644,644,Pandion Haliaetus,Falco Pescatore,Osprey,206628879,ok,1.7,Foresta – Vegetazione di mangrovie subtropicale/tropicale al di sopra del livello dell'alta marea,suitable,no,resident,0.0,1000.0,,
644,644,Pandion Haliaetus,Falco Pescatore,Osprey,206628879,ok,15.1,Aree di stoccaggio dell'acqua oltre 8 ettari,suitable,no,resident,0.0,1000.0,,
644,644,Pandion Haliaetus,Falco Pescatore,Osprey,206628879,ok,5.4,"Zone umide (interne) – Paludi, acquitrini, torbiere",suitable,no,resident,0.0,1000.0,,
644,644,Pandion Haliaetus,Falco Pescatore,Osprey,206628879,ok,9.5,Neritico marino – Fango sabbioso subtidale,suitable,no,resident,0.0,1000.0,,
644,644,Pandion Haliaetus,Falco Pescatore,Osprey,206628879,ok,5.5,Zone umide (interne) – Laghi permanenti di acqua dolce (oltre 8 ettari),suitable,no,resident,0.0,1000.0,,
644,644,Pandion Haliaetus,Falco Pescatore,Osprey,206628879,ok,15.3,Stagni per l'acquacoltura,suitable,no,resident,0.0,1000.0,,
644,644,Pandion Haliaetus,Falco Pescatore,Osprey,206628879,ok,9.10,Estuari,suitable,no,resident,0.0,1000.0,,
644,644,Pandion Haliaetus,Falco Pescatore,Osprey,206628879,ok,9.4,Neritico marino – Sabbioso subtidale,suitable,no,resident,0.0,1000.0,,
644,644,Pandion Haliaetus,Falco Pescatore,Osprey,206628879,ok,9.7,Neritico marino – Macroalghe/alghe,suitable,no,resident,0.0,1000.0,,
644,644,Pandion Haliaetus,Falco Pescatore,Osprey,206628879,ok,9.3,Neritico marino – Roccia/ciottoli/ghiaia sciolti subtidali,suitable,no,resident,0.0,1000.0,,
644,644,Pandion Haliaetus,Falco Pescatore,Osprey,206628879,ok,15.9,Canali e fossi di drenaggio,suitable,no,resident,0.0,1000.0,,
644,644,Pandion Haliaetus,Falco Pescatore,Osprey,206628879,ok,5.1,Zone umide (interne) – Fiumi/torrenti/cascate permanenti,suitable,no,resident,0.0,1000.0,,
644,644,Pandion Haliaetus,Falco Pescatore,Osprey,206628879,ok,9.2,Neritica marina – Rocce e scogliere rocciose subtidali,suitable,no,resident,0.0,1000.0,,
644,644,Pandion Haliaetus,Falco Pescatore,Osprey,206628879,ok,9.9,Erba marina sommersa,suitable,no,resident,0.0,1000.0,,
645,645,Bubo Scandiacus,Gufo Delle Nevi,Snowy Owl,205475036,ok,14.2,Pascoli,suitable,no,resident,0.0,300.0,,
645,645,Bubo Scandiacus,Gufo Delle Nevi,Snowy Owl,205475036,ok,4.1,Prateria – Tundra,suitable,yes,resident,0.0,300.0,,
645,645,Bubo Scandiacus,Gufo Delle Nevi,Snowy Owl,205475036,ok,5.4,"Zone umide (interne) – Paludi, acquitrini, torbiere",suitable,no,resident,0.0,300.0,,
645,645,Bubo Scandiacus,Gufo Delle Nevi,Snowy Owl,205475036,ok,5.16,"Zone umide (interne) – Paludi/stagni permanenti salini, salmastri o alcalini",suitable,no,resident,0.0,300.0,,
645,645,Bubo Scandiacus,Gufo Delle Nevi,Snowy Owl,205475036,ok,14.5,Aree urbane,marginal,unknown,breeding,0.0,300.0,,
645,645,Bubo Scandiacus,Gufo Delle Nevi,Snowy Owl,205475036,ok,13.3,Dune sabbiose costiere,suitable,no,breeding,0.0,300.0,,
645,645,Bubo Scandiacus,Gufo Delle Nevi,Snowy Owl,205475036,ok,14.1,Terreno arabile,suitable,no,breeding,0.0,300.0,,
645,645,Bubo Scandiacus,Gufo Delle Nevi,Snowy Owl,205475036,ok,12.4,Coste fangose e piane fangose intertidali,suitable,no,resident,0.0,300.0,,
646,646,Strix Nebulosa,Allocco Di Lapponia,Great Grey Owl,199144259,ok,14.2,Pascoli,marginal,unknown,breeding,,3200.0,,
646,646,Strix Nebulosa,Allocco Di Lapponia,Great Grey Owl,199144259,ok,3.3,Arbusti – Boreale,suitable,no,resident,,3200.0,,
646,646,Strix Nebulosa,Allocco Di Lapponia,Great Grey Owl,199144259,ok,1.1,Foresta boreale,suitable,yes,resident,,3200.0,,
646,646,Strix Nebulosa,Allocco Di Lapponia,Great Grey Owl,199144259,ok,4.2,Prateria – Subartico,suitable,no,resident,,3200.0,,
646,646,Strix Nebulosa,Allocco Di Lapponia,Great Grey Owl,199144259,ok,5.4,"Zone umide (interne) – Paludi, acquitrini, torbiere",suitable,no,resident,,3200.0,,
647,647,Hippocampus Hippocampus,Cavallino Di Mare,Short-Snouted Seahorse,67618259,ok,9.6,Neritico marino – Subtidale fangoso,suitable,unknown,unknown,,,0.0,60.0
647,647,Hippocampus Hippocampus,Cavallino Di Mare,Short-Snouted Seahorse,67618259,ok,9.4,Neritico marino – Sabbioso subtidale,suitable,unknown,unknown,,,0.0,60.0
647,647,Hippocampus Hippocampus,Cavallino Di Mare,Short-Snouted Seahorse,67618259,ok,9.5,Neritico marino – Fango sabbioso subtidale,suitable,unknown,unknown,,,0.0,60.0
647,647,Hippocampus Hippocampus,Cavallino Di Mare,Short-Snouted Seahorse,67618259,ok,9.2,Neritica marina – Rocce e scogliere rocciose subtidali,suitable,unknown,unknown,,,0.0,60.0
647,647,Hippocampus Hippocampus,Cavallino Di Mare,Short-Snouted Seahorse,67618259,ok,9.3,Neritico marino – Roccia/ciottoli/ghiaia sciolti subtidali,suitable,unknown,unknown,,,0.0,60.0
647,647,Hippocampus Hippocampus,Cavallino Di Mare,Short-Snouted Seahorse,67618259,ok,9.7,Neritico marino – Macroalghe/alghe,suitable,unknown,unknown,,,0.0,60.0
647,647,Hippocampus Hippocampus,Cavallino Di Mare,Short-Snouted Seahorse,67618259,ok,9.8,Neritica marina – Barriera corallina,suitable,unknown,unknown,,,0.0,60.0
647,647,Hippocampus Hippocampus,Cavallino Di Mare,Short-Snouted Seahorse,67618259,ok,9.8.4,Laguna,suitable,unknown,unknown,,,0.0,60.0
647,647,Hippocampus Hippocampus,Cavallino Di Mare,Short-Snouted Seahorse,67618259,ok,9.8.5,Substrato soffice inter-barriera corallina,suitable,unknown,unknown,,,0.0,60.0
647,647,Hippocampus Hippocampus,Cavallino Di Mare,Short-Snouted Seahorse,67618259,ok,9.8.6,Substrato di detriti inter-barriera corallina,suitable,unknown,unknown,,,0.0,60.0
647,647,Hippocampus Hippocampus,Cavallino Di Mare,Short-Snouted Seahorse,67618259,ok,9.10,Estuari,suitable,unknown,unknown,,,0.0,60.0
648,648,Athene Cunicularia,Civetta Delle Tane,Burrowing Owl,281015958,ok,3.5,Arbusti – Zona secca subtropicale/tropicale,suitable,no,breeding,0.0,4500.0,,
648,648,Athene Cunicularia,Civetta Delle Tane,Burrowing Owl,281015958,ok,14.2,Pascoli,suitable,no,breeding,0.0,4500.0,,
648,648,Athene Cunicularia,Civetta Delle Tane,Burrowing Owl,281015958,ok,8.1,Deserto – Caldo,suitable,no,breeding,0.0,4500.0,,
648,648,Athene Cunicularia,Civetta Delle Tane,Burrowing Owl,281015958,ok,14.5,Aree urbane,suitable,no,breeding,0.0,4500.0,,
648,648,Athene Cunicularia,Civetta Delle Tane,Burrowing Owl,281015958,ok,14.1,Terreno arabile,suitable,no,breeding,0.0,4500.0,,
648,648,Athene Cunicularia,Civetta Delle Tane,Burrowing Owl,281015958,ok,3.7,Arbusti – Zone subtropicali/tropicali di alta quota,suitable,no,breeding,0.0,4500.0,,
648,648,Athene Cunicularia,Civetta Delle Tane,Burrowing Owl,281015958,ok,2.1,Savana - Secca,suitable,no,breeding,0.0,4500.0,,
648,648,Athene Cunicularia,Civetta Delle Tane,Burrowing Owl,281015958,ok,4.4,Prateria – Temperata,suitable,yes,breeding,0.0,4500.0,,
649,649,Syngnathus Abaster,Pesce Ago Di Rio,Black-Striped Pipefish,135092980,ok,9.10,Estuari,suitable,yes,resident,,,,
649,649,Syngnathus Abaster,Pesce Ago Di Rio,Black-Striped Pipefish,135092980,ok,5.1,Zone umide (interne) – Fiumi/torrenti/cascate permanenti,suitable,yes,resident,,,,
649,649,Syngnathus Abaster,Pesce Ago Di Rio,Black-Striped Pipefish,135092980,ok,9.6,Neritico marino – Subtidale fangoso,suitable,no,resident,,,,
649,649,Syngnathus Abaster,Pesce Ago Di Rio,Black-Striped Pipefish,135092980,ok,5.2,Zone umide (interne) – Fiumi/torrenti/canali stagionali/intermittenti/irregolari,suitable,yes,resident,,,,
649,649,Syngnathus Abaster,Pesce Ago Di Rio,Black-Striped Pipefish,135092980,ok,9.7,Neritico marino – Macroalghe/alghe,suitable,no,resident,,,,
649,649,Syngnathus Abaster,Pesce Ago Di Rio,Black-Striped Pipefish,135092980,ok,9.9,Erba marina sommersa,suitable,yes,resident,,,,
649,649,Syngnathus Abaster,Pesce Ago Di Rio,Black-Striped Pipefish,135092980,ok,13.4,Lagune costiere salmastre/saline/laghi marini,suitable,yes,resident,,,,
649,649,Syngnathus Abaster,Pesce Ago Di Rio,Black-Striped Pipefish,135092980,ok,13.5,Laghi costieri di acqua dolce,suitable,yes,resident,,,,
649,649,Syngnathus Abaster,Pesce Ago Di Rio,Black-Striped Pipefish,135092980,ok,15.1,Aree di stoccaggio dell'acqua oltre 8 ettari,suitable,yes,resident,,,,
649,649,Syngnathus Abaster,Pesce Ago Di Rio,Black-Striped Pipefish,135092980,ok,15.4,Siti di sfruttamento del sale,suitable,no,resident,,,,
649,649,Syngnathus Abaster,Pesce Ago Di Rio,Black-Striped Pipefish,135092980,ok,15.9,Canali e fossi di drenaggio,suitable,no,resident,,,,
650,650,Nyctibius Grandis,Nittibio Maggiore,Great Potoo,163599353,ok,1.6,Foresta – Pianura umida subtropicale/tropicale,suitable,yes,resident,,,,
650,650,Nyctibius Grandis,Nittibio Maggiore,Great Potoo,163599353,ok,2.2,Savana - Umida,suitable,no,resident,,,,
650,650,Nyctibius Grandis,Nittibio Maggiore,Great Potoo,163599353,ok,14.6,Foresta subtropicale/tropicale fortemente degradata,suitable,no,resident,,,,
650,650,Nyctibius Grandis,Nittibio Maggiore,Great Potoo,163599353,ok,14.3,Piantagioni,suitable,no,resident,,,,
651,651,Rupicola Peruvianus,Gallo-Di-Roccia Andino,Andean Cock-Of-The-Rock,130267257,ok,1.6,Foresta – Pianura umida subtropicale/tropicale,suitable,no,resident,500.0,2400.0,,
651,651,Rupicola Peruvianus,Gallo-Di-Roccia Andino,Andean Cock-Of-The-Rock,130267257,ok,5.1,Zone umide (interne) – Fiumi/torrenti/cascate permanenti,suitable,no,resident,500.0,2400.0,,
651,651,Rupicola Peruvianus,Gallo-Di-Roccia Andino,Andean Cock-Of-The-Rock,130267257,ok,1.9,Foresta – Subtropicale/tropicale umida montana,suitable,yes,resident,500.0,2400.0,,
652,652,Pteroglossus Castanotis,Aracari Dalle Orecchie Castane,Chestnut-Eared Aracari,264002330,ok,1.8,Foresta – Palude subtropicale/tropicale,suitable,yes,resident,0.0,1600.0,,
652,652,Pteroglossus Castanotis,Aracari Dalle Orecchie Castane,Chestnut-Eared Aracari,264002330,ok,5.1,Zone umide (interne) – Fiumi/torrenti/cascate permanenti,suitable,no,resident,0.0,1600.0,,
652,652,Pteroglossus Castanotis,Aracari Dalle Orecchie Castane,Chestnut-Eared Aracari,264002330,ok,14.1,Terreno arabile,suitable,no,resident,0.0,1600.0,,
652,652,Pteroglossus Castanotis,Aracari Dalle Orecchie Castane,Chestnut-Eared Aracari,264002330,ok,5.5,Zone umide (interne) – Laghi permanenti di acqua dolce (oltre 8 ettari),suitable,no,resident,0.0,1600.0,,
652,652,Pteroglossus Castanotis,Aracari Dalle Orecchie Castane,Chestnut-Eared Aracari,264002330,ok,14.3,Piantagioni,suitable,no,resident,0.0,1600.0,,
652,652,Pteroglossus Castanotis,Aracari Dalle Orecchie Castane,Chestnut-Eared Aracari,264002330,ok,2.1,Savana - Secca,suitable,no,resident,0.0,1600.0,,
652,652,Pteroglossus Castanotis,Aracari Dalle Orecchie Castane,Chestnut-Eared Aracari,264002330,ok,1.6,Foresta – Pianura umida subtropicale/tropicale,suitable,yes,resident,0.0,1600.0,,
653,653,Rhyticeros Undulatus,Calao Ondulato,Wreathed Hornbill,132400385,ok,1.6,Foresta – Pianura umida subtropicale/tropicale,suitable,yes,resident,,2560.0,,
653,653,Rhyticeros Undulatus,Calao Ondulato,Wreathed Hornbill,132400385,ok,1.9,Foresta – Subtropicale/tropicale umida montana,suitable,yes,resident,,2560.0,,
654,654,Paradisaea Raggiana,Paradisea Di Raggiana,Raggiana Bird-Of-Paradise,130413724,ok,1.6,Foresta – Pianura umida subtropicale/tropicale,suitable,yes,resident,,,,
654,654,Paradisaea Raggiana,Paradisea Di Raggiana,Raggiana Bird-Of-Paradise,130413724,ok,14.6,Foresta subtropicale/tropicale fortemente degradata,suitable,no,resident,,,,
654,654,Paradisaea Raggiana,Paradisea Di Raggiana,Raggiana Bird-Of-Paradise,130413724,ok,14.4,Orti rurali,suitable,no,resident,,,,
654,654,Paradisaea Raggiana,Paradisea Di Raggiana,Raggiana Bird-Of-Paradise,130413724,ok,1.9,Foresta – Subtropicale/tropicale umida montana,suitable,no,resident,,,,
655,655,Lophorina Superba,Maschio,Superb Bird-Of-Paradise,182248687,ok,1.9,Foresta – Subtropicale/tropicale umida montana,suitable,yes,resident,1650.0,1900.0,,
655,655,Lophorina Superba,Maschio,Superb Bird-Of-Paradise,182248687,ok,14.4,Orti rurali,suitable,no,resident,1650.0,1900.0,,
655,655,Lophorina Superba,Maschio,Superb Bird-Of-Paradise,182248687,ok,14.6,Foresta subtropicale/tropicale fortemente degradata,suitable,no,resident,1650.0,1900.0,,
656,656,Amblyornis Inornata,Uccello Giardiniere Bruno,Vogelkop Bowerbird,130219341,ok,1.9,Foresta – Subtropicale/tropicale umida montana,suitable,yes,resident,1000.0,2075.0,,
657,657,Caloenas Nicobarica,Piccione Di Nicobar,Nicobar Pigeon,178136167,ok,3.5,Arbusti – Zona secca subtropicale/tropicale,suitable,no,resident,,500.0,,
657,657,Caloenas Nicobarica,Piccione Di Nicobar,Nicobar Pigeon,178136167,ok,3.6,Arbusti – Subtropicale/tropicale umido,suitable,no,resident,,500.0,,
657,657,Caloenas Nicobarica,Piccione Di Nicobar,Nicobar Pigeon,178136167,ok,1.5,Foresta – Subtropicale/tropicale secca,suitable,no,resident,,500.0,,
657,657,Caloenas Nicobarica,Piccione Di Nicobar,Nicobar Pigeon,178136167,ok,1.6,Foresta – Pianura umida subtropicale/tropicale,suitable,no,resident,,500.0,,
657,657,Caloenas Nicobarica,Piccione Di Nicobar,Nicobar Pigeon,178136167,ok,1.7,Foresta – Vegetazione di mangrovie subtropicale/tropicale al di sopra del livello dell'alta marea,suitable,no,resident,,500.0,,
658,658,Rhynochetos Jubatus,Kagù,Kagu,156666402,ok,1.6,Foresta – Pianura umida subtropicale/tropicale,suitable,yes,resident,0.0,1400.0,,
658,658,Rhynochetos Jubatus,Kagù,Kagu,156666402,ok,1.5,Foresta – Subtropicale/tropicale secca,suitable,no,resident,0.0,1400.0,,
658,658,Rhynochetos Jubatus,Kagù,Kagu,156666402,ok,3.6,Arbusti – Subtropicale/tropicale umido,suitable,no,resident,0.0,1400.0,,
658,658,Rhynochetos Jubatus,Kagù,Kagu,156666402,ok,1.9,Foresta – Subtropicale/tropicale umida montana,suitable,no,resident,0.0,1400.0,,
659,659,Cinnyris Jugularis,Nettarinia Dorsoliva,Olive-Backed Sunbird,263918424,ok,1.6,Foresta – Pianura umida subtropicale/tropicale,suitable,no,resident,0.0,1960.0,,
659,659,Cinnyris Jugularis,Nettarinia Dorsoliva,Olive-Backed Sunbird,263918424,ok,3.6,Arbusti – Subtropicale/tropicale umido,suitable,no,resident,0.0,1960.0,,
659,659,Cinnyris Jugularis,Nettarinia Dorsoliva,Olive-Backed Sunbird,263918424,ok,4.5,Prateria – Subtropicale/tropicale arida,suitable,no,resident,0.0,1960.0,,
659,659,Cinnyris Jugularis,Nettarinia Dorsoliva,Olive-Backed Sunbird,263918424,ok,1.7,Foresta – Vegetazione di mangrovie subtropicale/tropicale al di sopra del livello dell'alta marea,suitable,no,resident,0.0,1960.0,,
659,659,Cinnyris Jugularis,Nettarinia Dorsoliva,Olive-Backed Sunbird,263918424,ok,14.4,Orti rurali,suitable,no,resident,0.0,1960.0,,
659,659,Cinnyris Jugularis,Nettarinia Dorsoliva,Olive-Backed Sunbird,263918424,ok,14.3,Piantagioni,suitable,no,resident,0.0,1960.0,,
659,659,Cinnyris Jugularis,Nettarinia Dorsoliva,Olive-Backed Sunbird,263918424,ok,14.1,Terreno arabile,suitable,no,resident,0.0,1960.0,,
660,660,Ensifera Ensifera,Colibrì Spada,Sword-Billed Hummingbird,264054464,ok,4.7,Prateria – Alta quota subtropicale/tropicale,suitable,no,resident,1700.0,3500.0,,
660,660,Ensifera Ensifera,Colibrì Spada,Sword-Billed Hummingbird,264054464,ok,1.9,Foresta – Subtropicale/tropicale umida montana,suitable,yes,resident,1700.0,3500.0,,
660,660,Ensifera Ensifera,Colibrì Spada,Sword-Billed Hummingbird,264054464,ok,14.4,Orti rurali,suitable,no,resident,1700.0,3500.0,,
660,660,Ensifera Ensifera,Colibrì Spada,Sword-Billed Hummingbird,264054464,ok,3.7,Arbusti – Zone subtropicali/tropicali di alta quota,suitable,no,resident,1700.0,3500.0,,
661,661,Merops Nubicus,Gruccione Nubico,Northern Carmine Bee-Eater,280975468,ok,5.8,Zone umide (interne) – Paludi/stagni d'acqua dolce stagionali/intermittenti (inferiori a 8 ettari),suitable,no,breeding,0.0,1500.0,,
661,661,Merops Nubicus,Gruccione Nubico,Northern Carmine Bee-Eater,280975468,ok,5.7,Zone umide (interne) – Paludi/stagni d'acqua dolce permanenti (inferiori a 8 ettari),suitable,no,breeding,0.0,1500.0,,
661,661,Merops Nubicus,Gruccione Nubico,Northern Carmine Bee-Eater,280975468,ok,1.7,Foresta – Vegetazione di mangrovie subtropicale/tropicale al di sopra del livello dell'alta marea,suitable,no,breeding,0.0,1500.0,,
661,661,Merops Nubicus,Gruccione Nubico,Northern Carmine Bee-Eater,280975468,ok,5.6,Zone umide (interne) – Laghi d'acqua dolce stagionali/intermittenti (oltre 8 ha),suitable,no,breeding,0.0,1500.0,,
661,661,Merops Nubicus,Gruccione Nubico,Northern Carmine Bee-Eater,280975468,ok,3.6,Arbusti – Subtropicale/tropicale umido,suitable,no,breeding,0.0,1500.0,,
661,661,Merops Nubicus,Gruccione Nubico,Northern Carmine Bee-Eater,280975468,ok,5.4,"Zone umide (interne) – Paludi, acquitrini, torbiere",suitable,no,breeding,0.0,1500.0,,
661,661,Merops Nubicus,Gruccione Nubico,Northern Carmine Bee-Eater,280975468,ok,15.8,Terreni agricoli soggetti a inondazioni stagionali,suitable,no,breeding,0.0,1500.0,,
661,661,Merops Nubicus,Gruccione Nubico,Northern Carmine Bee-Eater,280975468,ok,2.1,Savana - Secca,suitable,yes,breeding,0.0,1500.0,,
661,661,Merops Nubicus,Gruccione Nubico,Northern Carmine Bee-Eater,280975468,ok,4.5,Prateria – Subtropicale/tropicale arida,suitable,no,breeding,0.0,1500.0,,
661,661,Merops Nubicus,Gruccione Nubico,Northern Carmine Bee-Eater,280975468,ok,5.1,Zone umide (interne) – Fiumi/torrenti/cascate permanenti,suitable,yes,breeding,0.0,1500.0,,
661,661,Merops Nubicus,Gruccione Nubico,Northern Carmine Bee-Eater,280975468,ok,4.6,Prateria – Subtropicale/tropicale stagionalmente umida/allagata,suitable,no,breeding,0.0,1500.0,,
661,661,Merops Nubicus,Gruccione Nubico,Northern Carmine Bee-Eater,280975468,ok,3.5,Arbusti – Zona secca subtropicale/tropicale,suitable,no,breeding,0.0,1500.0,,
661,661,Merops Nubicus,Gruccione Nubico,Northern Carmine Bee-Eater,280975468,ok,14.2,Pascoli,suitable,no,breeding,0.0,1500.0,,
661,661,Merops Nubicus,Gruccione Nubico,Northern Carmine Bee-Eater,280975468,ok,14.1,Terreno arabile,suitable,no,breeding,0.0,1500.0,,
661,661,Merops Nubicus,Gruccione Nubico,Northern Carmine Bee-Eater,280975468,ok,5.5,Zone umide (interne) – Laghi permanenti di acqua dolce (oltre 8 ettari),suitable,no,breeding,0.0,1500.0,,
662,662,Ceryle Rudis,Martin Pescatore Pied,Pied Kingfisher,280954102,ok,15.7,"Terreni irrigati, compresi i canali di irrigazione",suitable,no,resident,0.0,2500.0,,
662,662,Ceryle Rudis,Martin Pescatore Pied,Pied Kingfisher,280954102,ok,9.9,Erba marina sommersa,suitable,no,resident,0.0,2500.0,,
662,662,Ceryle Rudis,Martin Pescatore Pied,Pied Kingfisher,280954102,ok,15.5,Scavi a cielo aperto,suitable,no,resident,0.0,2500.0,,
662,662,Ceryle Rudis,Martin Pescatore Pied,Pied Kingfisher,280954102,ok,12.6,Pozze di marea,suitable,no,resident,0.0,2500.0,,
662,662,Ceryle Rudis,Martin Pescatore Pied,Pied Kingfisher,280954102,ok,1.7,Foresta – Vegetazione di mangrovie subtropicale/tropicale al di sopra del livello dell'alta marea,suitable,no,resident,0.0,2500.0,,
662,662,Ceryle Rudis,Martin Pescatore Pied,Pied Kingfisher,280954102,ok,13.4,Lagune costiere salmastre/saline/laghi marini,suitable,no,resident,0.0,2500.0,,
662,662,Ceryle Rudis,Martin Pescatore Pied,Pied Kingfisher,280954102,ok,9.10,Estuari,suitable,no,resident,0.0,2500.0,,
662,662,Ceryle Rudis,Martin Pescatore Pied,Pied Kingfisher,280954102,ok,14.1,Terreno arabile,suitable,no,resident,0.0,2500.0,,
662,662,Ceryle Rudis,Martin Pescatore Pied,Pied Kingfisher,280954102,ok,5.6,Zone umide (interne) – Laghi d'acqua dolce stagionali/intermittenti (oltre 8 ha),suitable,no,resident,0.0,2500.0,,
662,662,Ceryle Rudis,Martin Pescatore Pied,Pied Kingfisher,280954102,ok,5.7,Zone umide (interne) – Paludi/stagni d'acqua dolce permanenti (inferiori a 8 ettari),suitable,no,resident,0.0,2500.0,,
662,662,Ceryle Rudis,Martin Pescatore Pied,Pied Kingfisher,280954102,ok,13.5,Laghi costieri di acqua dolce,suitable,no,resident,0.0,2500.0,,
662,662,Ceryle Rudis,Martin Pescatore Pied,Pied Kingfisher,280954102,ok,12.2,"Coste sabbiose e/o spiagge, banchi di sabbia, lingue di sabbia",suitable,no,resident,0.0,2500.0,,
662,662,Ceryle Rudis,Martin Pescatore Pied,Pied Kingfisher,280954102,ok,9.5,Neritico marino – Fango sabbioso subtidale,suitable,no,resident,0.0,2500.0,,
662,662,Ceryle Rudis,Martin Pescatore Pied,Pied Kingfisher,280954102,ok,4.6,Prateria – Subtropicale/tropicale stagionalmente umida/allagata,suitable,no,resident,0.0,2500.0,,
662,662,Ceryle Rudis,Martin Pescatore Pied,Pied Kingfisher,280954102,ok,9.7,Neritico marino – Macroalghe/alghe,suitable,no,resident,0.0,2500.0,,
662,662,Ceryle Rudis,Martin Pescatore Pied,Pied Kingfisher,280954102,ok,5.2,Zone umide (interne) – Fiumi/torrenti/canali stagionali/intermittenti/irregolari,suitable,no,resident,0.0,2500.0,,
662,662,Ceryle Rudis,Martin Pescatore Pied,Pied Kingfisher,280954102,ok,9.4,Neritico marino – Sabbioso subtidale,suitable,no,resident,0.0,2500.0,,
662,662,Ceryle Rudis,Martin Pescatore Pied,Pied Kingfisher,280954102,ok,5.1,Zone umide (interne) – Fiumi/torrenti/cascate permanenti,suitable,yes,resident,0.0,2500.0,,
662,662,Ceryle Rudis,Martin Pescatore Pied,Pied Kingfisher,280954102,ok,9.2,Neritica marina – Rocce e scogliere rocciose subtidali,suitable,no,resident,0.0,2500.0,,
662,662,Ceryle Rudis,Martin Pescatore Pied,Pied Kingfisher,280954102,ok,15.1,Aree di stoccaggio dell'acqua oltre 8 ettari,suitable,no,resident,0.0,2500.0,,
662,662,Ceryle Rudis,Martin Pescatore Pied,Pied Kingfisher,280954102,ok,5.4,"Zone umide (interne) – Paludi, acquitrini, torbiere",suitable,no,resident,0.0,2500.0,,
662,662,Ceryle Rudis,Martin Pescatore Pied,Pied Kingfisher,280954102,ok,9.3,Neritico marino – Roccia/ciottoli/ghiaia sciolti subtidali,suitable,no,resident,0.0,2500.0,,
662,662,Ceryle Rudis,Martin Pescatore Pied,Pied Kingfisher,280954102,ok,12.1,Costa rocciosa,suitable,no,resident,0.0,2500.0,,
662,662,Ceryle Rudis,Martin Pescatore Pied,Pied Kingfisher,280954102,ok,5.8,Zone umide (interne) – Paludi/stagni d'acqua dolce stagionali/intermittenti (inferiori a 8 ettari),suitable,no,resident,0.0,2500.0,,
662,662,Ceryle Rudis,Martin Pescatore Pied,Pied Kingfisher,280954102,ok,5.5,Zone umide (interne) – Laghi permanenti di acqua dolce (oltre 8 ettari),suitable,yes,resident,0.0,2500.0,,
663,663,Heloderma Horridum,Mostro Di Gila Messicano,Mexican Beaded Lizard,181152647,ok,3.5,Arbusti – Zona secca subtropicale/tropicale,marginal,unknown,resident,0.0,1861.0,,
663,663,Heloderma Horridum,Mostro Di Gila Messicano,Mexican Beaded Lizard,181152647,ok,1.5,Foresta – Subtropicale/tropicale secca,suitable,yes,resident,0.0,1861.0,,
663,663,Heloderma Horridum,Mostro Di Gila Messicano,Mexican Beaded Lizard,181152647,ok,14.2,Pascoli,marginal,unknown,unknown,0.0,1861.0,,
663,663,Heloderma Horridum,Mostro Di Gila Messicano,Mexican Beaded Lizard,181152647,ok,14.3,Piantagioni,marginal,unknown,unknown,0.0,1861.0,,
663,663,Heloderma Horridum,Mostro Di Gila Messicano,Mexican Beaded Lizard,181152647,ok,14.4,Orti rurali,marginal,unknown,unknown,0.0,1861.0,,
663,663,Heloderma Horridum,Mostro Di Gila Messicano,Mexican Beaded Lizard,181152647,ok,1.4,Foresta – Temperata,marginal,unknown,unknown,0.0,1861.0,,
664,664,Trioceros Jacksonii,Camaleonte Di Jackson,Jackson'S Chameleon,109922526,ok,14.4,Orti rurali,suitable,no,resident,1500.0,3200.0,,
664,664,Trioceros Jacksonii,Camaleonte Di Jackson,Jackson'S Chameleon,109922526,ok,14.1,Terreno arabile,suitable,no,resident,1500.0,3200.0,,
664,664,Trioceros Jacksonii,Camaleonte Di Jackson,Jackson'S Chameleon,109922526,ok,1.9,Foresta – Subtropicale/tropicale umida montana,suitable,yes,resident,1500.0,3200.0,,
665,665,Daubentonia Madagascariensis,Aye-Aye,Aye-Aye,115560793,ok,1.6,Foresta – Pianura umida subtropicale/tropicale,suitable,yes,resident,10.0,1875.0,,
665,665,Daubentonia Madagascariensis,Aye-Aye,Aye-Aye,115560793,ok,1.9,Foresta – Subtropicale/tropicale umida montana,suitable,yes,resident,10.0,1875.0,,
665,665,Daubentonia Madagascariensis,Aye-Aye,Aye-Aye,115560793,ok,1.7,Foresta – Vegetazione di mangrovie subtropicale/tropicale al di sopra del livello dell'alta marea,suitable,yes,resident,10.0,1875.0,,
665,665,Daubentonia Madagascariensis,Aye-Aye,Aye-Aye,115560793,ok,14.4,Orti rurali,marginal,unknown,resident,10.0,1875.0,,
665,665,Daubentonia Madagascariensis,Aye-Aye,Aye-Aye,115560793,ok,14.3,Piantagioni,marginal,unknown,resident,10.0,1875.0,,
665,665,Daubentonia Madagascariensis,Aye-Aye,Aye-Aye,115560793,ok,3.5,Arbusti – Zona secca subtropicale/tropicale,suitable,yes,resident,10.0,1875.0,,
665,665,Daubentonia Madagascariensis,Aye-Aye,Aye-Aye,115560793,ok,1.5,Foresta – Subtropicale/tropicale secca,suitable,yes,resident,10.0,1875.0,,
666,666,Draco Volans,Drago,Common Flying Dragon,99929358,ok,1.6,Foresta – Pianura umida subtropicale/tropicale,suitable,yes,resident,0.0,1500.0,,
666,666,Draco Volans,Drago,Common Flying Dragon,99929358,ok,14.5,Aree urbane,suitable,unknown,resident,0.0,1500.0,,
666,666,Draco Volans,Drago,Common Flying Dragon,99929358,ok,1.9,Foresta – Subtropicale/tropicale umida montana,suitable,yes,resident,0.0,1500.0,,
667,667,Ambystoma Mexicanum,Axolotl,Axolotl,53947343,ok,15.1,Aree di stoccaggio dell'acqua oltre 8 ettari,suitable,unknown,resident,2240.0,2240.0,,
667,667,Ambystoma Mexicanum,Axolotl,Axolotl,53947343,ok,15.9,Canali e fossi di drenaggio,suitable,unknown,resident,2240.0,2240.0,,
667,667,Ambystoma Mexicanum,Axolotl,Axolotl,53947343,ok,5.5,Zone umide (interne) – Laghi permanenti di acqua dolce (oltre 8 ettari),suitable,yes,resident,2240.0,2240.0,,
668,668,Rhacodactylus Auriculatus,Geco Gargoyle,Gargoyle Gecko,123247650,ok,1.6,Foresta – Pianura umida subtropicale/tropicale,suitable,unknown,unknown,,1100.0,,
668,668,Rhacodactylus Auriculatus,Geco Gargoyle,Gargoyle Gecko,123247650,ok,3.6,Arbusti – Subtropicale/tropicale umido,suitable,unknown,unknown,,1100.0,,
669,669,Correlophus Ciliatus,Geco Crestato,Crested Gecko,123253756,ok,1.6,Foresta – Pianura umida subtropicale/tropicale,suitable,unknown,unknown,150.0,1000.0,,
669,669,Correlophus Ciliatus,Geco Crestato,Crested Gecko,123253756,ok,1.9,Foresta – Subtropicale/tropicale umida montana,suitable,unknown,unknown,150.0,1000.0,,
670,670,Atheris Hispida,Vipera Cespuglio Spinosa,Spiny Bush Viper,44980134,ok,1.6,Foresta – Pianura umida subtropicale/tropicale,suitable,unknown,resident,900.0,2500.0,,
670,670,Atheris Hispida,Vipera Cespuglio Spinosa,Spiny Bush Viper,44980134,ok,3.6,Arbusti – Subtropicale/tropicale umido,suitable,unknown,resident,900.0,2500.0,,
670,670,Atheris Hispida,Vipera Cespuglio Spinosa,Spiny Bush Viper,44980134,ok,1.9,Foresta – Subtropicale/tropicale umida montana,suitable,unknown,resident,900.0,2500.0,,
670,670,Atheris Hispida,Vipera Cespuglio Spinosa,Spiny Bush Viper,44980134,ok,5.1,Zone umide (interne) – Fiumi/torrenti/cascate permanenti,suitable,yes,resident,900.0,2500.0,,
670,670,Atheris Hispida,Vipera Cespuglio Spinosa,Spiny Bush Viper,44980134,ok,5.2,Zone umide (interne) – Fiumi/torrenti/canali stagionali/intermittenti/irregolari,suitable,yes,resident,900.0,2500.0,,
670,670,Atheris Hispida,Vipera Cespuglio Spinosa,Spiny Bush Viper,44980134,ok,5.7,Zone umide (interne) – Paludi/stagni d'acqua dolce permanenti (inferiori a 8 ettari),suitable,yes,resident,900.0,2500.0,,
670,670,Atheris Hispida,Vipera Cespuglio Spinosa,Spiny Bush Viper,44980134,ok,14.6,Foresta subtropicale/tropicale fortemente degradata,suitable,unknown,resident,900.0,2500.0,,
671,671,Eublepharis Macularius,Geco Leopardo,Leopard Gecko,1072324,ok,3.5,Arbusti – Zona secca subtropicale/tropicale,marginal,unknown,resident,,2500.0,,
671,671,Eublepharis Macularius,Geco Leopardo,Leopard Gecko,1072324,ok,6,Zone rocciose,suitable,unknown,resident,,2500.0,,
671,671,Eublepharis Macularius,Geco Leopardo,Leopard Gecko,1072324,ok,14.4,Orti rurali,marginal,unknown,resident,,2500.0,,
671,671,Eublepharis Macularius,Geco Leopardo,Leopard Gecko,1072324,ok,8.1,Deserto – Caldo,marginal,unknown,resident,,2500.0,,
671,671,Eublepharis Macularius,Geco Leopardo,Leopard Gecko,1072324,ok,4.5,Prateria – Subtropicale/tropicale arida,suitable,unknown,resident,,2500.0,,
671,671,Eublepharis Macularius,Geco Leopardo,Leopard Gecko,1072324,ok,14.1,Terreno arabile,marginal,unknown,resident,,2500.0,,
672,672,Chlamyphorus Truncatus,Armadillo Rosa,Pink Fairy Armadillo,244100423,ok,4.4,Prateria – Temperata,suitable,no,resident,0.0,1500.0,,
672,672,Chlamyphorus Truncatus,Armadillo Rosa,Pink Fairy Armadillo,244100423,ok,8.2,Deserto – Temperato,suitable,yes,resident,0.0,1500.0,,
672,672,Chlamyphorus Truncatus,Armadillo Rosa,Pink Fairy Armadillo,244100423,ok,3.4,Arbusti – Temperati,suitable,yes,resident,0.0,1500.0,,
672,672,Chlamyphorus Truncatus,Armadillo Rosa,Pink Fairy Armadillo,244100423,ok,3.5,Arbusti – Zona secca subtropicale/tropicale,suitable,yes,resident,0.0,1500.0,,
672,672,Chlamyphorus Truncatus,Armadillo Rosa,Pink Fairy Armadillo,244100423,ok,2.1,Savana - Secca,suitable,yes,resident,0.0,1500.0,,
673,673,Gekko Gecko,Geco Tokay,Tokay Gecko,2378260,ok,14.3,Piantagioni,suitable,unknown,resident,0.0,1100.0,,
673,673,Gekko Gecko,Geco Tokay,Tokay Gecko,2378260,ok,14.6,Foresta subtropicale/tropicale fortemente degradata,suitable,unknown,resident,0.0,1100.0,,
673,673,Gekko Gecko,Geco Tokay,Tokay Gecko,2378260,ok,14.4,Orti rurali,suitable,unknown,resident,0.0,1100.0,,
673,673,Gekko Gecko,Geco Tokay,Tokay Gecko,2378260,ok,14.5,Aree urbane,suitable,unknown,resident,0.0,1100.0,,
673,673,Gekko Gecko,Geco Tokay,Tokay Gecko,2378260,ok,1.6,Foresta – Pianura umida subtropicale/tropicale,suitable,unknown,resident,0.0,1100.0,,
673,673,Gekko Gecko,Geco Tokay,Tokay Gecko,2378260,ok,1.9,Foresta – Subtropicale/tropicale umida montana,suitable,unknown,resident,0.0,1100.0,,
674,674,Galeopterus Variegatus,Colugo Delle Sonde,Sunda Flying Lemur,10479343,ok,14.3,Piantagioni,suitable,yes,unknown,,1000.0,,
674,674,Galeopterus Variegatus,Colugo Delle Sonde,Sunda Flying Lemur,10479343,ok,14.6,Foresta subtropicale/tropicale fortemente degradata,unknown,unknown,unknown,,1000.0,,
674,674,Galeopterus Variegatus,Colugo Delle Sonde,Sunda Flying Lemur,10479343,ok,14.4,Orti rurali,marginal,unknown,unknown,,1000.0,,
674,674,Galeopterus Variegatus,Colugo Delle Sonde,Sunda Flying Lemur,10479343,ok,1.6,Foresta – Pianura umida subtropicale/tropicale,suitable,yes,unknown,,1000.0,,
674,674,Galeopterus Variegatus,Colugo Delle Sonde,Sunda Flying Lemur,10479343,ok,1.7,Foresta – Vegetazione di mangrovie subtropicale/tropicale al di sopra del livello dell'alta marea,suitable,no,unknown,,1000.0,,
675,675,Ophiophagus Hannah,Cobra Reale,King Cobra,1491874,ok,5.3,Zone umide (interne) – Zone umide dominate da arbusti,suitable,no,unknown,,2000.0,,
675,675,Ophiophagus Hannah,Cobra Reale,King Cobra,1491874,ok,1.8,Foresta – Palude subtropicale/tropicale,suitable,yes,unknown,,2000.0,,
675,675,Ophiophagus Hannah,Cobra Reale,King Cobra,1491874,ok,5.4,"Zone umide (interne) – Paludi, acquitrini, torbiere",suitable,no,unknown,,2000.0,,
675,675,Ophiophagus Hannah,Cobra Reale,King Cobra,1491874,ok,14.3,Piantagioni,suitable,no,unknown,,2000.0,,
675,675,Ophiophagus Hannah,Cobra Reale,King Cobra,1491874,ok,15.7,"Terreni irrigati, compresi i canali di irrigazione",suitable,no,unknown,,2000.0,,
675,675,Ophiophagus Hannah,Cobra Reale,King Cobra,1491874,ok,3.6,Arbusti – Subtropicale/tropicale umido,suitable,no,unknown,,2000.0,,
675,675,Ophiophagus Hannah,Cobra Reale,King Cobra,1491874,ok,14.1,Terreno arabile,suitable,no,unknown,,2000.0,,
675,675,Ophiophagus Hannah,Cobra Reale,King Cobra,1491874,ok,14.6,Foresta subtropicale/tropicale fortemente degradata,suitable,no,unknown,,2000.0,,
675,675,Ophiophagus Hannah,Cobra Reale,King Cobra,1491874,ok,1.6,Foresta – Pianura umida subtropicale/tropicale,suitable,yes,unknown,,2000.0,,
675,675,Ophiophagus Hannah,Cobra Reale,King Cobra,1491874,ok,1.7,Foresta – Vegetazione di mangrovie subtropicale/tropicale al di sopra del livello dell'alta marea,suitable,yes,unknown,,2000.0,,
675,675,Ophiophagus Hannah,Cobra Reale,King Cobra,1491874,ok,1.9,Foresta – Subtropicale/tropicale umida montana,suitable,yes,unknown,,2000.0,,
675,675,Ophiophagus Hannah,Cobra Reale,King Cobra,1491874,ok,4.7,Prateria – Alta quota subtropicale/tropicale,suitable,no,unknown,,2000.0,,
676,676,Hymenopus Coronatus,Mantide Orchidea,Orchid Mantis,,assessment_not_found,,,unknown,unknown,unknown,,,,
677,677,Oxyuranus Microlepidotus,Taipan Interno,Inland Taipan,42493160,ok,5.2,Zone umide (interne) – Fiumi/torrenti/canali stagionali/intermittenti/irregolari,suitable,unknown,resident,,,,
677,677,Oxyuranus Microlepidotus,Taipan Interno,Inland Taipan,42493160,ok,5.1,Zone umide (interne) – Fiumi/torrenti/cascate permanenti,suitable,unknown,resident,,,,
678,678,Macrocheira Kaempferi,Granchio Ragno Gigante Giapponese,Japanese Spider Crab,,assessment_not_found,,,unknown,unknown,unknown,,,,
679,679,Dispholidus Typus,Boomslang,Boomslang,15357215,ok,2.1,Savana - Secca,suitable,unknown,resident,0.0,2400.0,,
679,679,Dispholidus Typus,Boomslang,Boomslang,15357215,ok,1.5,Foresta – Subtropicale/tropicale secca,suitable,unknown,resident,0.0,2400.0,,
679,679,Dispholidus Typus,Boomslang,Boomslang,15357215,ok,3.6,Arbusti – Subtropicale/tropicale umido,suitable,unknown,resident,0.0,2400.0,,
679,679,Dispholidus Typus,Boomslang,Boomslang,15357215,ok,2.2,Savana - Umida,suitable,unknown,resident,0.0,2400.0,,
679,679,Dispholidus Typus,Boomslang,Boomslang,15357215,ok,3.5,Arbusti – Zona secca subtropicale/tropicale,suitable,unknown,resident,0.0,2400.0,,
679,679,Dispholidus Typus,Boomslang,Boomslang,15357215,ok,3.8,Arbusti – Vegetazione arbustiva di tipo mediterraneo,suitable,unknown,resident,0.0,2400.0,,
679,679,Dispholidus Typus,Boomslang,Boomslang,15357215,ok,1.6,Foresta – Pianura umida subtropicale/tropicale,suitable,unknown,resident,0.0,2400.0,,
680,680,Glaucus Atlanticus,Drago Blu,Blue Dragon,,assessment_not_found,,,unknown,unknown,unknown,,,,
681,681,Bothriechis Schlegelii,Vipera Cigliata,Eyelash Viper,2486599,ok,14.3,Piantagioni,suitable,yes,resident,0.0,2650.0,,
681,681,Bothriechis Schlegelii,Vipera Cigliata,Eyelash Viper,2486599,ok,1.5,Foresta – Subtropicale/tropicale secca,suitable,yes,resident,0.0,2650.0,,
681,681,Bothriechis Schlegelii,Vipera Cigliata,Eyelash Viper,2486599,ok,1.9,Foresta – Subtropicale/tropicale umida montana,suitable,yes,resident,0.0,2650.0,,
681,681,Bothriechis Schlegelii,Vipera Cigliata,Eyelash Viper,2486599,ok,1.6,Foresta – Pianura umida subtropicale/tropicale,suitable,yes,resident,0.0,2650.0,,
682,682,Uroplatus Phantasticus,Geco Dalla Coda Foglia Satanico,Satanic Leaf-Tailed Gecko,177285160,ok,1.9,Foresta – Subtropicale/tropicale umida montana,suitable,yes,unknown,400.0,1300.0,,
682,682,Uroplatus Phantasticus,Geco Dalla Coda Foglia Satanico,Satanic Leaf-Tailed Gecko,177285160,ok,1.6,Foresta – Pianura umida subtropicale/tropicale,suitable,yes,unknown,400.0,1300.0,,
683,683,Heterodon Platirhinos,Serpente Naso Di Porco Orientale,Eastern Hognose Snake,12718733,ok,3.4,Arbusti – Temperati,suitable,unknown,unknown,,,,
683,683,Heterodon Platirhinos,Serpente Naso Di Porco Orientale,Eastern Hognose Snake,12718733,ok,1.4,Foresta – Temperata,suitable,unknown,unknown,,,,
683,683,Heterodon Platirhinos,Serpente Naso Di Porco Orientale,Eastern Hognose Snake,12718733,ok,4.4,Prateria – Temperata,suitable,unknown,unknown,,,,
684,684,Picus Viridis,Picchio Verde,European Green Woodpecker,264587872,ok,14.1,Terreno arabile,suitable,no,resident,,3000.0,,
684,684,Picus Viridis,Picchio Verde,European Green Woodpecker,264587872,ok,1.4,Foresta – Temperata,suitable,no,resident,,3000.0,,
684,684,Picus Viridis,Picchio Verde,European Green Woodpecker,264587872,ok,3.8,Arbusti – Vegetazione arbustiva di tipo mediterraneo,suitable,no,resident,,3000.0,,
684,684,Picus Viridis,Picchio Verde,European Green Woodpecker,264587872,ok,14.4,Orti rurali,suitable,no,resident,,3000.0,,
684,684,Picus Viridis,Picchio Verde,European Green Woodpecker,264587872,ok,1.5,Foresta – Subtropicale/tropicale secca,suitable,no,resident,,3000.0,,
684,684,Picus Viridis,Picchio Verde,European Green Woodpecker,264587872,ok,3.4,Arbusti – Temperati,suitable,no,resident,,3000.0,,
684,684,Picus Viridis,Picchio Verde,European Green Woodpecker,264587872,ok,14.3,Piantagioni,suitable,no,resident,,3000.0,,
684,684,Picus Viridis,Picchio Verde,European Green Woodpecker,264587872,ok,14.5,Aree urbane,suitable,no,resident,,3000.0,,
684,684,Picus Viridis,Picchio Verde,European Green Woodpecker,264587872,ok,14.2,Pascoli,suitable,no,resident,,3000.0,,
685,685,Erpeton Tentaculatum,Serpente Tentacolato,Tentacled Snake,7285596,ok,5.7,Zone umide (interne) – Paludi/stagni d'acqua dolce permanenti (inferiori a 8 ettari),suitable,unknown,unknown,,,,
685,685,Erpeton Tentaculatum,Serpente Tentacolato,Tentacled Snake,7285596,ok,5.6,Zone umide (interne) – Laghi d'acqua dolce stagionali/intermittenti (oltre 8 ha),suitable,unknown,unknown,,,,
685,685,Erpeton Tentaculatum,Serpente Tentacolato,Tentacled Snake,7285596,ok,5.5,Zone umide (interne) – Laghi permanenti di acqua dolce (oltre 8 ettari),suitable,unknown,unknown,,,,
685,685,Erpeton Tentaculatum,Serpente Tentacolato,Tentacled Snake,7285596,ok,5.4,"Zone umide (interne) – Paludi, acquitrini, torbiere",suitable,unknown,unknown,,,,
685,685,Erpeton Tentaculatum,Serpente Tentacolato,Tentacled Snake,7285596,ok,5.13,Zone umide (interne) – Delta interni permanenti,suitable,unknown,unknown,,,,
685,685,Erpeton Tentaculatum,Serpente Tentacolato,Tentacled Snake,7285596,ok,5.2,Zone umide (interne) – Fiumi/torrenti/canali stagionali/intermittenti/irregolari,suitable,unknown,unknown,,,,
685,685,Erpeton Tentaculatum,Serpente Tentacolato,Tentacled Snake,7285596,ok,5.1,Zone umide (interne) – Fiumi/torrenti/cascate permanenti,suitable,unknown,unknown,,,,
686,686,Basiliscus Plumifrons,Basilisca Verde,Green Basilisk,2759302,ok,5.1,Zone umide (interne) – Fiumi/torrenti/cascate permanenti,suitable,unknown,resident,1.0,775.0,,
686,686,Basiliscus Plumifrons,Basilisca Verde,Green Basilisk,2759302,ok,1.6,Foresta – Pianura umida subtropicale/tropicale,suitable,unknown,resident,1.0,775.0,,
686,686,Basiliscus Plumifrons,Basilisca Verde,Green Basilisk,2759302,ok,5.2,Zone umide (interne) – Fiumi/torrenti/canali stagionali/intermittenti/irregolari,suitable,unknown,resident,1.0,775.0,,
686,686,Basiliscus Plumifrons,Basilisca Verde,Green Basilisk,2759302,ok,5.7,Zone umide (interne) – Paludi/stagni d'acqua dolce permanenti (inferiori a 8 ettari),suitable,unknown,resident,1.0,775.0,,
686,686,Basiliscus Plumifrons,Basilisca Verde,Green Basilisk,2759302,ok,5.8,Zone umide (interne) – Paludi/stagni d'acqua dolce stagionali/intermittenti (inferiori a 8 ettari),suitable,unknown,resident,1.0,775.0,,
687,687,Chelus Fimbriata,Matamata,Mata Mata,,assessment_not_found,,,unknown,unknown,unknown,,,,
688,688,Carlito Syrichta,Tarsio Delle Filippine,Philippine Tarsier,17978520,ok,14.3,Piantagioni,suitable,yes,unknown,0.0,750.0,,
688,688,Carlito Syrichta,Tarsio Delle Filippine,Philippine Tarsier,17978520,ok,14.6,Foresta subtropicale/tropicale fortemente degradata,suitable,yes,unknown,0.0,750.0,,
688,688,Carlito Syrichta,Tarsio Delle Filippine,Philippine Tarsier,17978520,ok,14.4,Orti rurali,suitable,yes,unknown,0.0,750.0,,
688,688,Carlito Syrichta,Tarsio Delle Filippine,Philippine Tarsier,17978520,ok,1.6,Foresta – Pianura umida subtropicale/tropicale,suitable,yes,unknown,0.0,750.0,,
689,689,Apalone Spinifera,Tartaruga Dal Guscio Molle Spinosa,Spiny Softshell Turtle,161722123,ok,5.9,Zone umide (interne) – Sorgenti di acqua dolce e oasi,suitable,unknown,unknown,0.0,1320.0,,
689,689,Apalone Spinifera,Tartaruga Dal Guscio Molle Spinosa,Spiny Softshell Turtle,161722123,ok,5.7,Zone umide (interne) – Paludi/stagni d'acqua dolce permanenti (inferiori a 8 ettari),suitable,unknown,unknown,0.0,1320.0,,
689,689,Apalone Spinifera,Tartaruga Dal Guscio Molle Spinosa,Spiny Softshell Turtle,161722123,ok,15.7,"Terreni irrigati, compresi i canali di irrigazione",marginal,unknown,unknown,0.0,1320.0,,
689,689,Apalone Spinifera,Tartaruga Dal Guscio Molle Spinosa,Spiny Softshell Turtle,161722123,ok,5.1,Zone umide (interne) – Fiumi/torrenti/cascate permanenti,suitable,unknown,unknown,0.0,1320.0,,
689,689,Apalone Spinifera,Tartaruga Dal Guscio Molle Spinosa,Spiny Softshell Turtle,161722123,ok,15.9,Canali e fossi di drenaggio,suitable,unknown,unknown,0.0,1320.0,,
689,689,Apalone Spinifera,Tartaruga Dal Guscio Molle Spinosa,Spiny Softshell Turtle,161722123,ok,5.4,"Zone umide (interne) – Paludi, acquitrini, torbiere",marginal,unknown,unknown,0.0,1320.0,,
689,689,Apalone Spinifera,Tartaruga Dal Guscio Molle Spinosa,Spiny Softshell Turtle,161722123,ok,15.2,Stagni sotto gli 8 ettari,suitable,unknown,unknown,0.0,1320.0,,
689,689,Apalone Spinifera,Tartaruga Dal Guscio Molle Spinosa,Spiny Softshell Turtle,161722123,ok,5.5,Zone umide (interne) – Laghi permanenti di acqua dolce (oltre 8 ettari),suitable,unknown,unknown,0.0,1320.0,,
689,689,Apalone Spinifera,Tartaruga Dal Guscio Molle Spinosa,Spiny Softshell Turtle,161722123,ok,5.2,Zone umide (interne) – Fiumi/torrenti/canali stagionali/intermittenti/irregolari,suitable,unknown,unknown,0.0,1320.0,,
690,690,Balaeniceps Rex,Becco A Scarpa,Shoebill,133840708,ok,5.8,Zone umide (interne) – Paludi/stagni d'acqua dolce stagionali/intermittenti (inferiori a 8 ettari),suitable,yes,resident,,,,
690,690,Balaeniceps Rex,Becco A Scarpa,Shoebill,133840708,ok,5.7,Zone umide (interne) – Paludi/stagni d'acqua dolce permanenti (inferiori a 8 ettari),suitable,yes,resident,,,,
690,690,Balaeniceps Rex,Becco A Scarpa,Shoebill,133840708,ok,5.1,Zone umide (interne) – Fiumi/torrenti/cascate permanenti,suitable,yes,resident,,,,
690,690,Balaeniceps Rex,Becco A Scarpa,Shoebill,133840708,ok,15.8,Terreni agricoli soggetti a inondazioni stagionali,suitable,no,resident,,,,
690,690,Balaeniceps Rex,Becco A Scarpa,Shoebill,133840708,ok,14.1,Terreno arabile,suitable,no,resident,,,,
691,691,Crocodylus Palustris,Coccodrillo Delle Paludi,Mugger Crocodile,3046723,ok,5.7,Zone umide (interne) – Paludi/stagni d'acqua dolce permanenti (inferiori a 8 ettari),suitable,unknown,unknown,,420.0,,
691,691,Crocodylus Palustris,Coccodrillo Delle Paludi,Mugger Crocodile,3046723,ok,5.5,Zone umide (interne) – Laghi permanenti di acqua dolce (oltre 8 ettari),suitable,unknown,unknown,,420.0,,
691,691,Crocodylus Palustris,Coccodrillo Delle Paludi,Mugger Crocodile,3046723,ok,5.13,Zone umide (interne) – Delta interni permanenti,suitable,unknown,unknown,,420.0,,
691,691,Crocodylus Palustris,Coccodrillo Delle Paludi,Mugger Crocodile,3046723,ok,5.1,Zone umide (interne) – Fiumi/torrenti/cascate permanenti,suitable,unknown,unknown,,420.0,,
691,691,Crocodylus Palustris,Coccodrillo Delle Paludi,Mugger Crocodile,3046723,ok,9.8.4,Laguna,suitable,unknown,unknown,,420.0,,
691,691,Crocodylus Palustris,Coccodrillo Delle Paludi,Mugger Crocodile,3046723,ok,15.1,Aree di stoccaggio dell'acqua oltre 8 ettari,suitable,unknown,unknown,,420.0,,
691,691,Crocodylus Palustris,Coccodrillo Delle Paludi,Mugger Crocodile,3046723,ok,15.2,Stagni sotto gli 8 ettari,suitable,unknown,unknown,,420.0,,
692,692,Cryptobranchus Alleganiensis,Salamandra Gigante Americana,Hellbender,82473431,ok,5.1,Zone umide (interne) – Fiumi/torrenti/cascate permanenti,suitable,yes,resident,,,,
693,693,Andrias Davidianus,Salamandra Gigante Cinese,Chinese Giant Salamander,48438418,ok,5.1,Zone umide (interne) – Fiumi/torrenti/cascate permanenti,suitable,yes,resident,100.0,1700.0,,
693,693,Andrias Davidianus,Salamandra Gigante Cinese,Chinese Giant Salamander,48438418,ok,5.18,Zone umide (interne) – Carsismo e altri sistemi idrologici sotterranei (interni),suitable,yes,resident,100.0,1700.0,,
694,694,Siphonops Annulatus,Cecilia Anulata,Ringed Caecilian,180649042,ok,2.2,Savana - Umida,suitable,yes,resident,0.0,800.0,,
694,694,Siphonops Annulatus,Cecilia Anulata,Ringed Caecilian,180649042,ok,14.2,Pascoli,suitable,unknown,resident,0.0,800.0,,
694,694,Siphonops Annulatus,Cecilia Anulata,Ringed Caecilian,180649042,ok,3.6,Arbusti – Subtropicale/tropicale umido,suitable,yes,resident,0.0,800.0,,
694,694,Siphonops Annulatus,Cecilia Anulata,Ringed Caecilian,180649042,ok,14.3,Piantagioni,suitable,unknown,resident,0.0,800.0,,
694,694,Siphonops Annulatus,Cecilia Anulata,Ringed Caecilian,180649042,ok,4.6,Prateria – Subtropicale/tropicale stagionalmente umida/allagata,suitable,yes,resident,0.0,800.0,,
694,694,Siphonops Annulatus,Cecilia Anulata,Ringed Caecilian,180649042,ok,14.6,Foresta subtropicale/tropicale fortemente degradata,suitable,unknown,resident,0.0,800.0,,
694,694,Siphonops Annulatus,Cecilia Anulata,Ringed Caecilian,180649042,ok,14.4,Orti rurali,suitable,unknown,resident,0.0,800.0,,
694,694,Siphonops Annulatus,Cecilia Anulata,Ringed Caecilian,180649042,ok,1.6,Foresta – Pianura umida subtropicale/tropicale,suitable,yes,resident,0.0,800.0,,
694,694,Siphonops Annulatus,Cecilia Anulata,Ringed Caecilian,180649042,ok,2.1,Savana - Secca,suitable,yes,resident,0.0,800.0,,
695,695,Hyalinobatrachium Flethamni,Rana Di Vetro Centroamericana,Fleischmann'S Glass Frog,,assessment_not_found,,,unknown,unknown,unknown,,,,
696,696,Conraua Goliath,Rana Goliath,Goliath Frog,96062132,ok,1.6,Foresta – Pianura umida subtropicale/tropicale,suitable,unknown,resident,,1000.0,,
696,696,Conraua Goliath,Rana Goliath,Goliath Frog,96062132,ok,5.1,Zone umide (interne) – Fiumi/torrenti/cascate permanenti,suitable,unknown,resident,,1000.0,,
696,696,Conraua Goliath,Rana Goliath,Goliath Frog,96062132,ok,14.6,Foresta subtropicale/tropicale fortemente degradata,marginal,unknown,resident,,1000.0,,
697,697,Acinonyx Jubatus,Ghepardo,Cheetah,259025524,ok,6,Zone rocciose,suitable,yes,unknown,0.0,4000.0,,
697,697,Acinonyx Jubatus,Ghepardo,Cheetah,259025524,ok,14.2,Pascoli,suitable,yes,resident,0.0,4000.0,,
697,697,Acinonyx Jubatus,Ghepardo,Cheetah,259025524,ok,2.1,Savana - Secca,suitable,yes,resident,0.0,4000.0,,
697,697,Acinonyx Jubatus,Ghepardo,Cheetah,259025524,ok,3.5,Arbusti – Zona secca subtropicale/tropicale,suitable,yes,resident,0.0,4000.0,,
697,697,Acinonyx Jubatus,Ghepardo,Cheetah,259025524,ok,4.5,Prateria – Subtropicale/tropicale arida,suitable,yes,resident,0.0,4000.0,,
697,697,Acinonyx Jubatus,Ghepardo,Cheetah,259025524,ok,4.6,Prateria – Subtropicale/tropicale stagionalmente umida/allagata,suitable,yes,resident,0.0,4000.0,,
697,697,Acinonyx Jubatus,Ghepardo,Cheetah,259025524,ok,5.13,Zone umide (interne) – Delta interni permanenti,suitable,yes,resident,0.0,4000.0,,
697,697,Acinonyx Jubatus,Ghepardo,Cheetah,259025524,ok,8.1,Deserto – Caldo,suitable,yes,resident,0.0,4000.0,,
697,697,Acinonyx Jubatus,Ghepardo,Cheetah,259025524,ok,8.2,Deserto – Temperato,suitable,yes,resident,0.0,4000.0,,
697,697,Acinonyx Jubatus,Ghepardo,Cheetah,259025524,ok,8.3,Deserto – Freddo,suitable,yes,resident,0.0,4000.0,,
698,698,Rhacophorus Nigropalmatus,Rana Volante Di Wallace,Wallace'S Flying Frog,64129329,ok,1.6,Foresta – Pianura umida subtropicale/tropicale,suitable,yes,resident,0.0,600.0,,
698,698,Rhacophorus Nigropalmatus,Rana Volante Di Wallace,Wallace'S Flying Frog,64129329,ok,5.7,Zone umide (interne) – Paludi/stagni d'acqua dolce permanenti (inferiori a 8 ettari),suitable,yes,resident,0.0,600.0,,
698,698,Rhacophorus Nigropalmatus,Rana Volante Di Wallace,Wallace'S Flying Frog,64129329,ok,5.8,Zone umide (interne) – Paludi/stagni d'acqua dolce stagionali/intermittenti (inferiori a 8 ettari),suitable,yes,resident,0.0,600.0,,
699,699,Gorilla Beringei,Gorilla Di Montagna,Mountain Gorilla,115576640,ok,1.6,Foresta – Pianura umida subtropicale/tropicale,suitable,yes,resident,600.0,3800.0,,
699,699,Gorilla Beringei,Gorilla Di Montagna,Mountain Gorilla,115576640,ok,1.8,Foresta – Palude subtropicale/tropicale,suitable,no,resident,600.0,3800.0,,
699,699,Gorilla Beringei,Gorilla Di Montagna,Mountain Gorilla,115576640,ok,1.9,Foresta – Subtropicale/tropicale umida montana,suitable,yes,resident,600.0,3800.0,,
700,700,Dyscophus Antongilii,Rana Pomodoro Del Madagascar,Tomato Frog,84159360,ok,14.4,Orti rurali,suitable,unknown,resident,0.0,600.0,,
700,700,Dyscophus Antongilii,Rana Pomodoro Del Madagascar,Tomato Frog,84159360,ok,14.3,Piantagioni,suitable,unknown,resident,0.0,600.0,,
700,700,Dyscophus Antongilii,Rana Pomodoro Del Madagascar,Tomato Frog,84159360,ok,5.4,"Zone umide (interne) – Paludi, acquitrini, torbiere",suitable,unknown,resident,0.0,600.0,,
700,700,Dyscophus Antongilii,Rana Pomodoro Del Madagascar,Tomato Frog,84159360,ok,14.5,Aree urbane,suitable,unknown,resident,0.0,600.0,,
700,700,Dyscophus Antongilii,Rana Pomodoro Del Madagascar,Tomato Frog,84159360,ok,14.1,Terreno arabile,suitable,unknown,resident,0.0,600.0,,
700,700,Dyscophus Antongilii,Rana Pomodoro Del Madagascar,Tomato Frog,84159360,ok,15.9,Canali e fossi di drenaggio,suitable,unknown,resident,0.0,600.0,,
700,700,Dyscophus Antongilii,Rana Pomodoro Del Madagascar,Tomato Frog,84159360,ok,15.2,Stagni sotto gli 8 ettari,suitable,unknown,resident,0.0,600.0,,
700,700,Dyscophus Antongilii,Rana Pomodoro Del Madagascar,Tomato Frog,84159360,ok,1.6,Foresta – Pianura umida subtropicale/tropicale,suitable,unknown,resident,0.0,600.0,,
700,700,Dyscophus Antongilii,Rana Pomodoro Del Madagascar,Tomato Frog,84159360,ok,5.8,Zone umide (interne) – Paludi/stagni d'acqua dolce stagionali/intermittenti (inferiori a 8 ettari),suitable,unknown,resident,0.0,600.0,,
700,700,Dyscophus Antongilii,Rana Pomodoro Del Madagascar,Tomato Frog,84159360,ok,5.1,Zone umide (interne) – Fiumi/torrenti/cascate permanenti,marginal,unknown,resident,0.0,600.0,,
700,700,Dyscophus Antongilii,Rana Pomodoro Del Madagascar,Tomato Frog,84159360,ok,5.7,Zone umide (interne) – Paludi/stagni d'acqua dolce permanenti (inferiori a 8 ettari),suitable,unknown,resident,0.0,600.0,,
700,700,Dyscophus Antongilii,Rana Pomodoro Del Madagascar,Tomato Frog,84159360,ok,14.6,Foresta subtropicale/tropicale fortemente degradata,suitable,unknown,resident,0.0,600.0,,
701,701,Balaenoptera Musculus,Balenottera Azzurra,Blue Whale,156923585,ok,10.1,Epipelagico (0–200 m),suitable,yes,unknown,,,,
701,701,Balaenoptera Musculus,Balenottera Azzurra,Blue Whale,156923585,ok,9.1,Neritico marino – Pelagico,suitable,yes,unknown,,,,
701,701,Balaenoptera Musculus,Balenottera Azzurra,Blue Whale,156923585,ok,10.2,Mesopelagico (200–1.000 m),suitable,unknown,unknown,,,,
702,702,Rhinoderma Darwinii,Rana Di Darwin,Darwin'S Frog,79809372,ok,5.4,"Zone umide (interne) – Paludi, acquitrini, torbiere",suitable,yes,resident,0.0,1340.0,,
702,702,Rhinoderma Darwinii,Rana Di Darwin,Darwin'S Frog,79809372,ok,1.4,Foresta – Temperata,suitable,yes,resident,0.0,1340.0,,
702,702,Rhinoderma Darwinii,Rana Di Darwin,Darwin'S Frog,79809372,ok,1.3,Foresta – Subantartica,suitable,yes,resident,0.0,1340.0,,
703,703,Varanus Komodoensis,Drago Di Komodo,Komodo Dragon,123633058,ok,1.7,Foresta – Vegetazione di mangrovie subtropicale/tropicale al di sopra del livello dell'alta marea,suitable,yes,resident,,,,
703,703,Varanus Komodoensis,Drago Di Komodo,Komodo Dragon,123633058,ok,1.6,Foresta – Pianura umida subtropicale/tropicale,suitable,yes,resident,,,,
703,703,Varanus Komodoensis,Drago Di Komodo,Komodo Dragon,123633058,ok,12.1,Costa rocciosa,suitable,no,resident,,,,
703,703,Varanus Komodoensis,Drago Di Komodo,Komodo Dragon,123633058,ok,12.2,"Coste sabbiose e/o spiagge, banchi di sabbia, lingue di sabbia",suitable,no,resident,,,,
703,703,Varanus Komodoensis,Drago Di Komodo,Komodo Dragon,123633058,ok,2.1,Savana - Secca,suitable,yes,resident,,,,
704,704,Ramphastos Toco,Tucano Toco,Toco Toucan,281011279,ok,14.3,Piantagioni,suitable,no,resident,0.0,1890.0,,
704,704,Ramphastos Toco,Tucano Toco,Toco Toucan,281011279,ok,3.6,Arbusti – Subtropicale/tropicale umido,suitable,no,resident,0.0,1890.0,,
704,704,Ramphastos Toco,Tucano Toco,Toco Toucan,281011279,ok,1.5,Foresta – Subtropicale/tropicale secca,suitable,no,resident,0.0,1890.0,,
704,704,Ramphastos Toco,Tucano Toco,Toco Toucan,281011279,ok,14.5,Aree urbane,marginal,unknown,resident,0.0,1890.0,,
704,704,Ramphastos Toco,Tucano Toco,Toco Toucan,281011279,ok,14.4,Orti rurali,suitable,no,resident,0.0,1890.0,,
704,704,Ramphastos Toco,Tucano Toco,Toco Toucan,281011279,ok,1.9,Foresta – Subtropicale/tropicale umida montana,suitable,no,resident,0.0,1890.0,,
704,704,Ramphastos Toco,Tucano Toco,Toco Toucan,281011279,ok,2.1,Savana - Secca,suitable,no,resident,0.0,1890.0,,
704,704,Ramphastos Toco,Tucano Toco,Toco Toucan,281011279,ok,1.6,Foresta – Pianura umida subtropicale/tropicale,suitable,yes,resident,0.0,1890.0,,
705,705,Anodorhynchus Hyacinthinus,Ara Giacinto,Hyacinth Macaw,202613596,ok,2.1,Savana - Secca,suitable,yes,resident,0.0,800.0,,
705,705,Anodorhynchus Hyacinthinus,Ara Giacinto,Hyacinth Macaw,202613596,ok,2.2,Savana - Umida,suitable,yes,resident,0.0,800.0,,
705,705,Anodorhynchus Hyacinthinus,Ara Giacinto,Hyacinth Macaw,202613596,ok,4.5,Prateria – Subtropicale/tropicale arida,suitable,yes,resident,0.0,800.0,,
705,705,Anodorhynchus Hyacinthinus,Ara Giacinto,Hyacinth Macaw,202613596,ok,1.8,Foresta – Palude subtropicale/tropicale,suitable,yes,resident,0.0,800.0,,
706,706,Architeuthis Dux,Calamaro Gigante,Giant Squid,991505,ok,10.2,Mesopelagico (200–1.000 m),suitable,yes,unknown,,,200.0,900.0
707,707,Mandrillus Sphinx,Mandrillo,Mandrill,17952325,ok,1.6,Foresta – Pianura umida subtropicale/tropicale,suitable,yes,resident,,,,
707,707,Mandrillus Sphinx,Mandrillo,Mandrill,17952325,ok,14.6,Foresta subtropicale/tropicale fortemente degradata,marginal,unknown,resident,,,,
708,708,Antennarius Maculatus,Pescatore Verrucoso,Warty Frogfish,67970912,ok,9.8,Neritica marina – Barriera corallina,suitable,yes,resident,,,0.0,20.0
709,709,Aptenodytes Forsteri,Pinguino Imperatore,Emperor Penguin,157658053,ok,12.1,Costa rocciosa,suitable,no,breeding,0.0,500.0,0.0,560.0
709,709,Aptenodytes Forsteri,Pinguino Imperatore,Emperor Penguin,157658053,ok,10.2,Mesopelagico (200–1.000 m),suitable,yes,breeding,0.0,500.0,0.0,560.0
709,709,Aptenodytes Forsteri,Pinguino Imperatore,Emperor Penguin,157658053,ok,10.1,Epipelagico (0–200 m),suitable,yes,breeding,0.0,500.0,0.0,560.0
709,709,Aptenodytes Forsteri,Pinguino Imperatore,Emperor Penguin,157658053,ok,9.7,Neritico marino – Macroalghe/alghe,suitable,no,breeding,0.0,500.0,0.0,560.0
709,709,Aptenodytes Forsteri,Pinguino Imperatore,Emperor Penguin,157658053,ok,17,Altri,suitable,yes,breeding,0.0,500.0,0.0,560.0
709,709,Aptenodytes Forsteri,Pinguino Imperatore,Emperor Penguin,157658053,ok,9.1,Neritico marino – Pelagico,suitable,no,breeding,0.0,500.0,0.0,560.0
709,709,Aptenodytes Forsteri,Pinguino Imperatore,Emperor Penguin,157658053,ok,9.2,Neritica marina – Rocce e scogliere rocciose subtidali,suitable,no,breeding,0.0,500.0,0.0,560.0
709,709,Aptenodytes Forsteri,Pinguino Imperatore,Emperor Penguin,157658053,ok,9.3,Neritico marino – Roccia/ciottoli/ghiaia sciolti subtidali,suitable,no,breeding,0.0,500.0,0.0,560.0
709,709,Aptenodytes Forsteri,Pinguino Imperatore,Emperor Penguin,157658053,ok,9.4,Neritico marino – Sabbioso subtidale,suitable,no,breeding,0.0,500.0,0.0,560.0
709,709,Aptenodytes Forsteri,Pinguino Imperatore,Emperor Penguin,157658053,ok,9.5,Neritico marino – Fango sabbioso subtidale,suitable,no,breeding,0.0,500.0,0.0,560.0
710,710,Ogcocephalus Darwini,Pesce Pipistrello Dalle Labbra Rosse,Red-Lipped Batfish,217631260,ok,9.4,Neritico marino – Sabbioso subtidale,suitable,yes,resident,,,5.0,300.0
710,710,Ogcocephalus Darwini,Pesce Pipistrello Dalle Labbra Rosse,Red-Lipped Batfish,217631260,ok,9.2,Neritica marina – Rocce e scogliere rocciose subtidali,suitable,yes,resident,,,5.0,300.0
710,710,Ogcocephalus Darwini,Pesce Pipistrello Dalle Labbra Rosse,Red-Lipped Batfish,217631260,ok,9.3,Neritico marino – Roccia/ciottoli/ghiaia sciolti subtidali,suitable,yes,resident,,,5.0,300.0
710,710,Ogcocephalus Darwini,Pesce Pipistrello Dalle Labbra Rosse,Red-Lipped Batfish,217631260,ok,9.8,Neritica marina – Barriera corallina,suitable,yes,resident,,,5.0,300.0
710,710,Ogcocephalus Darwini,Pesce Pipistrello Dalle Labbra Rosse,Red-Lipped Batfish,217631260,ok,11.1.2,Pendio continentale/Zona batilica – Substrato morbido,suitable,yes,resident,,,5.0,300.0
711,711,Physeter Macrocephalus,Capodoglio,Sperm Whale,50382216,ok,10.1,Epipelagico (0–200 m),suitable,yes,unknown,,,,
711,711,Physeter Macrocephalus,Capodoglio,Sperm Whale,50382216,ok,10.2,Mesopelagico (200–1.000 m),suitable,yes,unknown,,,,
711,711,Physeter Macrocephalus,Capodoglio,Sperm Whale,50382216,ok,10.3,Batipelagico (1.000–4.000 m),suitable,yes,unknown,,,,
712,712,Lycaon Pictus,Licaone,African Wild Dog,221299510,ok,1.9,Foresta – Subtropicale/tropicale umida montana,marginal,unknown,unknown,0.0,4000.0,,
712,712,Lycaon Pictus,Licaone,African Wild Dog,221299510,ok,8.1,Deserto – Caldo,marginal,unknown,unknown,0.0,4000.0,,
712,712,Lycaon Pictus,Licaone,African Wild Dog,221299510,ok,1.7,Foresta – Vegetazione di mangrovie subtropicale/tropicale al di sopra del livello dell'alta marea,marginal,unknown,unknown,0.0,4000.0,,
712,712,Lycaon Pictus,Licaone,African Wild Dog,221299510,ok,2.1,Savana - Secca,suitable,yes,unknown,0.0,4000.0,,
712,712,Lycaon Pictus,Licaone,African Wild Dog,221299510,ok,2.2,Savana - Umida,suitable,yes,unknown,0.0,4000.0,,
712,712,Lycaon Pictus,Licaone,African Wild Dog,221299510,ok,3.5,Arbusti – Zona secca subtropicale/tropicale,suitable,yes,unknown,0.0,4000.0,,
712,712,Lycaon Pictus,Licaone,African Wild Dog,221299510,ok,4.5,Prateria – Subtropicale/tropicale arida,suitable,yes,unknown,0.0,4000.0,,
712,712,Lycaon Pictus,Licaone,African Wild Dog,221299510,ok,1.5,Foresta – Subtropicale/tropicale secca,suitable,yes,unknown,0.0,4000.0,,
712,712,Lycaon Pictus,Licaone,African Wild Dog,221299510,ok,3.6,Arbusti – Subtropicale/tropicale umido,suitable,unknown,unknown,0.0,4000.0,,
713,713,Okapia Johnstoni,Okapi,Okapi,51140517,ok,1.8,Foresta – Palude subtropicale/tropicale,marginal,unknown,unknown,450.0,1500.0,,
713,713,Okapia Johnstoni,Okapi,Okapi,51140517,ok,1.6,Foresta – Pianura umida subtropicale/tropicale,suitable,yes,unknown,450.0,1500.0,,
714,714,Dendrobates Tinctorius,Rana Freccia Tintore,Dyeing Poison Dart Frog,61395760,ok,5.8,Zone umide (interne) – Paludi/stagni d'acqua dolce stagionali/intermittenti (inferiori a 8 ettari),suitable,yes,resident,0.0,600.0,,
714,714,Dendrobates Tinctorius,Rana Freccia Tintore,Dyeing Poison Dart Frog,61395760,ok,1.6,Foresta – Pianura umida subtropicale/tropicale,suitable,yes,resident,0.0,600.0,,
715,715,Dynastes Hercules,Coleottero Ercole,Hercules Beetle,,assessment_not_found,,,unknown,unknown,unknown,,,,
716,716,Mesonychoteuthis Hamiltoni,Calamaro Colossale,Colossal Squid,980001,ok,10.1,Epipelagico (0–200 m),suitable,yes,unknown,,,20.0,2000.0
716,716,Mesonychoteuthis Hamiltoni,Calamaro Colossale,Colossal Squid,980001,ok,10.3,Batipelagico (1.000–4.000 m),suitable,yes,unknown,,,20.0,2000.0
716,716,Mesonychoteuthis Hamiltoni,Calamaro Colossale,Colossal Squid,980001,ok,10.2,Mesopelagico (200–1.000 m),suitable,yes,unknown,,,20.0,2000.0
717,717,Thaumoctopus Mimicus,Polpo Mimo,Mimic Octopus,87585525,ok,9.6,Neritico marino – Subtidale fangoso,suitable,unknown,unknown,,,0.5,37.0
717,717,Thaumoctopus Mimicus,Polpo Mimo,Mimic Octopus,87585525,ok,9.5,Neritico marino – Fango sabbioso subtidale,suitable,unknown,unknown,,,0.5,37.0
717,717,Thaumoctopus Mimicus,Polpo Mimo,Mimic Octopus,87585525,ok,9.4,Neritico marino – Sabbioso subtidale,suitable,unknown,unknown,,,0.5,37.0
718,718,Theraphosidae Blondi,Ragno Uccello Di Golia,Goliath Birdeater,,assessment_not_found,,,unknown,unknown,unknown,,,,
719,719,Ascarosepion Pfefferi,Seppia Fiammeggiante,Flamboyant Cuttlefish,,assessment_not_found,,,unknown,unknown,unknown,,,,
720,720,Bitis Rhinoceros,Vipera Rinoceronte Del Gabon,West African Gaboon Viper,13300932,ok,1.6,Foresta – Pianura umida subtropicale/tropicale,suitable,unknown,resident,0.0,1520.0,,
720,720,Bitis Rhinoceros,Vipera Rinoceronte Del Gabon,West African Gaboon Viper,13300932,ok,2.2,Savana - Umida,suitable,unknown,resident,0.0,1520.0,,
720,720,Bitis Rhinoceros,Vipera Rinoceronte Del Gabon,West African Gaboon Viper,13300932,ok,14.5,Aree urbane,suitable,unknown,resident,0.0,1520.0,,
720,720,Bitis Rhinoceros,Vipera Rinoceronte Del Gabon,West African Gaboon Viper,13300932,ok,14.3,Piantagioni,suitable,unknown,resident,0.0,1520.0,,
720,720,Bitis Rhinoceros,Vipera Rinoceronte Del Gabon,West African Gaboon Viper,13300932,ok,1.9,Foresta – Subtropicale/tropicale umida montana,suitable,unknown,resident,0.0,1520.0,,
721,721,Odontodactylus Scyllarus,Gambero Mantide Pavone,Peacock Mantis Shrimp,,assessment_not_found,,,unknown,unknown,unknown,,,,
722,722,Fratercula Arctica,Pulcinella Di Mare,Atlantic Puffin,132581443,ok,10.1,Epipelagico (0–200 m),suitable,no,breeding,,,,
722,722,Fratercula Arctica,Pulcinella Di Mare,Atlantic Puffin,132581443,ok,13.1,Scogliere marine e isole rocciose al largo della costa,suitable,no,breeding,,,,
722,722,Fratercula Arctica,Pulcinella Di Mare,Atlantic Puffin,132581443,ok,9.1,Neritico marino – Pelagico,suitable,yes,breeding,,,,
722,722,Fratercula Arctica,Pulcinella Di Mare,Atlantic Puffin,132581443,ok,4.2,Prateria – Subartico,suitable,yes,breeding,,,,
722,722,Fratercula Arctica,Pulcinella Di Mare,Atlantic Puffin,132581443,ok,4.4,Prateria – Temperata,suitable,yes,breeding,,,,
723,723,Alpheus Heterochaelis,Gamberetto Schioccatore Dalle Chele Grandi,Bigclaw Snapping Shrimp,,assessment_not_found,,,unknown,unknown,unknown,,,,
724,724,Trogon Resplendens,Quetzal Splendente,Resplendent Quetzal,,assessment_not_found,,,unknown,unknown,unknown,,,,
725,725,Pithecophaga Jefferyi,Aquila Delle Filippine,Philippine Eagle,273773083,ok,1.9,Foresta – Subtropicale/tropicale umida montana,suitable,yes,resident,0.0,2000.0,,
725,725,Pithecophaga Jefferyi,Aquila Delle Filippine,Philippine Eagle,273773083,ok,1.6,Foresta – Pianura umida subtropicale/tropicale,suitable,yes,resident,0.0,2000.0,,
726,726,Desmana Moschata,Desmana Muschiata,Russian Desman,231334630,ok,5.1,Zone umide (interne) – Fiumi/torrenti/cascate permanenti,suitable,yes,resident,,,,
726,726,Desmana Moschata,Desmana Muschiata,Russian Desman,231334630,ok,5.5,Zone umide (interne) – Laghi permanenti di acqua dolce (oltre 8 ettari),suitable,yes,resident,,,,
726,726,Desmana Moschata,Desmana Muschiata,Russian Desman,231334630,ok,5.7,Zone umide (interne) – Paludi/stagni d'acqua dolce permanenti (inferiori a 8 ettari),suitable,yes,resident,,,,
727,727,Goura Victoria,Piccione Coronato Di Victoria,Victoria Crowned Pigeon,181555952,ok,1.6,Foresta – Pianura umida subtropicale/tropicale,suitable,yes,resident,0.0,600.0,,
727,727,Goura Victoria,Piccione Coronato Di Victoria,Victoria Crowned Pigeon,181555952,ok,1.8,Foresta – Palude subtropicale/tropicale,suitable,yes,resident,0.0,600.0,,
728,728,Chironectes Minimus,Yapok,Water Opossum,22173467,ok,5.4,"Zone umide (interne) – Paludi, acquitrini, torbiere",suitable,yes,unknown,0.0,1860.0,,
728,728,Chironectes Minimus,Yapok,Water Opossum,22173467,ok,1.6,Foresta – Pianura umida subtropicale/tropicale,suitable,unknown,unknown,0.0,1860.0,,
728,728,Chironectes Minimus,Yapok,Water Opossum,22173467,ok,5.1,Zone umide (interne) – Fiumi/torrenti/cascate permanenti,suitable,yes,unknown,0.0,1860.0,,
728,728,Chironectes Minimus,Yapok,Water Opossum,22173467,ok,1.9,Foresta – Subtropicale/tropicale umida montana,suitable,unknown,unknown,0.0,1860.0,,
728,728,Chironectes Minimus,Yapok,Water Opossum,22173467,ok,1.8,Foresta – Palude subtropicale/tropicale,suitable,unknown,unknown,0.0,1860.0,,
729,729,Balearica Regulorum,Gru Coronata Africana,Grey Crowned Crane,240198049,ok,15.8,Terreni agricoli soggetti a inondazioni stagionali,suitable,no,resident,0.0,3000.0,,
729,729,Balearica Regulorum,Gru Coronata Africana,Grey Crowned Crane,240198049,ok,14.1,Terreno arabile,suitable,no,resident,0.0,3000.0,,
729,729,Balearica Regulorum,Gru Coronata Africana,Grey Crowned Crane,240198049,ok,14.2,Pascoli,suitable,no,resident,0.0,3000.0,,
729,729,Balearica Regulorum,Gru Coronata Africana,Grey Crowned Crane,240198049,ok,5.8,Zone umide (interne) – Paludi/stagni d'acqua dolce stagionali/intermittenti (inferiori a 8 ettari),suitable,yes,resident,0.0,3000.0,,
729,729,Balearica Regulorum,Gru Coronata Africana,Grey Crowned Crane,240198049,ok,1.6,Foresta – Pianura umida subtropicale/tropicale,suitable,yes,resident,0.0,3000.0,,
729,729,Balearica Regulorum,Gru Coronata Africana,Grey Crowned Crane,240198049,ok,15.1,Aree di stoccaggio dell'acqua oltre 8 ettari,suitable,yes,resident,0.0,3000.0,,
729,729,Balearica Regulorum,Gru Coronata Africana,Grey Crowned Crane,240198049,ok,15.7,"Terreni irrigati, compresi i canali di irrigazione",suitable,yes,resident,0.0,3000.0,,
729,729,Balearica Regulorum,Gru Coronata Africana,Grey Crowned Crane,240198049,ok,2.1,Savana - Secca,suitable,no,resident,0.0,3000.0,,
729,729,Balearica Regulorum,Gru Coronata Africana,Grey Crowned Crane,240198049,ok,4.4,Prateria – Temperata,suitable,no,resident,0.0,3000.0,,
729,729,Balearica Regulorum,Gru Coronata Africana,Grey Crowned Crane,240198049,ok,4.6,Prateria – Subtropicale/tropicale stagionalmente umida/allagata,suitable,no,resident,0.0,3000.0,,
729,729,Balearica Regulorum,Gru Coronata Africana,Grey Crowned Crane,240198049,ok,5.1,Zone umide (interne) – Fiumi/torrenti/cascate permanenti,suitable,yes,resident,0.0,3000.0,,
729,729,Balearica Regulorum,Gru Coronata Africana,Grey Crowned Crane,240198049,ok,5.4,"Zone umide (interne) – Paludi, acquitrini, torbiere",suitable,yes,resident,0.0,3000.0,,
729,729,Balearica Regulorum,Gru Coronata Africana,Grey Crowned Crane,240198049,ok,5.6,Zone umide (interne) – Laghi d'acqua dolce stagionali/intermittenti (oltre 8 ha),suitable,yes,resident,0.0,3000.0,,
729,729,Balearica Regulorum,Gru Coronata Africana,Grey Crowned Crane,240198049,ok,2.2,Savana - Umida,suitable,yes,resident,0.0,3000.0,,
729,729,Balearica Regulorum,Gru Coronata Africana,Grey Crowned Crane,240198049,ok,1.8,Foresta – Palude subtropicale/tropicale,suitable,yes,resident,0.0,3000.0,,
729,729,Balearica Regulorum,Gru Coronata Africana,Grey Crowned Crane,240198049,ok,5.2,Zone umide (interne) – Fiumi/torrenti/canali stagionali/intermittenti/irregolari,suitable,yes,resident,0.0,3000.0,,
729,729,Balearica Regulorum,Gru Coronata Africana,Grey Crowned Crane,240198049,ok,5.7,Zone umide (interne) – Paludi/stagni d'acqua dolce permanenti (inferiori a 8 ettari),suitable,yes,resident,0.0,3000.0,,
729,729,Balearica Regulorum,Gru Coronata Africana,Grey Crowned Crane,240198049,ok,5.5,Zone umide (interne) – Laghi permanenti di acqua dolce (oltre 8 ettari),suitable,yes,resident,0.0,3000.0,,
730,730,Euchoreutes Naso,Gerboa Dalle Orecchie Lunghe,Long-Eared Jerboa,115087272,ok,8.3,Deserto – Freddo,suitable,unknown,unknown,,,,
730,730,Euchoreutes Naso,Gerboa Dalle Orecchie Lunghe,Long-Eared Jerboa,115087272,ok,3.4,Arbusti – Temperati,suitable,unknown,unknown,,,,
731,731,Potamochoerus Porcus,Facocero Rosso Africano,Red River Hog,100469961,ok,1.6,Foresta – Pianura umida subtropicale/tropicale,suitable,yes,unknown,,,,
731,731,Potamochoerus Porcus,Facocero Rosso Africano,Red River Hog,100469961,ok,1.5,Foresta – Subtropicale/tropicale secca,suitable,yes,unknown,,,,
731,731,Potamochoerus Porcus,Facocero Rosso Africano,Red River Hog,100469961,ok,14.4,Orti rurali,marginal,unknown,unknown,,,,
731,731,Potamochoerus Porcus,Facocero Rosso Africano,Red River Hog,100469961,ok,14.3,Piantagioni,marginal,unknown,unknown,,,,
731,731,Potamochoerus Porcus,Facocero Rosso Africano,Red River Hog,100469961,ok,14.1,Terreno arabile,marginal,unknown,unknown,,,,
731,731,Potamochoerus Porcus,Facocero Rosso Africano,Red River Hog,100469961,ok,1.9,Foresta – Subtropicale/tropicale umida montana,marginal,unknown,unknown,,,,
732,732,Macroscelides Proboscideus,Toporagno Elefante Dalle Orecchie Corte,Short-Eared Elephant Shrew,45435551,ok,8.1,Deserto – Caldo,suitable,yes,resident,0.0,1400.0,,
732,732,Macroscelides Proboscideus,Toporagno Elefante Dalle Orecchie Corte,Short-Eared Elephant Shrew,45435551,ok,3.5,Arbusti – Zona secca subtropicale/tropicale,suitable,yes,resident,0.0,1400.0,,
733,733,Orycteropus Afer,Oritteropo,Aardvark,21286437,ok,4.4,Prateria – Temperata,suitable,no,resident,0.0,3200.0,,
733,733,Orycteropus Afer,Oritteropo,Aardvark,21286437,ok,1.9,Foresta – Subtropicale/tropicale umida montana,suitable,no,resident,0.0,3200.0,,
733,733,Orycteropus Afer,Oritteropo,Aardvark,21286437,ok,1.5,Foresta – Subtropicale/tropicale secca,suitable,no,resident,0.0,3200.0,,
733,733,Orycteropus Afer,Oritteropo,Aardvark,21286437,ok,4.5,Prateria – Subtropicale/tropicale arida,suitable,no,resident,0.0,3200.0,,
733,733,Orycteropus Afer,Oritteropo,Aardvark,21286437,ok,3.5,Arbusti – Zona secca subtropicale/tropicale,suitable,yes,resident,0.0,3200.0,,
733,733,Orycteropus Afer,Oritteropo,Aardvark,21286437,ok,2.1,Savana - Secca,suitable,yes,resident,0.0,3200.0,,
733,733,Orycteropus Afer,Oritteropo,Aardvark,21286437,ok,1.6,Foresta – Pianura umida subtropicale/tropicale,suitable,no,resident,0.0,3200.0,,
734,734,Vormela Peregusna,Puzzola Marmorizzata,Marbled Polecat,45203971,ok,8.3,Deserto – Freddo,suitable,unknown,unknown,0.0,3000.0,,
734,734,Vormela Peregusna,Puzzola Marmorizzata,Marbled Polecat,45203971,ok,8.2,Deserto – Temperato,suitable,unknown,unknown,0.0,3000.0,,
734,734,Vormela Peregusna,Puzzola Marmorizzata,Marbled Polecat,45203971,ok,6,Zone rocciose,suitable,unknown,unknown,0.0,3000.0,,
734,734,Vormela Peregusna,Puzzola Marmorizzata,Marbled Polecat,45203971,ok,4.4,Prateria – Temperata,suitable,unknown,unknown,0.0,3000.0,,
734,734,Vormela Peregusna,Puzzola Marmorizzata,Marbled Polecat,45203971,ok,14.1,Terreno arabile,marginal,unknown,unknown,0.0,3000.0,,
734,734,Vormela Peregusna,Puzzola Marmorizzata,Marbled Polecat,45203971,ok,3.4,Arbusti – Temperati,suitable,unknown,unknown,0.0,3000.0,,
735,735,Phoenicopterus Roseus,Fenicottero Rosa,Greater Flamingo,155527405,ok,9.10,Estuari,suitable,yes,breeding,,,,
735,735,Phoenicopterus Roseus,Fenicottero Rosa,Greater Flamingo,155527405,ok,5.14,"Zone umide (interne) – Laghi permanenti salini, salmastri o alcalini",suitable,yes,breeding,,,,
736,736,Taxidea Taxus,Tasso Americano,American Badger,45215410,ok,1.4,Foresta – Temperata,marginal,unknown,unknown,0.0,3600.0,,
736,736,Taxidea Taxus,Tasso Americano,American Badger,45215410,ok,4.4,Prateria – Temperata,suitable,yes,unknown,0.0,3600.0,,
736,736,Taxidea Taxus,Tasso Americano,American Badger,45215410,ok,3.3,Arbusti – Boreale,suitable,yes,unknown,0.0,3600.0,,
736,736,Taxidea Taxus,Tasso Americano,American Badger,45215410,ok,3.4,Arbusti – Temperati,suitable,yes,unknown,0.0,3600.0,,
737,737,Cygnus Olor,Cigno Reale,Mute Swan,281844289,ok,5.4,"Zone umide (interne) – Paludi, acquitrini, torbiere",suitable,no,breeding,0.0,350.0,,
737,737,Cygnus Olor,Cigno Reale,Mute Swan,281844289,ok,5.1,Zone umide (interne) – Fiumi/torrenti/cascate permanenti,suitable,no,breeding,0.0,350.0,,
737,737,Cygnus Olor,Cigno Reale,Mute Swan,281844289,ok,13.5,Laghi costieri di acqua dolce,suitable,no,breeding,0.0,350.0,,
737,737,Cygnus Olor,Cigno Reale,Mute Swan,281844289,ok,13.4,Lagune costiere salmastre/saline/laghi marini,suitable,no,breeding,0.0,350.0,,
737,737,Cygnus Olor,Cigno Reale,Mute Swan,281844289,ok,5.5,Zone umide (interne) – Laghi permanenti di acqua dolce (oltre 8 ettari),suitable,no,breeding,0.0,350.0,,
737,737,Cygnus Olor,Cigno Reale,Mute Swan,281844289,ok,14.1,Terreno arabile,suitable,no,breeding,0.0,350.0,,
738,738,Bassariscus Astutus,Bassarischio,Ringtail,45215881,ok,14.5,Aree urbane,marginal,unknown,unknown,0.0,2900.0,,
738,738,Bassariscus Astutus,Bassarischio,Ringtail,45215881,ok,3.7,Arbusti – Zone subtropicali/tropicali di alta quota,suitable,yes,unknown,0.0,2900.0,,
738,738,Bassariscus Astutus,Bassarischio,Ringtail,45215881,ok,1.9,Foresta – Subtropicale/tropicale umida montana,suitable,yes,unknown,0.0,2900.0,,
738,738,Bassariscus Astutus,Bassarischio,Ringtail,45215881,ok,1.5,Foresta – Subtropicale/tropicale secca,suitable,yes,unknown,0.0,2900.0,,
738,738,Bassariscus Astutus,Bassarischio,Ringtail,45215881,ok,6,Zone rocciose,suitable,yes,unknown,0.0,2900.0,,
738,738,Bassariscus Astutus,Bassarischio,Ringtail,45215881,ok,3.5,Arbusti – Zona secca subtropicale/tropicale,suitable,yes,unknown,0.0,2900.0,,
738,738,Bassariscus Astutus,Bassarischio,Ringtail,45215881,ok,8,Deserto,suitable,yes,unknown,0.0,2900.0,,
738,738,Bassariscus Astutus,Bassarischio,Ringtail,45215881,ok,4.7,Prateria – Alta quota subtropicale/tropicale,suitable,yes,unknown,0.0,2900.0,,
738,738,Bassariscus Astutus,Bassarischio,Ringtail,45215881,ok,1.6,Foresta – Pianura umida subtropicale/tropicale,suitable,yes,unknown,0.0,2900.0,,
738,738,Bassariscus Astutus,Bassarischio,Ringtail,45215881,ok,3.8,Arbusti – Vegetazione arbustiva di tipo mediterraneo,suitable,yes,unknown,0.0,2900.0,,
738,738,Bassariscus Astutus,Bassarischio,Ringtail,45215881,ok,4.5,Prateria – Subtropicale/tropicale arida,suitable,yes,unknown,0.0,2900.0,,
739,739,Paguma Larvata,Civetta Delle Palme Mascherata,Masked Palm Civet,259351893,ok,14.3,Piantagioni,unknown,unknown,unknown,20.0,2700.0,,
739,739,Paguma Larvata,Civetta Delle Palme Mascherata,Masked Palm Civet,259351893,ok,14.1,Terreno arabile,marginal,unknown,resident,20.0,2700.0,,
739,739,Paguma Larvata,Civetta Delle Palme Mascherata,Masked Palm Civet,259351893,ok,14.2,Pascoli,marginal,unknown,resident,20.0,2700.0,,
739,739,Paguma Larvata,Civetta Delle Palme Mascherata,Masked Palm Civet,259351893,ok,14.4,Orti rurali,marginal,unknown,unknown,20.0,2700.0,,
739,739,Paguma Larvata,Civetta Delle Palme Mascherata,Masked Palm Civet,259351893,ok,3.4,Arbusti – Temperati,unknown,unknown,unknown,20.0,2700.0,,
739,739,Paguma Larvata,Civetta Delle Palme Mascherata,Masked Palm Civet,259351893,ok,3.6,Arbusti – Subtropicale/tropicale umido,suitable,unknown,resident,20.0,2700.0,,
739,739,Paguma Larvata,Civetta Delle Palme Mascherata,Masked Palm Civet,259351893,ok,3.7,Arbusti – Zone subtropicali/tropicali di alta quota,unknown,unknown,unknown,20.0,2700.0,,
739,739,Paguma Larvata,Civetta Delle Palme Mascherata,Masked Palm Civet,259351893,ok,1.5,Foresta – Subtropicale/tropicale secca,marginal,unknown,unknown,20.0,2700.0,,
739,739,Paguma Larvata,Civetta Delle Palme Mascherata,Masked Palm Civet,259351893,ok,1.8,Foresta – Palude subtropicale/tropicale,unknown,unknown,unknown,20.0,2700.0,,
739,739,Paguma Larvata,Civetta Delle Palme Mascherata,Masked Palm Civet,259351893,ok,1.6,Foresta – Pianura umida subtropicale/tropicale,suitable,yes,resident,20.0,2700.0,,
739,739,Paguma Larvata,Civetta Delle Palme Mascherata,Masked Palm Civet,259351893,ok,1.9,Foresta – Subtropicale/tropicale umida montana,suitable,yes,resident,20.0,2700.0,,
739,739,Paguma Larvata,Civetta Delle Palme Mascherata,Masked Palm Civet,259351893,ok,14.6,Foresta subtropicale/tropicale fortemente degradata,suitable,yes,resident,20.0,2700.0,,
739,739,Paguma Larvata,Civetta Delle Palme Mascherata,Masked Palm Civet,259351893,ok,1.4,Foresta – Temperata,suitable,no,resident,20.0,2700.0,,
740,740,Vespa Mandarinia,Calabrone Gigante Asiatico,Asian Giant Hornet,,assessment_not_found,,,unknown,unknown,unknown,,,,
741,741,Genetta Genetta,Genetta Comune,Common Genet,45218636,ok,3.5,Arbusti – Zona secca subtropicale/tropicale,suitable,unknown,unknown,0.0,3000.0,,
741,741,Genetta Genetta,Genetta Comune,Common Genet,45218636,ok,2.1,Savana - Secca,suitable,unknown,unknown,0.0,3000.0,,
741,741,Genetta Genetta,Genetta Comune,Common Genet,45218636,ok,3.4,Arbusti – Temperati,suitable,unknown,unknown,0.0,3000.0,,
741,741,Genetta Genetta,Genetta Comune,Common Genet,45218636,ok,1.4,Foresta – Temperata,suitable,unknown,unknown,0.0,3000.0,,
741,741,Genetta Genetta,Genetta Comune,Common Genet,45218636,ok,1.6,Foresta – Pianura umida subtropicale/tropicale,marginal,unknown,unknown,0.0,3000.0,,
741,741,Genetta Genetta,Genetta Comune,Common Genet,45218636,ok,3.8,Arbusti – Vegetazione arbustiva di tipo mediterraneo,suitable,unknown,unknown,0.0,3000.0,,
741,741,Genetta Genetta,Genetta Comune,Common Genet,45218636,ok,3.6,Arbusti – Subtropicale/tropicale umido,suitable,unknown,unknown,0.0,3000.0,,
741,741,Genetta Genetta,Genetta Comune,Common Genet,45218636,ok,14.3,Piantagioni,marginal,unknown,unknown,0.0,3000.0,,
741,741,Genetta Genetta,Genetta Comune,Common Genet,45218636,ok,2.2,Savana - Umida,marginal,unknown,unknown,0.0,3000.0,,
741,741,Genetta Genetta,Genetta Comune,Common Genet,45218636,ok,1.5,Foresta – Subtropicale/tropicale secca,suitable,unknown,unknown,0.0,3000.0,,
741,741,Genetta Genetta,Genetta Comune,Common Genet,45218636,ok,14.4,Orti rurali,marginal,unknown,unknown,0.0,3000.0,,
741,741,Genetta Genetta,Genetta Comune,Common Genet,45218636,ok,6,Zone rocciose,marginal,unknown,unknown,0.0,3000.0,,
742,742,Pulchriphyllium Giganteum,Fasmide Foglia Gigante,Giant Leaf Insect,,assessment_not_found,,,unknown,unknown,unknown,,,,
743,743,Eupleres Goudotii,Falanuco Minore,Falanouc,45204582,ok,1.6,Foresta – Pianura umida subtropicale/tropicale,suitable,unknown,unknown,0.0,1000.0,,
744,744,Cynictis Penicillata,Mangusta Gialla,Yellow Mongoose,45205726,ok,4.5,Prateria – Subtropicale/tropicale arida,suitable,yes,unknown,0.0,,,
744,744,Cynictis Penicillata,Mangusta Gialla,Yellow Mongoose,45205726,ok,2.1,Savana - Secca,suitable,yes,unknown,0.0,,,
744,744,Cynictis Penicillata,Mangusta Gialla,Yellow Mongoose,45205726,ok,3.5,Arbusti – Zona secca subtropicale/tropicale,suitable,yes,unknown,0.0,,,
744,744,Cynictis Penicillata,Mangusta Gialla,Yellow Mongoose,45205726,ok,3.8,Arbusti – Vegetazione arbustiva di tipo mediterraneo,suitable,yes,unknown,0.0,,,
745,745,Rhinopithecus Bieti,Rinopiteco Di Bieti,Black Snub-Nosed Monkey,17943738,ok,1.4,Foresta – Temperata,suitable,yes,resident,3000.0,4700.0,,
746,746,Hyaena Brunnea,Iena Bruna,Brown Hyena,,assessment_not_found,,,unknown,unknown,unknown,,,,
747,747,Naja Pallida,Cobra Rosso,Red Spitting Cobra,20878789,ok,2.1,Savana - Secca,suitable,yes,resident,0.0,1200.0,,
747,747,Naja Pallida,Cobra Rosso,Red Spitting Cobra,20878789,ok,14.4,Orti rurali,suitable,unknown,breeding,0.0,1200.0,,
747,747,Naja Pallida,Cobra Rosso,Red Spitting Cobra,20878789,ok,4.5,Prateria – Subtropicale/tropicale arida,suitable,unknown,resident,0.0,1200.0,,
748,748,Neofelis Nebulosa,Leopardo Nebuloso,Clouded Leopard,198843258,ok,1.7,Foresta – Vegetazione di mangrovie subtropicale/tropicale al di sopra del livello dell'alta marea,marginal,unknown,unknown,0.0,3500.0,,
748,748,Neofelis Nebulosa,Leopardo Nebuloso,Clouded Leopard,198843258,ok,1.8,Foresta – Palude subtropicale/tropicale,suitable,unknown,unknown,0.0,3500.0,,
748,748,Neofelis Nebulosa,Leopardo Nebuloso,Clouded Leopard,198843258,ok,3.7,Arbusti – Zone subtropicali/tropicali di alta quota,marginal,unknown,unknown,0.0,3500.0,,
748,748,Neofelis Nebulosa,Leopardo Nebuloso,Clouded Leopard,198843258,ok,1.6,Foresta – Pianura umida subtropicale/tropicale,suitable,yes,unknown,0.0,3500.0,,
748,748,Neofelis Nebulosa,Leopardo Nebuloso,Clouded Leopard,198843258,ok,3.6,Arbusti – Subtropicale/tropicale umido,marginal,unknown,unknown,0.0,3500.0,,
748,748,Neofelis Nebulosa,Leopardo Nebuloso,Clouded Leopard,198843258,ok,1.5,Foresta – Subtropicale/tropicale secca,suitable,unknown,unknown,0.0,3500.0,,
748,748,Neofelis Nebulosa,Leopardo Nebuloso,Clouded Leopard,198843258,ok,1.9,Foresta – Subtropicale/tropicale umida montana,suitable,yes,unknown,0.0,3500.0,,
748,748,Neofelis Nebulosa,Leopardo Nebuloso,Clouded Leopard,198843258,ok,3.5,Arbusti – Zona secca subtropicale/tropicale,marginal,unknown,unknown,0.0,3500.0,,
748,748,Neofelis Nebulosa,Leopardo Nebuloso,Clouded Leopard,198843258,ok,3.8,Arbusti – Vegetazione arbustiva di tipo mediterraneo,marginal,unknown,unknown,0.0,3500.0,,
749,749,Crotalus Adamanteus,Crotalo Diamantato Orientale,Eastern Diamondback Rattlesnake,12762249,ok,3.5,Arbusti – Zona secca subtropicale/tropicale,suitable,unknown,unknown,,,,
749,749,Crotalus Adamanteus,Crotalo Diamantato Orientale,Eastern Diamondback Rattlesnake,12762249,ok,3.4,Arbusti – Temperati,suitable,unknown,unknown,,,,
749,749,Crotalus Adamanteus,Crotalo Diamantato Orientale,Eastern Diamondback Rattlesnake,12762249,ok,1.4,Foresta – Temperata,suitable,unknown,unknown,,,,
749,749,Crotalus Adamanteus,Crotalo Diamantato Orientale,Eastern Diamondback Rattlesnake,12762249,ok,1.5,Foresta – Subtropicale/tropicale secca,suitable,unknown,unknown,,,,
749,749,Crotalus Adamanteus,Crotalo Diamantato Orientale,Eastern Diamondback Rattlesnake,12762249,ok,2.1,Savana - Secca,suitable,unknown,unknown,,,,
749,749,Crotalus Adamanteus,Crotalo Diamantato Orientale,Eastern Diamondback Rattlesnake,12762249,ok,2.2,Savana - Umida,suitable,unknown,unknown,,,,
750,750,Leopardus Jacobitus,Gatto Delle Ande,Andean Mountain Cat,,assessment_not_found,,,unknown,unknown,unknown,,,,
751,751,Varanus Giganteus,Varano Gigante Australiano,Perentie,101752310,ok,8.1,Deserto – Caldo,suitable,unknown,resident,,,,
751,751,Varanus Giganteus,Varano Gigante Australiano,Perentie,101752310,ok,6,Zone rocciose,suitable,unknown,resident,,,,
752,752,Felis Nigripes,Gatto Dai Piedi Neri,Black-Footed Cat,177944648,ok,2.1,Savana - Secca,suitable,unknown,unknown,,,,
752,752,Felis Nigripes,Gatto Dai Piedi Neri,Black-Footed Cat,177944648,ok,4.5,Prateria – Subtropicale/tropicale arida,suitable,unknown,unknown,,,,
752,752,Felis Nigripes,Gatto Dai Piedi Neri,Black-Footed Cat,177944648,ok,8.1,Deserto – Caldo,suitable,unknown,unknown,,,,
753,753,Dendrolagus Matschiei,Canguro Arboricolo Di Matschie,Matschie'S Tree-Kangaroo,21956650,ok,1.9,Foresta – Subtropicale/tropicale umida montana,suitable,unknown,unknown,1000.0,3300.0,,
754,754,Lynx Rufus,Lince Rosso,Bobcat,50655874,ok,8.2,Deserto – Temperato,suitable,yes,unknown,0.0,3500.0,,
754,754,Lynx Rufus,Lince Rosso,Bobcat,50655874,ok,3.4,Arbusti – Temperati,suitable,yes,unknown,0.0,3500.0,,
754,754,Lynx Rufus,Lince Rosso,Bobcat,50655874,ok,8.3,Deserto – Freddo,suitable,yes,unknown,0.0,3500.0,,
754,754,Lynx Rufus,Lince Rosso,Bobcat,50655874,ok,2,Savana,suitable,yes,unknown,0.0,3500.0,,
754,754,Lynx Rufus,Lince Rosso,Bobcat,50655874,ok,1.1,Foresta boreale,suitable,yes,unknown,0.0,3500.0,,
754,754,Lynx Rufus,Lince Rosso,Bobcat,50655874,ok,4.4,Prateria – Temperata,suitable,yes,unknown,0.0,3500.0,,
754,754,Lynx Rufus,Lince Rosso,Bobcat,50655874,ok,1.5,Foresta – Subtropicale/tropicale secca,suitable,yes,unknown,0.0,3500.0,,
754,754,Lynx Rufus,Lince Rosso,Bobcat,50655874,ok,3.5,Arbusti – Zona secca subtropicale/tropicale,suitable,yes,unknown,0.0,3500.0,,
754,754,Lynx Rufus,Lince Rosso,Bobcat,50655874,ok,4.5,Prateria – Subtropicale/tropicale arida,suitable,yes,unknown,0.0,3500.0,,
754,754,Lynx Rufus,Lince Rosso,Bobcat,50655874,ok,1.4,Foresta – Temperata,suitable,yes,unknown,0.0,3500.0,,
754,754,Lynx Rufus,Lince Rosso,Bobcat,50655874,ok,3.7,Arbusti – Zone subtropicali/tropicali di alta quota,suitable,yes,unknown,0.0,3500.0,,
755,755,Sarcophilus Harrisii,Diavolo Della Tasmania,Tasmanian Devil,10331066,ok,3.4,Arbusti – Temperati,marginal,unknown,unknown,,,,
755,755,Sarcophilus Harrisii,Diavolo Della Tasmania,Tasmanian Devil,10331066,ok,14.2,Pascoli,marginal,unknown,unknown,,,,
755,755,Sarcophilus Harrisii,Diavolo Della Tasmania,Tasmanian Devil,10331066,ok,16,Vegetazione introdotta,marginal,unknown,unknown,,,,
755,755,Sarcophilus Harrisii,Diavolo Della Tasmania,Tasmanian Devil,10331066,ok,14.1,Terreno arabile,marginal,unknown,unknown,,,,
755,755,Sarcophilus Harrisii,Diavolo Della Tasmania,Tasmanian Devil,10331066,ok,1.4,Foresta – Temperata,suitable,unknown,unknown,,,,
755,755,Sarcophilus Harrisii,Diavolo Della Tasmania,Tasmanian Devil,10331066,ok,7.1,Grotte e habitat sotterranei (non acquatici) – Grotte,suitable,unknown,unknown,,,,
755,755,Sarcophilus Harrisii,Diavolo Della Tasmania,Tasmanian Devil,10331066,ok,4.4,Prateria – Temperata,marginal,unknown,unknown,,,,
756,756,Eumetopias Jubatus,Leone Marino Di Steller,Steller Sea Lion,45225749,ok,12.1,Costa rocciosa,suitable,yes,resident,,5.0,,427.0
756,756,Eumetopias Jubatus,Leone Marino Di Steller,Steller Sea Lion,45225749,ok,10.1,Epipelagico (0–200 m),suitable,yes,resident,,5.0,,427.0
756,756,Eumetopias Jubatus,Leone Marino Di Steller,Steller Sea Lion,45225749,ok,9.1,Neritico marino – Pelagico,suitable,yes,resident,,5.0,,427.0
756,756,Eumetopias Jubatus,Leone Marino Di Steller,Steller Sea Lion,45225749,ok,13.1,Scogliere marine e isole rocciose al largo della costa,suitable,yes,resident,,5.0,,427.0
756,756,Eumetopias Jubatus,Leone Marino Di Steller,Steller Sea Lion,45225749,ok,10.2,Mesopelagico (200–1.000 m),suitable,no,resident,,5.0,,427.0
757,757,Myrmecobius Fasciatus,Numbat,Numbat,21949380,ok,1.5,Foresta – Subtropicale/tropicale secca,suitable,yes,resident,,,,
757,757,Myrmecobius Fasciatus,Numbat,Numbat,21949380,ok,2.1,Savana - Secca,marginal,unknown,resident,,,,
757,757,Myrmecobius Fasciatus,Numbat,Numbat,21949380,ok,3.4,Arbusti – Temperati,marginal,unknown,resident,,,,
757,757,Myrmecobius Fasciatus,Numbat,Numbat,21949380,ok,8.2,Deserto – Temperato,marginal,unknown,unknown,,,,
758,758,Cystophora Cristata,Foca Dal Cappuccio,Hooded Seal,279892432,ok,10.3,Batipelagico (1.000–4.000 m),marginal,unknown,unknown,,0.0,,1500.0
758,758,Cystophora Cristata,Foca Dal Cappuccio,Hooded Seal,279892432,ok,12.1,Costa rocciosa,marginal,unknown,unknown,,0.0,,1500.0
758,758,Cystophora Cristata,Foca Dal Cappuccio,Hooded Seal,279892432,ok,13.1,Scogliere marine e isole rocciose al largo della costa,marginal,unknown,unknown,,0.0,,1500.0
758,758,Cystophora Cristata,Foca Dal Cappuccio,Hooded Seal,279892432,ok,9.1,Neritico marino – Pelagico,suitable,yes,resident,,0.0,,1500.0
758,758,Cystophora Cristata,Foca Dal Cappuccio,Hooded Seal,279892432,ok,10.1,Epipelagico (0–200 m),suitable,yes,resident,,0.0,,1500.0
758,758,Cystophora Cristata,Foca Dal Cappuccio,Hooded Seal,279892432,ok,10.2,Mesopelagico (200–1.000 m),suitable,yes,resident,,0.0,,1500.0
759,759,Ailuroedus Crassirostris,Gatto Uccello Verde,Green Catbird,254014407,ok,2.1,Savana - Secca,suitable,no,resident,0.0,1320.0,,
759,759,Ailuroedus Crassirostris,Gatto Uccello Verde,Green Catbird,254014407,ok,14.4,Orti rurali,suitable,no,resident,0.0,1320.0,,
759,759,Ailuroedus Crassirostris,Gatto Uccello Verde,Green Catbird,254014407,ok,1.5,Foresta – Subtropicale/tropicale secca,suitable,no,resident,0.0,1320.0,,
759,759,Ailuroedus Crassirostris,Gatto Uccello Verde,Green Catbird,254014407,ok,1.6,Foresta – Pianura umida subtropicale/tropicale,suitable,yes,resident,0.0,1320.0,,
760,760,Platanista Gangetica,Delfino Del Gange,Ganges River Dolphin,50383346,ok,9.10,Estuari,suitable,no,unknown,,,,
760,760,Platanista Gangetica,Delfino Del Gange,Ganges River Dolphin,50383346,ok,15.1,Aree di stoccaggio dell'acqua oltre 8 ettari,marginal,unknown,resident,,,,
760,760,Platanista Gangetica,Delfino Del Gange,Ganges River Dolphin,50383346,ok,5.1,Zone umide (interne) – Fiumi/torrenti/cascate permanenti,suitable,yes,resident,,,,
760,760,Platanista Gangetica,Delfino Del Gange,Ganges River Dolphin,50383346,ok,5.6,Zone umide (interne) – Laghi d'acqua dolce stagionali/intermittenti (oltre 8 ha),marginal,unknown,unknown,,,,
761,761,Diphyllodes Respublica,Uccello Del Paradiso Di Wilson,Wilson'S Bird-Of-Paradise,,assessment_not_found,,,unknown,unknown,unknown,,,,
762,762,Orcaella Brevirostris,Delfino Del Fiume Irrawaddy,Irrawaddy Dolphin,123790805,ok,13.4,Lagune costiere salmastre/saline/laghi marini,suitable,yes,resident,,,0.0,50.0
762,762,Orcaella Brevirostris,Delfino Del Fiume Irrawaddy,Irrawaddy Dolphin,123790805,ok,9.10,Estuari,suitable,yes,resident,,,0.0,50.0
762,762,Orcaella Brevirostris,Delfino Del Fiume Irrawaddy,Irrawaddy Dolphin,123790805,ok,5.1,Zone umide (interne) – Fiumi/torrenti/cascate permanenti,suitable,yes,resident,,,0.0,50.0
762,762,Orcaella Brevirostris,Delfino Del Fiume Irrawaddy,Irrawaddy Dolphin,123790805,ok,9.1,Neritico marino – Pelagico,marginal,unknown,unknown,,,0.0,50.0
763,763,Chrysolophus Pictus,Fagiano Dorato,Golden Pheasant,131874282,ok,1.4,Foresta – Temperata,suitable,no,resident,,,,
763,763,Chrysolophus Pictus,Fagiano Dorato,Golden Pheasant,131874282,ok,3.4,Arbusti – Temperati,suitable,no,resident,,,,
764,764,Equus Grevyi,Zebra Di Grévy,Grévy'S Zebra,89624491,ok,4.5,Prateria – Subtropicale/tropicale arida,suitable,yes,resident,300.0,2300.0,,
764,764,Equus Grevyi,Zebra Di Grévy,Grévy'S Zebra,89624491,ok,3.5,Arbusti – Zona secca subtropicale/tropicale,marginal,unknown,resident,300.0,2300.0,,
765,765,Manis Temminckii,Pangolino Di Temminck,Ground Pangolin,,assessment_not_found,,,unknown,unknown,unknown,,,,
766,766,Rhinoceros Sondaicus,Rinoceronte Di Giava,Javan Rhinoceros,18493900,ok,1.9,Foresta – Subtropicale/tropicale umida montana,marginal,unknown,resident,0.0,600.0,,
766,766,Rhinoceros Sondaicus,Rinoceronte Di Giava,Javan Rhinoceros,18493900,ok,1.6,Foresta – Pianura umida subtropicale/tropicale,suitable,yes,resident,0.0,600.0,,
767,767,Bucorvus Leadbeateri,Calao Terrestre Meridionale,Southern Ground Hornbill,266675349,ok,14.4,Orti rurali,marginal,unknown,resident,0.0,3000.0,,
767,767,Bucorvus Leadbeateri,Calao Terrestre Meridionale,Southern Ground Hornbill,266675349,ok,14.1,Terreno arabile,marginal,unknown,resident,0.0,3000.0,,
767,767,Bucorvus Leadbeateri,Calao Terrestre Meridionale,Southern Ground Hornbill,266675349,ok,14.3,Piantagioni,marginal,unknown,resident,0.0,3000.0,,
767,767,Bucorvus Leadbeateri,Calao Terrestre Meridionale,Southern Ground Hornbill,266675349,ok,14.2,Pascoli,suitable,yes,resident,0.0,3000.0,,
767,767,Bucorvus Leadbeateri,Calao Terrestre Meridionale,Southern Ground Hornbill,266675349,ok,2.1,Savana - Secca,suitable,yes,resident,0.0,3000.0,,
767,767,Bucorvus Leadbeateri,Calao Terrestre Meridionale,Southern Ground Hornbill,266675349,ok,3.5,Arbusti – Zona secca subtropicale/tropicale,suitable,yes,resident,0.0,3000.0,,
767,767,Bucorvus Leadbeateri,Calao Terrestre Meridionale,Southern Ground Hornbill,266675349,ok,3.7,Arbusti – Zone subtropicali/tropicali di alta quota,suitable,no,resident,0.0,3000.0,,
767,767,Bucorvus Leadbeateri,Calao Terrestre Meridionale,Southern Ground Hornbill,266675349,ok,4.4,Prateria – Temperata,suitable,no,resident,0.0,3000.0,,
767,767,Bucorvus Leadbeateri,Calao Terrestre Meridionale,Southern Ground Hornbill,266675349,ok,4.5,Prateria – Subtropicale/tropicale arida,suitable,yes,resident,0.0,3000.0,,
767,767,Bucorvus Leadbeateri,Calao Terrestre Meridionale,Southern Ground Hornbill,266675349,ok,4.7,Prateria – Alta quota subtropicale/tropicale,suitable,no,resident,0.0,3000.0,,
767,767,Bucorvus Leadbeateri,Calao Terrestre Meridionale,Southern Ground Hornbill,266675349,ok,1.5,Foresta – Subtropicale/tropicale secca,suitable,yes,resident,0.0,3000.0,,
768,768,Ceratotherium Simum,Rinoceronte Bianco,White Rhinoceros,45813880,ok,4.5,Prateria – Subtropicale/tropicale arida,suitable,yes,unknown,,,,
768,768,Ceratotherium Simum,Rinoceronte Bianco,White Rhinoceros,45813880,ok,2.1,Savana - Secca,suitable,yes,unknown,,,,
768,768,Ceratotherium Simum,Rinoceronte Bianco,White Rhinoceros,45813880,ok,3.5,Arbusti – Zona secca subtropicale/tropicale,suitable,yes,unknown,,,,
769,769,Ephippiorhynchus Senegalensis,Cicogna Sellata Africana,Saddle-Billed Stork,224821959,ok,15.7,"Terreni irrigati, compresi i canali di irrigazione",suitable,no,resident,0.0,3000.0,,
769,769,Ephippiorhynchus Senegalensis,Cicogna Sellata Africana,Saddle-Billed Stork,224821959,ok,15.8,Terreni agricoli soggetti a inondazioni stagionali,suitable,no,resident,0.0,3000.0,,
769,769,Ephippiorhynchus Senegalensis,Cicogna Sellata Africana,Saddle-Billed Stork,224821959,ok,4.6,Prateria – Subtropicale/tropicale stagionalmente umida/allagata,suitable,no,resident,0.0,3000.0,,
769,769,Ephippiorhynchus Senegalensis,Cicogna Sellata Africana,Saddle-Billed Stork,224821959,ok,5.1,Zone umide (interne) – Fiumi/torrenti/cascate permanenti,suitable,no,resident,0.0,3000.0,,
769,769,Ephippiorhynchus Senegalensis,Cicogna Sellata Africana,Saddle-Billed Stork,224821959,ok,5.4,"Zone umide (interne) – Paludi, acquitrini, torbiere",suitable,no,resident,0.0,3000.0,,
769,769,Ephippiorhynchus Senegalensis,Cicogna Sellata Africana,Saddle-Billed Stork,224821959,ok,5.7,Zone umide (interne) – Paludi/stagni d'acqua dolce permanenti (inferiori a 8 ettari),suitable,no,resident,0.0,3000.0,,
769,769,Ephippiorhynchus Senegalensis,Cicogna Sellata Africana,Saddle-Billed Stork,224821959,ok,5.16,"Zone umide (interne) – Paludi/stagni permanenti salini, salmastri o alcalini",suitable,no,resident,0.0,3000.0,,
770,770,Hexaprotodon Liberiensis,Ippopotamo Pigmeo,Pygmy Hippopotamus,,assessment_not_found,,,unknown,unknown,unknown,,,,
771,771,Pavo Muticus,Pavone Verde,Green Peafowl,131749282,ok,1.6,Foresta – Pianura umida subtropicale/tropicale,suitable,no,resident,0.0,2100.0,,
771,771,Pavo Muticus,Pavone Verde,Green Peafowl,131749282,ok,1.5,Foresta – Subtropicale/tropicale secca,suitable,no,resident,0.0,2100.0,,
771,771,Pavo Muticus,Pavone Verde,Green Peafowl,131749282,ok,4.7,Prateria – Alta quota subtropicale/tropicale,suitable,no,resident,0.0,2100.0,,
771,771,Pavo Muticus,Pavone Verde,Green Peafowl,131749282,ok,3.6,Arbusti – Subtropicale/tropicale umido,suitable,no,resident,0.0,2100.0,,
771,771,Pavo Muticus,Pavone Verde,Green Peafowl,131749282,ok,2.1,Savana - Secca,suitable,no,resident,0.0,2100.0,,
771,771,Pavo Muticus,Pavone Verde,Green Peafowl,131749282,ok,14.2,Pascoli,suitable,no,resident,0.0,2100.0,,
771,771,Pavo Muticus,Pavone Verde,Green Peafowl,131749282,ok,14.1,Terreno arabile,suitable,no,resident,0.0,2100.0,,
771,771,Pavo Muticus,Pavone Verde,Green Peafowl,131749282,ok,1.9,Foresta – Subtropicale/tropicale umida montana,suitable,no,resident,0.0,2100.0,,
772,772,Vicugna Pacos,Alpaca,Alpaca,,assessment_not_found,,,unknown,unknown,unknown,,,,
773,773,Argusianus Argus,Fagiano Di Argus,Great Argus,183255774,ok,1.9,Foresta – Subtropicale/tropicale umida montana,suitable,no,resident,,1500.0,,
773,773,Argusianus Argus,Fagiano Di Argus,Great Argus,183255774,ok,1.6,Foresta – Pianura umida subtropicale/tropicale,suitable,yes,resident,,1500.0,,
774,774,Lama Glama,Lama,Lama,,assessment_not_found,,,unknown,unknown,unknown,,,,
775,775,Tragopan Temminckii,Tragopano Di Temminck,Temminck'S Tragopan,264164899,ok,3.4,Arbusti – Temperati,suitable,no,resident,2000.0,3600.0,,
775,775,Tragopan Temminckii,Tragopano Di Temminck,Temminck'S Tragopan,264164899,ok,1.4,Foresta – Temperata,suitable,no,resident,2000.0,3600.0,,
776,776,Tragulus Kanchil,Cervo Topo Minore,Lesser Mouse-Deer,61978576,ok,4.6,Prateria – Subtropicale/tropicale stagionalmente umida/allagata,marginal,unknown,unknown,0.0,600.0,,
776,776,Tragulus Kanchil,Cervo Topo Minore,Lesser Mouse-Deer,61978576,ok,14.6,Foresta subtropicale/tropicale fortemente degradata,suitable,yes,unknown,0.0,600.0,,
776,776,Tragulus Kanchil,Cervo Topo Minore,Lesser Mouse-Deer,61978576,ok,1.9,Foresta – Subtropicale/tropicale umida montana,suitable,no,unknown,0.0,600.0,,
776,776,Tragulus Kanchil,Cervo Topo Minore,Lesser Mouse-Deer,61978576,ok,1.6,Foresta – Pianura umida subtropicale/tropicale,suitable,yes,unknown,0.0,600.0,,
776,776,Tragulus Kanchil,Cervo Topo Minore,Lesser Mouse-Deer,61978576,ok,1.8,Foresta – Palude subtropicale/tropicale,suitable,yes,unknown,0.0,600.0,,
776,776,Tragulus Kanchil,Cervo Topo Minore,Lesser Mouse-Deer,61978576,ok,1.7,Foresta – Vegetazione di mangrovie subtropicale/tropicale al di sopra del livello dell'alta marea,suitable,no,unknown,0.0,600.0,,
776,776,Tragulus Kanchil,Cervo Topo Minore,Lesser Mouse-Deer,61978576,ok,14.3,Piantagioni,suitable,yes,unknown,0.0,600.0,,
776,776,Tragulus Kanchil,Cervo Topo Minore,Lesser Mouse-Deer,61978576,ok,2.2,Savana - Umida,suitable,yes,unknown,0.0,600.0,,
776,776,Tragulus Kanchil,Cervo Topo Minore,Lesser Mouse-Deer,61978576,ok,3.6,Arbusti – Subtropicale/tropicale umido,marginal,unknown,unknown,0.0,600.0,,
777,777,Nasua Nasua,Coati Sudamericano,South American Coati,45216227,ok,1.5,Foresta – Subtropicale/tropicale secca,suitable,yes,unknown,0.0,2500.0,,
777,777,Nasua Nasua,Coati Sudamericano,South American Coati,45216227,ok,3.5,Arbusti – Zona secca subtropicale/tropicale,suitable,yes,unknown,0.0,2500.0,,
777,777,Nasua Nasua,Coati Sudamericano,South American Coati,45216227,ok,1.6,Foresta – Pianura umida subtropicale/tropicale,suitable,yes,unknown,0.0,2500.0,,
778,778,Taurotragus Oryx,Eland Comune,Common Eland,,assessment_not_found,,,unknown,unknown,unknown,,,,
779,779,Hydrochoerus Isthmius,Capibara Di Panama,Lesser Capybara,22189896,ok,1.6,Foresta – Pianura umida subtropicale/tropicale,suitable,unknown,unknown,,,,
779,779,Hydrochoerus Isthmius,Capibara Di Panama,Lesser Capybara,22189896,ok,5.4,"Zone umide (interne) – Paludi, acquitrini, torbiere",suitable,unknown,unknown,,,,
780,780,Ovibos Moschatus,Bue Muschiato,Musk Ox,22149286,ok,4.1,Prateria – Tundra,suitable,yes,unknown,,,,
781,781,Cebus Capucinus,Cappuccino Dalla Faccia Bianca,White-Faced Capuchin,191708164,ok,2.2,Savana - Umida,suitable,unknown,unknown,,1800.0,,
781,781,Cebus Capucinus,Cappuccino Dalla Faccia Bianca,White-Faced Capuchin,191708164,ok,1.6,Foresta – Pianura umida subtropicale/tropicale,suitable,yes,unknown,,1800.0,,
781,781,Cebus Capucinus,Cappuccino Dalla Faccia Bianca,White-Faced Capuchin,191708164,ok,1.5,Foresta – Subtropicale/tropicale secca,suitable,yes,unknown,,1800.0,,
781,781,Cebus Capucinus,Cappuccino Dalla Faccia Bianca,White-Faced Capuchin,191708164,ok,1.8,Foresta – Palude subtropicale/tropicale,suitable,yes,unknown,,1800.0,,
781,781,Cebus Capucinus,Cappuccino Dalla Faccia Bianca,White-Faced Capuchin,191708164,ok,1.9,Foresta – Subtropicale/tropicale umida montana,suitable,yes,unknown,,1800.0,,
782,782,Oreamnos Americanus,Capra Delle Nevi,Mountain Goat,254517035,ok,3.4,Arbusti – Temperati,suitable,yes,unknown,0.0,4000.0,,
782,782,Oreamnos Americanus,Capra Delle Nevi,Mountain Goat,254517035,ok,4.4,Prateria – Temperata,suitable,yes,unknown,0.0,4000.0,,
782,782,Oreamnos Americanus,Capra Delle Nevi,Mountain Goat,254517035,ok,1.4,Foresta – Temperata,suitable,no,unknown,0.0,4000.0,,
782,782,Oreamnos Americanus,Capra Delle Nevi,Mountain Goat,254517035,ok,6,Zone rocciose,suitable,yes,unknown,0.0,4000.0,,
783,783,Saimiri Oerstedii,Saimiri Di Oersted,Black-Crowned Central American Squirrel Monkey,17940807,ok,1.6,Foresta – Pianura umida subtropicale/tropicale,suitable,yes,unknown,0.0,1145.0,,
783,783,Saimiri Oerstedii,Saimiri Di Oersted,Black-Crowned Central American Squirrel Monkey,17940807,ok,1.8,Foresta – Palude subtropicale/tropicale,suitable,unknown,unknown,0.0,1145.0,,
784,784,Rupicapra Rupicapra,Stambecco Alpino,Chamois,195863093,ok,14.2,Pascoli,marginal,unknown,unknown,200.0,3500.0,,
784,784,Rupicapra Rupicapra,Stambecco Alpino,Chamois,195863093,ok,4.4,Prateria – Temperata,suitable,unknown,unknown,200.0,3500.0,,
784,784,Rupicapra Rupicapra,Stambecco Alpino,Chamois,195863093,ok,1.4,Foresta – Temperata,suitable,unknown,unknown,200.0,3500.0,,
784,784,Rupicapra Rupicapra,Stambecco Alpino,Chamois,195863093,ok,6,Zone rocciose,suitable,unknown,unknown,200.0,3500.0,,
784,784,Rupicapra Rupicapra,Stambecco Alpino,Chamois,195863093,ok,3.4,Arbusti – Temperati,suitable,yes,unknown,200.0,3500.0,,
785,785,Ateles Geoffroyi,Ragno Di Geoffroy,Geoffroy'S Spider Monkey,191688782,ok,1.9,Foresta – Subtropicale/tropicale umida montana,unknown,unknown,unknown,0.0,2500.0,,
785,785,Ateles Geoffroyi,Ragno Di Geoffroy,Geoffroy'S Spider Monkey,191688782,ok,1.8,Foresta – Palude subtropicale/tropicale,unknown,unknown,unknown,0.0,2500.0,,
785,785,Ateles Geoffroyi,Ragno Di Geoffroy,Geoffroy'S Spider Monkey,191688782,ok,1.5,Foresta – Subtropicale/tropicale secca,suitable,yes,unknown,0.0,2500.0,,
785,785,Ateles Geoffroyi,Ragno Di Geoffroy,Geoffroy'S Spider Monkey,191688782,ok,1.6,Foresta – Pianura umida subtropicale/tropicale,suitable,yes,unknown,0.0,2500.0,,
786,786,Capra Ibex,Stambecco Delle Alpi,Alpine Ibex,219261343,ok,4.4,Prateria – Temperata,suitable,yes,unknown,700.0,3300.0,,
786,786,Capra Ibex,Stambecco Delle Alpi,Alpine Ibex,219261343,ok,6,Zone rocciose,suitable,yes,unknown,700.0,3300.0,,
787,787,Priodontes Maximus,Gigante Tra Gli Armadilli,Giant Armadillo,244101181,ok,1.4,Foresta – Temperata,suitable,unknown,unknown,0.0,500.0,,
787,787,Priodontes Maximus,Gigante Tra Gli Armadilli,Giant Armadillo,244101181,ok,2.2,Savana - Umida,suitable,unknown,unknown,0.0,500.0,,
787,787,Priodontes Maximus,Gigante Tra Gli Armadilli,Giant Armadillo,244101181,ok,2.1,Savana - Secca,suitable,unknown,unknown,0.0,500.0,,
787,787,Priodontes Maximus,Gigante Tra Gli Armadilli,Giant Armadillo,244101181,ok,1.5,Foresta – Subtropicale/tropicale secca,suitable,unknown,unknown,0.0,500.0,,
787,787,Priodontes Maximus,Gigante Tra Gli Armadilli,Giant Armadillo,244101181,ok,4.6,Prateria – Subtropicale/tropicale stagionalmente umida/allagata,suitable,yes,unknown,0.0,500.0,,
787,787,Priodontes Maximus,Gigante Tra Gli Armadilli,Giant Armadillo,244101181,ok,1.6,Foresta – Pianura umida subtropicale/tropicale,suitable,unknown,unknown,0.0,500.0,,
788,788,Dasypus Novemcinctus,Armadillo A Nove Fasce,Nine-Banded Armadillo,47440785,ok,1.9,Foresta – Subtropicale/tropicale umida montana,suitable,yes,resident,0.0,2000.0,,
788,788,Dasypus Novemcinctus,Armadillo A Nove Fasce,Nine-Banded Armadillo,47440785,ok,4.6,Prateria – Subtropicale/tropicale stagionalmente umida/allagata,suitable,yes,resident,0.0,2000.0,,
788,788,Dasypus Novemcinctus,Armadillo A Nove Fasce,Nine-Banded Armadillo,47440785,ok,1.6,Foresta – Pianura umida subtropicale/tropicale,suitable,yes,resident,0.0,2000.0,,
788,788,Dasypus Novemcinctus,Armadillo A Nove Fasce,Nine-Banded Armadillo,47440785,ok,4.5,Prateria – Subtropicale/tropicale arida,marginal,unknown,resident,0.0,2000.0,,
788,788,Dasypus Novemcinctus,Armadillo A Nove Fasce,Nine-Banded Armadillo,47440785,ok,1.4,Foresta – Temperata,suitable,yes,resident,0.0,2000.0,,
788,788,Dasypus Novemcinctus,Armadillo A Nove Fasce,Nine-Banded Armadillo,47440785,ok,3.4,Arbusti – Temperati,suitable,yes,resident,0.0,2000.0,,
788,788,Dasypus Novemcinctus,Armadillo A Nove Fasce,Nine-Banded Armadillo,47440785,ok,2.2,Savana - Umida,suitable,yes,resident,0.0,2000.0,,
788,788,Dasypus Novemcinctus,Armadillo A Nove Fasce,Nine-Banded Armadillo,47440785,ok,14.5,Aree urbane,suitable,no,resident,0.0,2000.0,,
788,788,Dasypus Novemcinctus,Armadillo A Nove Fasce,Nine-Banded Armadillo,47440785,ok,1.5,Foresta – Subtropicale/tropicale secca,suitable,yes,resident,0.0,2000.0,,
788,788,Dasypus Novemcinctus,Armadillo A Nove Fasce,Nine-Banded Armadillo,47440785,ok,2.1,Savana - Secca,marginal,unknown,resident,0.0,2000.0,,
788,788,Dasypus Novemcinctus,Armadillo A Nove Fasce,Nine-Banded Armadillo,47440785,ok,4.4,Prateria – Temperata,suitable,yes,resident,0.0,2000.0,,
788,788,Dasypus Novemcinctus,Armadillo A Nove Fasce,Nine-Banded Armadillo,47440785,ok,14.3,Piantagioni,suitable,no,resident,0.0,2000.0,,
788,788,Dasypus Novemcinctus,Armadillo A Nove Fasce,Nine-Banded Armadillo,47440785,ok,14.2,Pascoli,suitable,no,resident,0.0,2000.0,,
788,788,Dasypus Novemcinctus,Armadillo A Nove Fasce,Nine-Banded Armadillo,47440785,ok,14.4,Orti rurali,suitable,no,resident,0.0,2000.0,,
788,788,Dasypus Novemcinctus,Armadillo A Nove Fasce,Nine-Banded Armadillo,47440785,ok,3.8,Arbusti – Vegetazione arbustiva di tipo mediterraneo,suitable,yes,resident,0.0,2000.0,,
788,788,Dasypus Novemcinctus,Armadillo A Nove Fasce,Nine-Banded Armadillo,47440785,ok,3.5,Arbusti – Zona secca subtropicale/tropicale,suitable,yes,resident,0.0,2000.0,,
788,788,Dasypus Novemcinctus,Armadillo A Nove Fasce,Nine-Banded Armadillo,47440785,ok,3.6,Arbusti – Subtropicale/tropicale umido,suitable,yes,resident,0.0,2000.0,,
788,788,Dasypus Novemcinctus,Armadillo A Nove Fasce,Nine-Banded Armadillo,47440785,ok,14.1,Terreno arabile,suitable,no,resident,0.0,2000.0,,
789,789,Harpyhaliaetus Coronatus,Aquila Coronata Del Chaco,Chaco Eagle,,assessment_not_found,,,unknown,unknown,unknown,,,,
790,790,Tolypeutes Matacus,Mataco,Southern Three-Banded Armadillo,278082690,ok,2.2,Savana - Umida,marginal,unknown,resident,0.0,800.0,,
790,790,Tolypeutes Matacus,Mataco,Southern Three-Banded Armadillo,278082690,ok,2.1,Savana - Secca,suitable,yes,resident,0.0,800.0,,
790,790,Tolypeutes Matacus,Mataco,Southern Three-Banded Armadillo,278082690,ok,3.4,Arbusti – Temperati,suitable,yes,resident,0.0,800.0,,
790,790,Tolypeutes Matacus,Mataco,Southern Three-Banded Armadillo,278082690,ok,1.5,Foresta – Subtropicale/tropicale secca,suitable,yes,resident,0.0,800.0,,
791,791,Eunectes Notaeus,Boa Giallo Del Sud America,Yellow Anaconda,44580062,ok,5.4,"Zone umide (interne) – Paludi, acquitrini, torbiere",suitable,yes,unknown,10.0,500.0,,
791,791,Eunectes Notaeus,Boa Giallo Del Sud America,Yellow Anaconda,44580062,ok,5.1,Zone umide (interne) – Fiumi/torrenti/cascate permanenti,suitable,yes,unknown,10.0,500.0,,
791,791,Eunectes Notaeus,Boa Giallo Del Sud America,Yellow Anaconda,44580062,ok,2.2,Savana - Umida,suitable,yes,unknown,10.0,500.0,,
791,791,Eunectes Notaeus,Boa Giallo Del Sud America,Yellow Anaconda,44580062,ok,4.4,Prateria – Temperata,suitable,no,unknown,10.0,500.0,,
792,792,Choloepus Hoffmanni,Bradipo Di Hoffmann,Hoffmann'S Two-Toed Sloth,210443596,ok,1.6,Foresta – Pianura umida subtropicale/tropicale,suitable,yes,resident,0.0,3300.0,,
792,792,Choloepus Hoffmanni,Bradipo Di Hoffmann,Hoffmann'S Two-Toed Sloth,210443596,ok,3.6,Arbusti – Subtropicale/tropicale umido,marginal,unknown,resident,0.0,3300.0,,
792,792,Choloepus Hoffmanni,Bradipo Di Hoffmann,Hoffmann'S Two-Toed Sloth,210443596,ok,4.5,Prateria – Subtropicale/tropicale arida,marginal,unknown,resident,0.0,3300.0,,
792,792,Choloepus Hoffmanni,Bradipo Di Hoffmann,Hoffmann'S Two-Toed Sloth,210443596,ok,1.9,Foresta – Subtropicale/tropicale umida montana,suitable,yes,resident,0.0,3300.0,,
793,793,Podocnemis Expansa,Tartaruga Dell'Amazzonia,Arrau Turtle,97397263,ok,,,unknown,unknown,unknown,,,,
794,794,Buteo Jamaicensis,Poiana Dalla Coda Rossa,Red-Tailed Hawk,264594226,ok,3.4,Arbusti – Temperati,suitable,no,breeding,,3200.0,,
794,794,Buteo Jamaicensis,Poiana Dalla Coda Rossa,Red-Tailed Hawk,264594226,ok,1.4,Foresta – Temperata,suitable,no,breeding,,3200.0,,
794,794,Buteo Jamaicensis,Poiana Dalla Coda Rossa,Red-Tailed Hawk,264594226,ok,14.2,Pascoli,suitable,no,breeding,,3200.0,,
794,794,Buteo Jamaicensis,Poiana Dalla Coda Rossa,Red-Tailed Hawk,264594226,ok,1.9,Foresta – Subtropicale/tropicale umida montana,suitable,no,breeding,,3200.0,,
794,794,Buteo Jamaicensis,Poiana Dalla Coda Rossa,Red-Tailed Hawk,264594226,ok,14.6,Foresta subtropicale/tropicale fortemente degradata,suitable,no,breeding,,3200.0,,
794,794,Buteo Jamaicensis,Poiana Dalla Coda Rossa,Red-Tailed Hawk,264594226,ok,8.2,Deserto – Temperato,suitable,no,breeding,,3200.0,,
794,794,Buteo Jamaicensis,Poiana Dalla Coda Rossa,Red-Tailed Hawk,264594226,ok,14.1,Terreno arabile,suitable,no,breeding,,3200.0,,
794,794,Buteo Jamaicensis,Poiana Dalla Coda Rossa,Red-Tailed Hawk,264594226,ok,1.5,Foresta – Subtropicale/tropicale secca,suitable,no,breeding,,3200.0,,
794,794,Buteo Jamaicensis,Poiana Dalla Coda Rossa,Red-Tailed Hawk,264594226,ok,3.7,Arbusti – Zone subtropicali/tropicali di alta quota,suitable,no,breeding,,3200.0,,
794,794,Buteo Jamaicensis,Poiana Dalla Coda Rossa,Red-Tailed Hawk,264594226,ok,4.4,Prateria – Temperata,suitable,no,breeding,,3200.0,,
794,794,Buteo Jamaicensis,Poiana Dalla Coda Rossa,Red-Tailed Hawk,264594226,ok,3.5,Arbusti – Zona secca subtropicale/tropicale,suitable,no,breeding,,3200.0,,
795,795,Falco Sparverius,Gheppio Americano,American Kestrel,140950605,ok,1.6,Foresta – Pianura umida subtropicale/tropicale,suitable,no,breeding,0.0,4300.0,,
795,795,Falco Sparverius,Gheppio Americano,American Kestrel,140950605,ok,1.5,Foresta – Subtropicale/tropicale secca,suitable,no,breeding,0.0,4300.0,,
795,795,Falco Sparverius,Gheppio Americano,American Kestrel,140950605,ok,8.1,Deserto – Caldo,suitable,no,breeding,0.0,4300.0,,
795,795,Falco Sparverius,Gheppio Americano,American Kestrel,140950605,ok,5.4,"Zone umide (interne) – Paludi, acquitrini, torbiere",suitable,no,breeding,0.0,4300.0,,
795,795,Falco Sparverius,Gheppio Americano,American Kestrel,140950605,ok,4.7,Prateria – Alta quota subtropicale/tropicale,suitable,no,breeding,0.0,4300.0,,
795,795,Falco Sparverius,Gheppio Americano,American Kestrel,140950605,ok,14.2,Pascoli,suitable,no,breeding,0.0,4300.0,,
795,795,Falco Sparverius,Gheppio Americano,American Kestrel,140950605,ok,14.5,Aree urbane,suitable,no,breeding,0.0,4300.0,,
795,795,Falco Sparverius,Gheppio Americano,American Kestrel,140950605,ok,2.1,Savana - Secca,suitable,no,breeding,0.0,4300.0,,
795,795,Falco Sparverius,Gheppio Americano,American Kestrel,140950605,ok,3.4,Arbusti – Temperati,suitable,no,breeding,0.0,4300.0,,
795,795,Falco Sparverius,Gheppio Americano,American Kestrel,140950605,ok,3.5,Arbusti – Zona secca subtropicale/tropicale,suitable,no,breeding,0.0,4300.0,,
795,795,Falco Sparverius,Gheppio Americano,American Kestrel,140950605,ok,4.4,Prateria – Temperata,suitable,no,breeding,0.0,4300.0,,
796,796,Haliaeetus Vocifer,Aquila Pescatrice Africana,African Fish Eagle,174556979,ok,5.1,Zone umide (interne) – Fiumi/torrenti/cascate permanenti,suitable,no,resident,0.0,4000.0,,
796,796,Haliaeetus Vocifer,Aquila Pescatrice Africana,African Fish Eagle,174556979,ok,13.4,Lagune costiere salmastre/saline/laghi marini,suitable,no,breeding,0.0,4000.0,,
796,796,Haliaeetus Vocifer,Aquila Pescatrice Africana,African Fish Eagle,174556979,ok,13.5,Laghi costieri di acqua dolce,suitable,no,resident,0.0,4000.0,,
796,796,Haliaeetus Vocifer,Aquila Pescatrice Africana,African Fish Eagle,174556979,ok,5.4,"Zone umide (interne) – Paludi, acquitrini, torbiere",suitable,no,resident,0.0,4000.0,,
796,796,Haliaeetus Vocifer,Aquila Pescatrice Africana,African Fish Eagle,174556979,ok,5.5,Zone umide (interne) – Laghi permanenti di acqua dolce (oltre 8 ettari),suitable,no,resident,0.0,4000.0,,
796,796,Haliaeetus Vocifer,Aquila Pescatrice Africana,African Fish Eagle,174556979,ok,5.6,Zone umide (interne) – Laghi d'acqua dolce stagionali/intermittenti (oltre 8 ha),suitable,no,resident,0.0,4000.0,,
796,796,Haliaeetus Vocifer,Aquila Pescatrice Africana,African Fish Eagle,174556979,ok,9.7,Neritico marino – Macroalghe/alghe,suitable,no,resident,0.0,4000.0,,
796,796,Haliaeetus Vocifer,Aquila Pescatrice Africana,African Fish Eagle,174556979,ok,5.7,Zone umide (interne) – Paludi/stagni d'acqua dolce permanenti (inferiori a 8 ettari),suitable,no,resident,0.0,4000.0,,
796,796,Haliaeetus Vocifer,Aquila Pescatrice Africana,African Fish Eagle,174556979,ok,5.14,"Zone umide (interne) – Laghi permanenti salini, salmastri o alcalini",suitable,no,resident,0.0,4000.0,,
796,796,Haliaeetus Vocifer,Aquila Pescatrice Africana,African Fish Eagle,174556979,ok,9.2,Neritica marina – Rocce e scogliere rocciose subtidali,suitable,no,resident,0.0,4000.0,,
796,796,Haliaeetus Vocifer,Aquila Pescatrice Africana,African Fish Eagle,174556979,ok,9.3,Neritico marino – Roccia/ciottoli/ghiaia sciolti subtidali,suitable,no,resident,0.0,4000.0,,
796,796,Haliaeetus Vocifer,Aquila Pescatrice Africana,African Fish Eagle,174556979,ok,9.5,Neritico marino – Fango sabbioso subtidale,suitable,no,resident,0.0,4000.0,,
796,796,Haliaeetus Vocifer,Aquila Pescatrice Africana,African Fish Eagle,174556979,ok,9.9,Erba marina sommersa,suitable,no,resident,0.0,4000.0,,
796,796,Haliaeetus Vocifer,Aquila Pescatrice Africana,African Fish Eagle,174556979,ok,9.4,Neritico marino – Sabbioso subtidale,suitable,no,resident,0.0,4000.0,,
796,796,Haliaeetus Vocifer,Aquila Pescatrice Africana,African Fish Eagle,174556979,ok,1.7,Foresta – Vegetazione di mangrovie subtropicale/tropicale al di sopra del livello dell'alta marea,suitable,no,resident,0.0,4000.0,,
797,797,Gymnogyps Californianus,Condor Della California,California Condor,181151405,ok,2.1,Savana - Secca,suitable,no,resident,450.0,2000.0,,
797,797,Gymnogyps Californianus,Condor Della California,California Condor,181151405,ok,3.4,Arbusti – Temperati,suitable,no,resident,450.0,2000.0,,
797,797,Gymnogyps Californianus,Condor Della California,California Condor,181151405,ok,1.4,Foresta – Temperata,suitable,yes,resident,450.0,2000.0,,
798,798,Corvus Corax,Corvo Imperiale,Common Raven,281841771,ok,1.9,Foresta – Subtropicale/tropicale umida montana,suitable,yes,breeding,0.0,5000.0,,
798,798,Corvus Corax,Corvo Imperiale,Common Raven,281841771,ok,3.7,Arbusti – Zone subtropicali/tropicali di alta quota,suitable,no,breeding,0.0,5000.0,,
798,798,Corvus Corax,Corvo Imperiale,Common Raven,281841771,ok,1.4,Foresta – Temperata,suitable,no,breeding,0.0,5000.0,,
798,798,Corvus Corax,Corvo Imperiale,Common Raven,281841771,ok,1.5,Foresta – Subtropicale/tropicale secca,suitable,no,breeding,0.0,5000.0,,
798,798,Corvus Corax,Corvo Imperiale,Common Raven,281841771,ok,3.5,Arbusti – Zona secca subtropicale/tropicale,suitable,no,breeding,0.0,5000.0,,
798,798,Corvus Corax,Corvo Imperiale,Common Raven,281841771,ok,6,Zone rocciose,suitable,yes,breeding,0.0,5000.0,,
798,798,Corvus Corax,Corvo Imperiale,Common Raven,281841771,ok,14.6,Foresta subtropicale/tropicale fortemente degradata,suitable,no,breeding,0.0,5000.0,,
798,798,Corvus Corax,Corvo Imperiale,Common Raven,281841771,ok,4.4,Prateria – Temperata,suitable,no,breeding,0.0,5000.0,,
799,799,Inia Geoffrensis,Delfino Dell’Araguaia,Amazon River Dolphin,50358152,ok,5.5,Zone umide (interne) – Laghi permanenti di acqua dolce (oltre 8 ettari),suitable,yes,resident,,,,
799,799,Inia Geoffrensis,Delfino Dell’Araguaia,Amazon River Dolphin,50358152,ok,5.1,Zone umide (interne) – Fiumi/torrenti/cascate permanenti,suitable,yes,resident,,,,
799,799,Inia Geoffrensis,Delfino Dell’Araguaia,Amazon River Dolphin,50358152,ok,5.2,Zone umide (interne) – Fiumi/torrenti/canali stagionali/intermittenti/irregolari,suitable,yes,resident,,,,
799,799,Inia Geoffrensis,Delfino Dell’Araguaia,Amazon River Dolphin,50358152,ok,5.6,Zone umide (interne) – Laghi d'acqua dolce stagionali/intermittenti (oltre 8 ha),suitable,yes,resident,,,,
800,800,Pelecanus Occidentalis,Pellicano Bruno,Brown Pelican,132663224,ok,9.5,Neritico marino – Fango sabbioso subtidale,suitable,yes,breeding,,,,
800,800,Pelecanus Occidentalis,Pellicano Bruno,Brown Pelican,132663224,ok,10.2,Mesopelagico (200–1.000 m),suitable,no,breeding,,,,
800,800,Pelecanus Occidentalis,Pellicano Bruno,Brown Pelican,132663224,ok,12.1,Costa rocciosa,suitable,yes,breeding,,,,
800,800,Pelecanus Occidentalis,Pellicano Bruno,Brown Pelican,132663224,ok,9.10,Estuari,suitable,yes,breeding,,,,
800,800,Pelecanus Occidentalis,Pellicano Bruno,Brown Pelican,132663224,ok,12.2,"Coste sabbiose e/o spiagge, banchi di sabbia, lingue di sabbia",suitable,no,breeding,,,,
800,800,Pelecanus Occidentalis,Pellicano Bruno,Brown Pelican,132663224,ok,12.3,Coste e/o spiagge di ciottoli e/o ghiaia,suitable,no,breeding,,,,
800,800,Pelecanus Occidentalis,Pellicano Bruno,Brown Pelican,132663224,ok,9.3,Neritico marino – Roccia/ciottoli/ghiaia sciolti subtidali,suitable,yes,breeding,,,,
800,800,Pelecanus Occidentalis,Pellicano Bruno,Brown Pelican,132663224,ok,13.1,Scogliere marine e isole rocciose al largo della costa,suitable,no,breeding,,,,
800,800,Pelecanus Occidentalis,Pellicano Bruno,Brown Pelican,132663224,ok,9.9,Erba marina sommersa,suitable,yes,breeding,,,,
800,800,Pelecanus Occidentalis,Pellicano Bruno,Brown Pelican,132663224,ok,9.7,Neritico marino – Macroalghe/alghe,suitable,yes,breeding,,,,
800,800,Pelecanus Occidentalis,Pellicano Bruno,Brown Pelican,132663224,ok,9.1,Neritico marino – Pelagico,suitable,yes,breeding,,,,
800,800,Pelecanus Occidentalis,Pellicano Bruno,Brown Pelican,132663224,ok,9.2,Neritica marina – Rocce e scogliere rocciose subtidali,suitable,yes,breeding,,,,
800,800,Pelecanus Occidentalis,Pellicano Bruno,Brown Pelican,132663224,ok,9.4,Neritico marino – Sabbioso subtidale,suitable,yes,breeding,,,,
800,800,Pelecanus Occidentalis,Pellicano Bruno,Brown Pelican,132663224,ok,10.1,Epipelagico (0–200 m),suitable,no,breeding,,,,
801,801,Galidia Elegans,Mangusta Dalla Coda Ad Anelli,Ring-Tailed Vontsira,45204213,ok,14.4,Orti rurali,marginal,unknown,unknown,0.0,1950.0,,
801,801,Galidia Elegans,Mangusta Dalla Coda Ad Anelli,Ring-Tailed Vontsira,45204213,ok,1.6,Foresta – Pianura umida subtropicale/tropicale,suitable,unknown,unknown,0.0,1950.0,,
801,801,Galidia Elegans,Mangusta Dalla Coda Ad Anelli,Ring-Tailed Vontsira,45204213,ok,1.5,Foresta – Subtropicale/tropicale secca,suitable,unknown,unknown,0.0,1950.0,,
801,801,Galidia Elegans,Mangusta Dalla Coda Ad Anelli,Ring-Tailed Vontsira,45204213,ok,1.9,Foresta – Subtropicale/tropicale umida montana,suitable,unknown,unknown,0.0,1950.0,,
801,801,Galidia Elegans,Mangusta Dalla Coda Ad Anelli,Ring-Tailed Vontsira,45204213,ok,14.1,Terreno arabile,marginal,unknown,unknown,0.0,1950.0,,
802,802,Fregata Minor,Fregata Maggiore,Great Frigatebird,163770613,ok,1.7,Foresta – Vegetazione di mangrovie subtropicale/tropicale al di sopra del livello dell'alta marea,suitable,no,breeding,,150.0,,
802,802,Fregata Minor,Fregata Maggiore,Great Frigatebird,163770613,ok,10.2,Mesopelagico (200–1.000 m),suitable,yes,resident,,150.0,,
802,802,Fregata Minor,Fregata Maggiore,Great Frigatebird,163770613,ok,10.1,Epipelagico (0–200 m),suitable,yes,resident,,150.0,,
802,802,Fregata Minor,Fregata Maggiore,Great Frigatebird,163770613,ok,9.9,Erba marina sommersa,suitable,yes,resident,,150.0,,
802,802,Fregata Minor,Fregata Maggiore,Great Frigatebird,163770613,ok,9.7,Neritico marino – Macroalghe/alghe,suitable,yes,resident,,150.0,,
802,802,Fregata Minor,Fregata Maggiore,Great Frigatebird,163770613,ok,9.5,Neritico marino – Fango sabbioso subtidale,suitable,yes,resident,,150.0,,
802,802,Fregata Minor,Fregata Maggiore,Great Frigatebird,163770613,ok,9.4,Neritico marino – Sabbioso subtidale,suitable,yes,resident,,150.0,,
802,802,Fregata Minor,Fregata Maggiore,Great Frigatebird,163770613,ok,9.3,Neritico marino – Roccia/ciottoli/ghiaia sciolti subtidali,suitable,yes,resident,,150.0,,
802,802,Fregata Minor,Fregata Maggiore,Great Frigatebird,163770613,ok,9.2,Neritica marina – Rocce e scogliere rocciose subtidali,suitable,yes,resident,,150.0,,
802,802,Fregata Minor,Fregata Maggiore,Great Frigatebird,163770613,ok,9.1,Neritico marino – Pelagico,suitable,yes,resident,,150.0,,
802,802,Fregata Minor,Fregata Maggiore,Great Frigatebird,163770613,ok,3.5,Arbusti – Zona secca subtropicale/tropicale,suitable,no,breeding,,150.0,,
803,803,Uroplatus Sikorae,Geco Dalla Coda Piatta Muschiosa,Mossy Leaf-Tailed Gecko,6924215,ok,1.6,Foresta – Pianura umida subtropicale/tropicale,suitable,yes,unknown,379.0,1200.0,,
803,803,Uroplatus Sikorae,Geco Dalla Coda Piatta Muschiosa,Mossy Leaf-Tailed Gecko,6924215,ok,1.9,Foresta – Subtropicale/tropicale umida montana,suitable,yes,unknown,379.0,1200.0,,
804,804,Sula Dactylatra,Sula Mascherato,Masked Booby,132666363,ok,9.4,Neritico marino – Sabbioso subtidale,suitable,yes,resident,,,,
804,804,Sula Dactylatra,Sula Mascherato,Masked Booby,132666363,ok,9.1,Neritico marino – Pelagico,suitable,yes,resident,,,,
804,804,Sula Dactylatra,Sula Mascherato,Masked Booby,132666363,ok,10.1,Epipelagico (0–200 m),suitable,yes,resident,,,,
804,804,Sula Dactylatra,Sula Mascherato,Masked Booby,132666363,ok,12.2,"Coste sabbiose e/o spiagge, banchi di sabbia, lingue di sabbia",suitable,yes,resident,,,,
804,804,Sula Dactylatra,Sula Mascherato,Masked Booby,132666363,ok,9.7,Neritico marino – Macroalghe/alghe,suitable,yes,resident,,,,
804,804,Sula Dactylatra,Sula Mascherato,Masked Booby,132666363,ok,9.3,Neritico marino – Roccia/ciottoli/ghiaia sciolti subtidali,suitable,yes,resident,,,,
804,804,Sula Dactylatra,Sula Mascherato,Masked Booby,132666363,ok,9.2,Neritica marina – Rocce e scogliere rocciose subtidali,suitable,yes,resident,,,,
804,804,Sula Dactylatra,Sula Mascherato,Masked Booby,132666363,ok,9.9,Erba marina sommersa,suitable,yes,resident,,,,
804,804,Sula Dactylatra,Sula Mascherato,Masked Booby,132666363,ok,12.3,Coste e/o spiagge di ciottoli e/o ghiaia,suitable,yes,resident,,,,
804,804,Sula Dactylatra,Sula Mascherato,Masked Booby,132666363,ok,9.5,Neritico marino – Fango sabbioso subtidale,suitable,yes,resident,,,,
804,804,Sula Dactylatra,Sula Mascherato,Masked Booby,132666363,ok,10.2,Mesopelagico (200–1.000 m),suitable,yes,resident,,,,
805,805,Paroedura Picta,Geco Pantera Del Madagascar,Madagascar Ground Gecko,6951903,ok,3.5,Arbusti – Zona secca subtropicale/tropicale,suitable,yes,unknown,70.0,240.0,,
805,805,Paroedura Picta,Geco Pantera Del Madagascar,Madagascar Ground Gecko,6951903,ok,1.5,Foresta – Subtropicale/tropicale secca,marginal,unknown,unknown,70.0,240.0,,
806,806,Phalacrocorax Auritus,Cormorano Dalla Cresta Doppia,Double-Crested Cormorant,,assessment_not_found,,,unknown,unknown,unknown,,,,
807,807,Aepyornis Maximus,Uccello Elefante,Elephant Bird,,assessment_not_found,,,unknown,unknown,unknown,,,,
808,808,Anhinga Anhinga,Aninga Americana,Anhinga,281836797,ok,5.5,Zone umide (interne) – Laghi permanenti di acqua dolce (oltre 8 ettari),suitable,yes,resident,0.0,900.0,,
808,808,Anhinga Anhinga,Aninga Americana,Anhinga,281836797,ok,5.1,Zone umide (interne) – Fiumi/torrenti/cascate permanenti,suitable,no,resident,0.0,900.0,,
809,809,Raphus Cucullatus,Dodo,Dodo,261916273,ok,1.9,Foresta – Subtropicale/tropicale umida montana,suitable,yes,resident,0.0,,,
809,809,Raphus Cucullatus,Dodo,Dodo,261916273,ok,1.5,Foresta – Subtropicale/tropicale secca,suitable,yes,resident,0.0,,,
810,810,Ardea Herodias,Airone Azzurro Maggiore,Great Blue Heron,181565357,ok,5.1,Zone umide (interne) – Fiumi/torrenti/cascate permanenti,suitable,no,breeding,,2600.0,,
810,810,Ardea Herodias,Airone Azzurro Maggiore,Great Blue Heron,181565357,ok,5.4,"Zone umide (interne) – Paludi, acquitrini, torbiere",suitable,yes,breeding,,2600.0,,
810,810,Ardea Herodias,Airone Azzurro Maggiore,Great Blue Heron,181565357,ok,5.5,Zone umide (interne) – Laghi permanenti di acqua dolce (oltre 8 ettari),suitable,no,breeding,,2600.0,,
810,810,Ardea Herodias,Airone Azzurro Maggiore,Great Blue Heron,181565357,ok,1.7,Foresta – Vegetazione di mangrovie subtropicale/tropicale al di sopra del livello dell'alta marea,suitable,no,breeding,,2600.0,,
810,810,Ardea Herodias,Airone Azzurro Maggiore,Great Blue Heron,181565357,ok,12.4,Coste fangose e piane fangose intertidali,suitable,no,breeding,,2600.0,,
811,811,Felis Fatalis,Smilodonte,Sabre-Toothed Cat,,assessment_not_found,,,unknown,unknown,unknown,,,,
812,812,Egretta Thula,Airone Nevoso,Snowy Egret,281845566,ok,12.5,Paludi salmastre,suitable,no,breeding,0.0,4000.0,,
812,812,Egretta Thula,Airone Nevoso,Snowy Egret,281845566,ok,5.5,Zone umide (interne) – Laghi permanenti di acqua dolce (oltre 8 ettari),suitable,no,breeding,0.0,4000.0,,
812,812,Egretta Thula,Airone Nevoso,Snowy Egret,281845566,ok,5.4,"Zone umide (interne) – Paludi, acquitrini, torbiere",suitable,yes,breeding,0.0,4000.0,,
813,813,Mammuthus Primigenius,Mammut Lanoso,Woolly Mammoth,,assessment_not_found,,,unknown,unknown,unknown,,,,
814,814,Mycteria Americana,Cicogna Americana,Wood Stork,281855989,ok,15.9,Canali e fossi di drenaggio,suitable,no,breeding,0.0,3700.0,,
814,814,Mycteria Americana,Cicogna Americana,Wood Stork,281855989,ok,12.5,Paludi salmastre,suitable,no,breeding,0.0,3700.0,,
814,814,Mycteria Americana,Cicogna Americana,Wood Stork,281855989,ok,5.5,Zone umide (interne) – Laghi permanenti di acqua dolce (oltre 8 ettari),suitable,no,breeding,0.0,3700.0,,
814,814,Mycteria Americana,Cicogna Americana,Wood Stork,281855989,ok,1.7,Foresta – Vegetazione di mangrovie subtropicale/tropicale al di sopra del livello dell'alta marea,suitable,no,breeding,0.0,3700.0,,
814,814,Mycteria Americana,Cicogna Americana,Wood Stork,281855989,ok,4.6,Prateria – Subtropicale/tropicale stagionalmente umida/allagata,suitable,no,breeding,0.0,3700.0,,
814,814,Mycteria Americana,Cicogna Americana,Wood Stork,281855989,ok,5.4,"Zone umide (interne) – Paludi, acquitrini, torbiere",suitable,yes,breeding,0.0,3700.0,,
815,815,Coelodonta Antiquitatis,Rinoceronte Lanoso,Woolly Rhinoceros,,assessment_not_found,,,unknown,unknown,unknown,,,,
816,816,Threskiornis Aethiopicus,Ibis Sacro,African Sacred Ibis,132068562,ok,5.1,Zone umide (interne) – Fiumi/torrenti/cascate permanenti,suitable,no,breeding,,,,
816,816,Threskiornis Aethiopicus,Ibis Sacro,African Sacred Ibis,132068562,ok,5.7,Zone umide (interne) – Paludi/stagni d'acqua dolce permanenti (inferiori a 8 ettari),suitable,no,breeding,,,,
816,816,Threskiornis Aethiopicus,Ibis Sacro,African Sacred Ibis,132068562,ok,15.2,Stagni sotto gli 8 ettari,suitable,no,breeding,,,,
816,816,Threskiornis Aethiopicus,Ibis Sacro,African Sacred Ibis,132068562,ok,5.5,Zone umide (interne) – Laghi permanenti di acqua dolce (oltre 8 ettari),suitable,no,breeding,,,,
816,816,Threskiornis Aethiopicus,Ibis Sacro,African Sacred Ibis,132068562,ok,4.6,Prateria – Subtropicale/tropicale stagionalmente umida/allagata,suitable,no,breeding,,,,
816,816,Threskiornis Aethiopicus,Ibis Sacro,African Sacred Ibis,132068562,ok,5.6,Zone umide (interne) – Laghi d'acqua dolce stagionali/intermittenti (oltre 8 ha),suitable,no,breeding,,,,
816,816,Threskiornis Aethiopicus,Ibis Sacro,African Sacred Ibis,132068562,ok,14.5,Aree urbane,suitable,no,breeding,,,,
816,816,Threskiornis Aethiopicus,Ibis Sacro,African Sacred Ibis,132068562,ok,14.1,Terreno arabile,suitable,no,breeding,,,,
816,816,Threskiornis Aethiopicus,Ibis Sacro,African Sacred Ibis,132068562,ok,13.5,Laghi costieri di acqua dolce,suitable,no,breeding,,,,
816,816,Threskiornis Aethiopicus,Ibis Sacro,African Sacred Ibis,132068562,ok,5.8,Zone umide (interne) – Paludi/stagni d'acqua dolce stagionali/intermittenti (inferiori a 8 ettari),suitable,no,breeding,,,,
816,816,Threskiornis Aethiopicus,Ibis Sacro,African Sacred Ibis,132068562,ok,14.4,Orti rurali,suitable,no,breeding,,,,
816,816,Threskiornis Aethiopicus,Ibis Sacro,African Sacred Ibis,132068562,ok,15.6,Aree di trattamento delle acque reflue,suitable,no,breeding,,,,
816,816,Threskiornis Aethiopicus,Ibis Sacro,African Sacred Ibis,132068562,ok,12.6,Pozze di marea,suitable,no,breeding,,,,
816,816,Threskiornis Aethiopicus,Ibis Sacro,African Sacred Ibis,132068562,ok,13.1,Scogliere marine e isole rocciose al largo della costa,suitable,no,breeding,,,,
816,816,Threskiornis Aethiopicus,Ibis Sacro,African Sacred Ibis,132068562,ok,12.4,Coste fangose e piane fangose intertidali,suitable,no,breeding,,,,
816,816,Threskiornis Aethiopicus,Ibis Sacro,African Sacred Ibis,132068562,ok,15.4,Siti di sfruttamento del sale,suitable,no,breeding,,,,
816,816,Threskiornis Aethiopicus,Ibis Sacro,African Sacred Ibis,132068562,ok,1.7,Foresta – Vegetazione di mangrovie subtropicale/tropicale al di sopra del livello dell'alta marea,suitable,no,breeding,,,,
817,817,Megaloceros Giganteus,Cervo Gigante Irlandese,Irish Elk,,assessment_not_found,,,unknown,unknown,unknown,,,,
818,818,Platalea Ajaja,Spatola Rosata,Roseate Spoonbill,281037780,ok,5.4,"Zone umide (interne) – Paludi, acquitrini, torbiere",suitable,yes,breeding,0.0,1000.0,,
818,818,Platalea Ajaja,Spatola Rosata,Roseate Spoonbill,281037780,ok,5.5,Zone umide (interne) – Laghi permanenti di acqua dolce (oltre 8 ettari),suitable,no,breeding,0.0,1000.0,,
819,819,Thylacinus Cynocephalus,Tilacino,Thylacine,258672491,ok,1.6,Foresta – Pianura umida subtropicale/tropicale,unknown,unknown,unknown,,,,
819,819,Thylacinus Cynocephalus,Tilacino,Thylacine,258672491,ok,4.4,Prateria – Temperata,unknown,unknown,unknown,,,,
819,819,Thylacinus Cynocephalus,Tilacino,Thylacine,258672491,ok,1.4,Foresta – Temperata,unknown,unknown,unknown,,,,
820,820,Branta Canadensis,Oca Del Canada,Canada Goose,131909406,ok,5.4,"Zone umide (interne) – Paludi, acquitrini, torbiere",suitable,no,breeding,,2000.0,,
820,820,Branta Canadensis,Oca Del Canada,Canada Goose,131909406,ok,14.1,Terreno arabile,suitable,no,breeding,,2000.0,,
820,820,Branta Canadensis,Oca Del Canada,Canada Goose,131909406,ok,5.5,Zone umide (interne) – Laghi permanenti di acqua dolce (oltre 8 ettari),suitable,yes,breeding,,2000.0,,
820,820,Branta Canadensis,Oca Del Canada,Canada Goose,131909406,ok,14.5,Aree urbane,suitable,no,breeding,,2000.0,,
820,820,Branta Canadensis,Oca Del Canada,Canada Goose,131909406,ok,15.5,Scavi a cielo aperto,suitable,no,breeding,,2000.0,,
820,820,Branta Canadensis,Oca Del Canada,Canada Goose,131909406,ok,4.1,Prateria – Tundra,suitable,yes,breeding,,2000.0,,
820,820,Branta Canadensis,Oca Del Canada,Canada Goose,131909406,ok,5.16,"Zone umide (interne) – Paludi/stagni permanenti salini, salmastri o alcalini",suitable,no,breeding,,2000.0,,
820,820,Branta Canadensis,Oca Del Canada,Canada Goose,131909406,ok,4.4,Prateria – Temperata,suitable,no,breeding,,2000.0,,
821,821,Eschrichtius Robustus,Balena Grigia,Grey Whale,50353881,ok,9.1,Neritico marino – Pelagico,suitable,yes,unknown,,,,
821,821,Eschrichtius Robustus,Balena Grigia,Grey Whale,50353881,ok,10.1,Epipelagico (0–200 m),suitable,yes,unknown,,,,
822,822,Anas Crecca,Alzavola Comune,Eurasian Teal,181692388,ok,13.4,Lagune costiere salmastre/saline/laghi marini,suitable,no,breeding,,,,
822,822,Anas Crecca,Alzavola Comune,Eurasian Teal,181692388,ok,13.5,Laghi costieri di acqua dolce,suitable,no,breeding,,,,
822,822,Anas Crecca,Alzavola Comune,Eurasian Teal,181692388,ok,5.14,"Zone umide (interne) – Laghi permanenti salini, salmastri o alcalini",suitable,yes,breeding,,,,
822,822,Anas Crecca,Alzavola Comune,Eurasian Teal,181692388,ok,12.4,Coste fangose e piane fangose intertidali,suitable,no,breeding,,,,
822,822,Anas Crecca,Alzavola Comune,Eurasian Teal,181692388,ok,5.16,"Zone umide (interne) – Paludi/stagni permanenti salini, salmastri o alcalini",suitable,no,breeding,,,,
822,822,Anas Crecca,Alzavola Comune,Eurasian Teal,181692388,ok,14.1,Terreno arabile,suitable,no,breeding,,,,
822,822,Anas Crecca,Alzavola Comune,Eurasian Teal,181692388,ok,15.1,Aree di stoccaggio dell'acqua oltre 8 ettari,suitable,no,breeding,,,,
822,822,Anas Crecca,Alzavola Comune,Eurasian Teal,181692388,ok,15.2,Stagni sotto gli 8 ettari,suitable,no,breeding,,,,
822,822,Anas Crecca,Alzavola Comune,Eurasian Teal,181692388,ok,12.5,Paludi salmastre,suitable,no,breeding,,,,
822,822,Anas Crecca,Alzavola Comune,Eurasian Teal,181692388,ok,3.3,Arbusti – Boreale,suitable,no,breeding,,,,
822,822,Anas Crecca,Alzavola Comune,Eurasian Teal,181692388,ok,1.1,Foresta boreale,suitable,no,breeding,,,,
822,822,Anas Crecca,Alzavola Comune,Eurasian Teal,181692388,ok,5.1,Zone umide (interne) – Fiumi/torrenti/cascate permanenti,suitable,no,breeding,,,,
822,822,Anas Crecca,Alzavola Comune,Eurasian Teal,181692388,ok,5.4,"Zone umide (interne) – Paludi, acquitrini, torbiere",suitable,no,breeding,,,,
822,822,Anas Crecca,Alzavola Comune,Eurasian Teal,181692388,ok,5.5,Zone umide (interne) – Laghi permanenti di acqua dolce (oltre 8 ettari),suitable,no,breeding,,,,
822,822,Anas Crecca,Alzavola Comune,Eurasian Teal,181692388,ok,5.10,Zone umide (interne) – Zone umide della tundra,suitable,no,breeding,,,,
822,822,Anas Crecca,Alzavola Comune,Eurasian Teal,181692388,ok,5.7,Zone umide (interne) – Paludi/stagni d'acqua dolce permanenti (inferiori a 8 ettari),suitable,no,breeding,,,,
823,823,Monachus Monachus,Foca Monaca Mediterranea,Mediterranean Monk Seal,238637039,ok,9.1,Neritico marino – Pelagico,suitable,yes,resident,0.0,5.0,0.0,429.0
823,823,Monachus Monachus,Foca Monaca Mediterranea,Mediterranean Monk Seal,238637039,ok,10.1,Epipelagico (0–200 m),suitable,yes,resident,0.0,5.0,0.0,429.0
823,823,Monachus Monachus,Foca Monaca Mediterranea,Mediterranean Monk Seal,238637039,ok,12.1,Costa rocciosa,suitable,yes,resident,0.0,5.0,0.0,429.0
823,823,Monachus Monachus,Foca Monaca Mediterranea,Mediterranean Monk Seal,238637039,ok,12.2,"Coste sabbiose e/o spiagge, banchi di sabbia, lingue di sabbia",suitable,yes,resident,0.0,5.0,0.0,429.0
823,823,Monachus Monachus,Foca Monaca Mediterranea,Mediterranean Monk Seal,238637039,ok,13.1,Scogliere marine e isole rocciose al largo della costa,suitable,yes,resident,0.0,5.0,0.0,429.0
823,823,Monachus Monachus,Foca Monaca Mediterranea,Mediterranean Monk Seal,238637039,ok,13.2,Grotte costiere/Carsismo,suitable,yes,resident,0.0,5.0,0.0,429.0
823,823,Monachus Monachus,Foca Monaca Mediterranea,Mediterranean Monk Seal,238637039,ok,10.2,Mesopelagico (200–1.000 m),suitable,yes,resident,0.0,5.0,0.0,429.0
824,824,Aix Sponsa,Anatra Dello Sposo,Wood Duck,136999461,ok,1.4,Foresta – Temperata,suitable,yes,breeding,0.0,900.0,,
824,824,Aix Sponsa,Anatra Dello Sposo,Wood Duck,136999461,ok,5.5,Zone umide (interne) – Laghi permanenti di acqua dolce (oltre 8 ettari),suitable,yes,breeding,0.0,900.0,,
824,824,Aix Sponsa,Anatra Dello Sposo,Wood Duck,136999461,ok,5.4,"Zone umide (interne) – Paludi, acquitrini, torbiere",suitable,no,breeding,0.0,900.0,,
824,824,Aix Sponsa,Anatra Dello Sposo,Wood Duck,136999461,ok,5.1,Zone umide (interne) – Fiumi/torrenti/cascate permanenti,suitable,no,breeding,0.0,900.0,,
825,825,Mirounga Leonina,Elefante Marino Del Sud,Southern Elephant Seal,45227247,ok,12.3,Coste e/o spiagge di ciottoli e/o ghiaia,suitable,yes,resident,,50.0,,2133.0
825,825,Mirounga Leonina,Elefante Marino Del Sud,Southern Elephant Seal,45227247,ok,12.1,Costa rocciosa,suitable,yes,resident,,50.0,,2133.0
825,825,Mirounga Leonina,Elefante Marino Del Sud,Southern Elephant Seal,45227247,ok,12.2,"Coste sabbiose e/o spiagge, banchi di sabbia, lingue di sabbia",suitable,yes,resident,,50.0,,2133.0
825,825,Mirounga Leonina,Elefante Marino Del Sud,Southern Elephant Seal,45227247,ok,10.3,Batipelagico (1.000–4.000 m),marginal,unknown,resident,,50.0,,2133.0
825,825,Mirounga Leonina,Elefante Marino Del Sud,Southern Elephant Seal,45227247,ok,9.1,Neritico marino – Pelagico,suitable,yes,resident,,50.0,,2133.0
825,825,Mirounga Leonina,Elefante Marino Del Sud,Southern Elephant Seal,45227247,ok,10.1,Epipelagico (0–200 m),suitable,yes,resident,,50.0,,2133.0
825,825,Mirounga Leonina,Elefante Marino Del Sud,Southern Elephant Seal,45227247,ok,10.2,Mesopelagico (200–1.000 m),suitable,yes,resident,,50.0,,2133.0
825,825,Mirounga Leonina,Elefante Marino Del Sud,Southern Elephant Seal,45227247,ok,13.1,Scogliere marine e isole rocciose al largo della costa,suitable,yes,resident,,50.0,,2133.0
826,826,Centrocercus Urophasianus,Gallo Della Salvia,Greater Sage-Grouse,277362011,ok,3.4,Arbusti – Temperati,suitable,yes,resident,900.0,2900.0,,
827,827,Colinus Virginianus,Quaglia Di Virginia,Northern Bobwhite,178045540,ok,14.1,Terreno arabile,suitable,no,resident,0.0,2500.0,,
827,827,Colinus Virginianus,Quaglia Di Virginia,Northern Bobwhite,178045540,ok,14.2,Pascoli,suitable,no,resident,0.0,2500.0,,
827,827,Colinus Virginianus,Quaglia Di Virginia,Northern Bobwhite,178045540,ok,3.4,Arbusti – Temperati,suitable,no,resident,0.0,2500.0,,
827,827,Colinus Virginianus,Quaglia Di Virginia,Northern Bobwhite,178045540,ok,4.4,Prateria – Temperata,suitable,no,resident,0.0,2500.0,,
827,827,Colinus Virginianus,Quaglia Di Virginia,Northern Bobwhite,178045540,ok,1.4,Foresta – Temperata,suitable,no,resident,0.0,2500.0,,
828,828,Grus Canadensis,Gru Canadese,Sandhill Crane,188597759,ok,4.4,Prateria – Temperata,suitable,no,breeding,,,,
828,828,Grus Canadensis,Gru Canadese,Sandhill Crane,188597759,ok,5.4,"Zone umide (interne) – Paludi, acquitrini, torbiere",suitable,yes,breeding,,,,
829,829,Fulica Americana,Folaga Americana,American Coot,281035771,ok,12.5,Paludi salmastre,suitable,no,resident,0.0,3500.0,,
829,829,Fulica Americana,Folaga Americana,American Coot,281035771,ok,5.4,"Zone umide (interne) – Paludi, acquitrini, torbiere",suitable,yes,resident,0.0,3500.0,,
829,829,Fulica Americana,Folaga Americana,American Coot,281035771,ok,5.5,Zone umide (interne) – Laghi permanenti di acqua dolce (oltre 8 ettari),suitable,no,resident,0.0,3500.0,,
829,829,Fulica Americana,Folaga Americana,American Coot,281035771,ok,5.7,Zone umide (interne) – Paludi/stagni d'acqua dolce permanenti (inferiori a 8 ettari),suitable,no,resident,0.0,3500.0,,
830,830,Charadrius Vociferus,Corriere Vociferante,Killdeer,256247816,ok,12.5,Paludi salmastre,suitable,no,resident,0.0,2500.0,,
830,830,Charadrius Vociferus,Corriere Vociferante,Killdeer,256247816,ok,14.2,Pascoli,suitable,no,resident,0.0,2500.0,,
830,830,Charadrius Vociferus,Corriere Vociferante,Killdeer,256247816,ok,5.1,Zone umide (interne) – Fiumi/torrenti/cascate permanenti,suitable,no,resident,0.0,2500.0,,
830,830,Charadrius Vociferus,Corriere Vociferante,Killdeer,256247816,ok,5.4,"Zone umide (interne) – Paludi, acquitrini, torbiere",suitable,yes,resident,0.0,2500.0,,
830,830,Charadrius Vociferus,Corriere Vociferante,Killdeer,256247816,ok,12.1,Costa rocciosa,suitable,no,resident,0.0,2500.0,,
830,830,Charadrius Vociferus,Corriere Vociferante,Killdeer,256247816,ok,12.2,"Coste sabbiose e/o spiagge, banchi di sabbia, lingue di sabbia",suitable,no,resident,0.0,2500.0,,
830,830,Charadrius Vociferus,Corriere Vociferante,Killdeer,256247816,ok,12.3,Coste e/o spiagge di ciottoli e/o ghiaia,suitable,no,resident,0.0,2500.0,,
830,830,Charadrius Vociferus,Corriere Vociferante,Killdeer,256247816,ok,14.1,Terreno arabile,suitable,no,resident,0.0,2500.0,,
830,830,Charadrius Vociferus,Corriere Vociferante,Killdeer,256247816,ok,14.5,Aree urbane,suitable,no,resident,0.0,2500.0,,
831,831,Recurvirostra Americana,Avocetta Americana,American Avocet,262144636,ok,12.6,Pozze di marea,suitable,no,resident,0.0,2500.0,,
831,831,Recurvirostra Americana,Avocetta Americana,American Avocet,262144636,ok,15.8,Terreni agricoli soggetti a inondazioni stagionali,suitable,no,resident,0.0,2500.0,,
831,831,Recurvirostra Americana,Avocetta Americana,American Avocet,262144636,ok,15.9,Canali e fossi di drenaggio,suitable,no,resident,0.0,2500.0,,
831,831,Recurvirostra Americana,Avocetta Americana,American Avocet,262144636,ok,13.4,Lagune costiere salmastre/saline/laghi marini,suitable,no,resident,0.0,2500.0,,
831,831,Recurvirostra Americana,Avocetta Americana,American Avocet,262144636,ok,5.5,Zone umide (interne) – Laghi permanenti di acqua dolce (oltre 8 ettari),suitable,yes,resident,0.0,2500.0,,
831,831,Recurvirostra Americana,Avocetta Americana,American Avocet,262144636,ok,5.16,"Zone umide (interne) – Paludi/stagni permanenti salini, salmastri o alcalini",suitable,yes,resident,0.0,2500.0,,
831,831,Recurvirostra Americana,Avocetta Americana,American Avocet,262144636,ok,12.4,Coste fangose e piane fangose intertidali,suitable,yes,resident,0.0,2500.0,,
831,831,Recurvirostra Americana,Avocetta Americana,American Avocet,262144636,ok,15.1,Aree di stoccaggio dell'acqua oltre 8 ettari,suitable,no,resident,0.0,2500.0,,
831,831,Recurvirostra Americana,Avocetta Americana,American Avocet,262144636,ok,15.2,Stagni sotto gli 8 ettari,suitable,no,resident,0.0,2500.0,,
831,831,Recurvirostra Americana,Avocetta Americana,American Avocet,262144636,ok,15.4,Siti di sfruttamento del sale,suitable,no,resident,0.0,2500.0,,
831,831,Recurvirostra Americana,Avocetta Americana,American Avocet,262144636,ok,5.15,"Zone umide (interne) – Laghi e piane salmastre, saline o alcaline stagionali/intermittenti",suitable,no,resident,0.0,2500.0,,
831,831,Recurvirostra Americana,Avocetta Americana,American Avocet,262144636,ok,5.14,"Zone umide (interne) – Laghi permanenti salini, salmastri o alcalini",suitable,yes,resident,0.0,2500.0,,
831,831,Recurvirostra Americana,Avocetta Americana,American Avocet,262144636,ok,5.17,"Zone umide (interne) – Paludi/pozze saline, salmastre o alcaline stagionali/intermittenti",suitable,no,resident,0.0,2500.0,,
831,831,Recurvirostra Americana,Avocetta Americana,American Avocet,262144636,ok,5.7,Zone umide (interne) – Paludi/stagni d'acqua dolce permanenti (inferiori a 8 ettari),suitable,yes,resident,0.0,2500.0,,
831,831,Recurvirostra Americana,Avocetta Americana,American Avocet,262144636,ok,12.5,Paludi salmastre,suitable,yes,resident,0.0,2500.0,,
831,831,Recurvirostra Americana,Avocetta Americana,American Avocet,262144636,ok,15.6,Aree di trattamento delle acque reflue,suitable,no,resident,0.0,2500.0,,
831,831,Recurvirostra Americana,Avocetta Americana,American Avocet,262144636,ok,5.4,"Zone umide (interne) – Paludi, acquitrini, torbiere",suitable,yes,resident,0.0,2500.0,,
832,832,Melanocetus Johnsonii,Rana Pescatrice Nera,Humpback Anglerfish,21911455,ok,10.3,Batipelagico (1.000–4.000 m),suitable,unknown,unknown,,,0.0,2700.0
832,832,Melanocetus Johnsonii,Rana Pescatrice Nera,Humpback Anglerfish,21911455,ok,10.2,Mesopelagico (200–1.000 m),suitable,unknown,unknown,,,0.0,2700.0
833,833,Melopsittacus Undulatus,Parrocchetto Ondulato,Budgerigar,132056957,ok,14.1,Terreno arabile,suitable,no,resident,,,,
833,833,Melopsittacus Undulatus,Parrocchetto Ondulato,Budgerigar,132056957,ok,1.5,Foresta – Subtropicale/tropicale secca,suitable,no,resident,,,,
833,833,Melopsittacus Undulatus,Parrocchetto Ondulato,Budgerigar,132056957,ok,4.5,Prateria – Subtropicale/tropicale arida,suitable,no,resident,,,,
833,833,Melopsittacus Undulatus,Parrocchetto Ondulato,Budgerigar,132056957,ok,8.1,Deserto – Caldo,suitable,no,resident,,,,
833,833,Melopsittacus Undulatus,Parrocchetto Ondulato,Budgerigar,132056957,ok,14.2,Pascoli,suitable,no,resident,,,,
833,833,Melopsittacus Undulatus,Parrocchetto Ondulato,Budgerigar,132056957,ok,3.5,Arbusti – Zona secca subtropicale/tropicale,suitable,no,resident,,,,
833,833,Melopsittacus Undulatus,Parrocchetto Ondulato,Budgerigar,132056957,ok,2.1,Savana - Secca,suitable,no,resident,,,,
833,833,Melopsittacus Undulatus,Parrocchetto Ondulato,Budgerigar,132056957,ok,14.4,Orti rurali,suitable,no,resident,,,,
834,834,Alligator Mississippiensis,Coccodrillo Americano,American Alligator,3009637,ok,5.1,Zone umide (interne) – Fiumi/torrenti/cascate permanenti,suitable,yes,resident,0.0,70.0,,
834,834,Alligator Mississippiensis,Coccodrillo Americano,American Alligator,3009637,ok,5.2,Zone umide (interne) – Fiumi/torrenti/canali stagionali/intermittenti/irregolari,marginal,unknown,resident,0.0,70.0,,
834,834,Alligator Mississippiensis,Coccodrillo Americano,American Alligator,3009637,ok,5.6,Zone umide (interne) – Laghi d'acqua dolce stagionali/intermittenti (oltre 8 ha),marginal,unknown,resident,0.0,70.0,,
834,834,Alligator Mississippiensis,Coccodrillo Americano,American Alligator,3009637,ok,5.8,Zone umide (interne) – Paludi/stagni d'acqua dolce stagionali/intermittenti (inferiori a 8 ettari),marginal,unknown,resident,0.0,70.0,,
834,834,Alligator Mississippiensis,Coccodrillo Americano,American Alligator,3009637,ok,5.9,Zone umide (interne) – Sorgenti di acqua dolce e oasi,marginal,unknown,resident,0.0,70.0,,
834,834,Alligator Mississippiensis,Coccodrillo Americano,American Alligator,3009637,ok,5.5,Zone umide (interne) – Laghi permanenti di acqua dolce (oltre 8 ettari),suitable,yes,resident,0.0,70.0,,
834,834,Alligator Mississippiensis,Coccodrillo Americano,American Alligator,3009637,ok,5.7,Zone umide (interne) – Paludi/stagni d'acqua dolce permanenti (inferiori a 8 ettari),suitable,yes,resident,0.0,70.0,,
834,834,Alligator Mississippiensis,Coccodrillo Americano,American Alligator,3009637,ok,12.5,Paludi salmastre,marginal,unknown,passage,0.0,70.0,,
834,834,Alligator Mississippiensis,Coccodrillo Americano,American Alligator,3009637,ok,5.4,"Zone umide (interne) – Paludi, acquitrini, torbiere",suitable,yes,resident,0.0,70.0,,
834,834,Alligator Mississippiensis,Coccodrillo Americano,American Alligator,3009637,ok,15.1,Aree di stoccaggio dell'acqua oltre 8 ettari,suitable,unknown,resident,0.0,70.0,,
834,834,Alligator Mississippiensis,Coccodrillo Americano,American Alligator,3009637,ok,15.9,Canali e fossi di drenaggio,suitable,unknown,resident,0.0,70.0,,
834,834,Alligator Mississippiensis,Coccodrillo Americano,American Alligator,3009637,ok,13.4,Lagune costiere salmastre/saline/laghi marini,suitable,yes,resident,0.0,70.0,,
835,835,Crocodylus Niloticus,Coccodrillo Del Nilo,Nile Crocodile,3010181,ok,5.5,Zone umide (interne) – Laghi permanenti di acqua dolce (oltre 8 ettari),suitable,yes,resident,0.0,1500.0,,
835,835,Crocodylus Niloticus,Coccodrillo Del Nilo,Nile Crocodile,3010181,ok,5.1,Zone umide (interne) – Fiumi/torrenti/cascate permanenti,suitable,yes,resident,0.0,1500.0,,
835,835,Crocodylus Niloticus,Coccodrillo Del Nilo,Nile Crocodile,3010181,ok,5.2,Zone umide (interne) – Fiumi/torrenti/canali stagionali/intermittenti/irregolari,marginal,unknown,breeding,0.0,1500.0,,
835,835,Crocodylus Niloticus,Coccodrillo Del Nilo,Nile Crocodile,3010181,ok,5.18,Zone umide (interne) – Carsismo e altri sistemi idrologici sotterranei (interni),marginal,unknown,resident,0.0,1500.0,,
835,835,Crocodylus Niloticus,Coccodrillo Del Nilo,Nile Crocodile,3010181,ok,5.13,Zone umide (interne) – Delta interni permanenti,suitable,yes,resident,0.0,1500.0,,
835,835,Crocodylus Niloticus,Coccodrillo Del Nilo,Nile Crocodile,3010181,ok,9.10,Estuari,suitable,no,resident,0.0,1500.0,,
835,835,Crocodylus Niloticus,Coccodrillo Del Nilo,Nile Crocodile,3010181,ok,12.2,"Coste sabbiose e/o spiagge, banchi di sabbia, lingue di sabbia",suitable,no,resident,0.0,1500.0,,
835,835,Crocodylus Niloticus,Coccodrillo Del Nilo,Nile Crocodile,3010181,ok,15.1,Aree di stoccaggio dell'acqua oltre 8 ettari,marginal,unknown,resident,0.0,1500.0,,
835,835,Crocodylus Niloticus,Coccodrillo Del Nilo,Nile Crocodile,3010181,ok,15.2,Stagni sotto gli 8 ettari,marginal,unknown,resident,0.0,1500.0,,
835,835,Crocodylus Niloticus,Coccodrillo Del Nilo,Nile Crocodile,3010181,ok,13.4,Lagune costiere salmastre/saline/laghi marini,suitable,yes,resident,0.0,1500.0,,
835,835,Crocodylus Niloticus,Coccodrillo Del Nilo,Nile Crocodile,3010181,ok,12.7,Radici sommerse delle mangrovie,suitable,yes,resident,0.0,1500.0,,
836,836,Hapalochlaena Lunulata,Polpo Dagli Anelli Blu Maggiore,Greater Blue-Ringed Octopus,994503,ok,9.8,Neritica marina – Barriera corallina,suitable,unknown,resident,,,0.0,20.0
836,836,Hapalochlaena Lunulata,Polpo Dagli Anelli Blu Maggiore,Greater Blue-Ringed Octopus,994503,ok,9.2,Neritica marina – Rocce e scogliere rocciose subtidali,suitable,unknown,resident,,,0.0,20.0
837,837,Iguana Delicatissima,Iguana Delle Antille Minori,Lesser Antillean Iguana,122936983,ok,1.5,Foresta – Subtropicale/tropicale secca,suitable,yes,resident,0.0,700.0,,
837,837,Iguana Delicatissima,Iguana Delle Antille Minori,Lesser Antillean Iguana,122936983,ok,1.6,Foresta – Pianura umida subtropicale/tropicale,suitable,unknown,resident,0.0,700.0,,
837,837,Iguana Delicatissima,Iguana Delle Antille Minori,Lesser Antillean Iguana,122936983,ok,3.5,Arbusti – Zona secca subtropicale/tropicale,suitable,yes,resident,0.0,700.0,,
837,837,Iguana Delicatissima,Iguana Delle Antille Minori,Lesser Antillean Iguana,122936983,ok,1.7,Foresta – Vegetazione di mangrovie subtropicale/tropicale al di sopra del livello dell'alta marea,suitable,unknown,unknown,0.0,700.0,,
837,837,Iguana Delicatissima,Iguana Delle Antille Minori,Lesser Antillean Iguana,122936983,ok,4.5,Prateria – Subtropicale/tropicale arida,suitable,unknown,unknown,0.0,700.0,,
837,837,Iguana Delicatissima,Iguana Delle Antille Minori,Lesser Antillean Iguana,122936983,ok,3.6,Arbusti – Subtropicale/tropicale umido,suitable,yes,resident,0.0,700.0,,
837,837,Iguana Delicatissima,Iguana Delle Antille Minori,Lesser Antillean Iguana,122936983,ok,14.4,Orti rurali,marginal,unknown,resident,0.0,700.0,,
837,837,Iguana Delicatissima,Iguana Delle Antille Minori,Lesser Antillean Iguana,122936983,ok,14.6,Foresta subtropicale/tropicale fortemente degradata,marginal,unknown,resident,0.0,700.0,,
837,837,Iguana Delicatissima,Iguana Delle Antille Minori,Lesser Antillean Iguana,122936983,ok,12.2,"Coste sabbiose e/o spiagge, banchi di sabbia, lingue di sabbia",suitable,yes,breeding,0.0,700.0,,
838,838,Vampyroteuthis Infernalis,Vampiro Degli Abissi,Vampire Squid,,assessment_not_found,,,unknown,unknown,unknown,,,,
839,839,Phrynosoma Platyrhinos,Rospo Cornuto Del Deserto,Desert Horned Lizard,89975571,ok,8.1,Deserto – Caldo,suitable,unknown,unknown,-80.0,1980.0,,
839,839,Phrynosoma Platyrhinos,Rospo Cornuto Del Deserto,Desert Horned Lizard,89975571,ok,3.5,Arbusti – Zona secca subtropicale/tropicale,suitable,unknown,unknown,-80.0,1980.0,,
839,839,Phrynosoma Platyrhinos,Rospo Cornuto Del Deserto,Desert Horned Lizard,89975571,ok,3.4,Arbusti – Temperati,suitable,unknown,unknown,-80.0,1980.0,,
840,840,Aurelia Aurita,Medusa Quadrifoglio,Moon Jellyfish,,assessment_not_found,,,unknown,unknown,unknown,,,,
841,841,Varanus Prasinus,Varano Smeraldo,Emerald Tree Monitor,101752115,ok,13.4,Lagune costiere salmastre/saline/laghi marini,suitable,unknown,resident,0.0,830.0,,
841,841,Varanus Prasinus,Varano Smeraldo,Emerald Tree Monitor,101752115,ok,1.6,Foresta – Pianura umida subtropicale/tropicale,suitable,unknown,resident,0.0,830.0,,
841,841,Varanus Prasinus,Varano Smeraldo,Emerald Tree Monitor,101752115,ok,1.5,Foresta – Subtropicale/tropicale secca,suitable,unknown,resident,0.0,830.0,,
841,841,Varanus Prasinus,Varano Smeraldo,Emerald Tree Monitor,101752115,ok,1.8,Foresta – Palude subtropicale/tropicale,suitable,unknown,resident,0.0,830.0,,
841,841,Varanus Prasinus,Varano Smeraldo,Emerald Tree Monitor,101752115,ok,14.3,Piantagioni,suitable,unknown,resident,0.0,830.0,,
841,841,Varanus Prasinus,Varano Smeraldo,Emerald Tree Monitor,101752115,ok,1.7,Foresta – Vegetazione di mangrovie subtropicale/tropicale al di sopra del livello dell'alta marea,suitable,unknown,resident,0.0,830.0,,
842,842,Physalia Physalis,Caravella Portoghese Non,Portuguese Man O' War,,assessment_not_found,,,unknown,unknown,unknown,,,,
843,843,Crotalus Atrox,Crotalo Diamantback Occidentale,Western Diamondback Rattlesnake,12763519,ok,3.5,Arbusti – Zona secca subtropicale/tropicale,suitable,unknown,unknown,,,,
843,843,Crotalus Atrox,Crotalo Diamantback Occidentale,Western Diamondback Rattlesnake,12763519,ok,6,Zone rocciose,suitable,unknown,unknown,,,,
843,843,Crotalus Atrox,Crotalo Diamantback Occidentale,Western Diamondback Rattlesnake,12763519,ok,1.4,Foresta – Temperata,marginal,unknown,unknown,,,,
843,843,Crotalus Atrox,Crotalo Diamantback Occidentale,Western Diamondback Rattlesnake,12763519,ok,4.4,Prateria – Temperata,marginal,unknown,unknown,,,,
843,843,Crotalus Atrox,Crotalo Diamantback Occidentale,Western Diamondback Rattlesnake,12763519,ok,8.2,Deserto – Temperato,suitable,unknown,unknown,,,,
843,843,Crotalus Atrox,Crotalo Diamantback Occidentale,Western Diamondback Rattlesnake,12763519,ok,8.1,Deserto – Caldo,suitable,unknown,unknown,,,,
843,843,Crotalus Atrox,Crotalo Diamantback Occidentale,Western Diamondback Rattlesnake,12763519,ok,2.1,Savana - Secca,suitable,unknown,unknown,,,,
843,843,Crotalus Atrox,Crotalo Diamantback Occidentale,Western Diamondback Rattlesnake,12763519,ok,4.5,Prateria – Subtropicale/tropicale arida,marginal,unknown,unknown,,,,
844,844,Tridacna Gigas,Tridacna Gigante,Giant Clam,119167161,ok,9.9,Erba marina sommersa,suitable,yes,resident,,,0.0,20.0
844,844,Tridacna Gigas,Tridacna Gigante,Giant Clam,119167161,ok,9.8.6,Substrato di detriti inter-barriera corallina,suitable,yes,resident,,,0.0,20.0
844,844,Tridacna Gigas,Tridacna Gigante,Giant Clam,119167161,ok,9.8.4,Laguna,suitable,yes,resident,,,0.0,20.0
844,844,Tridacna Gigas,Tridacna Gigante,Giant Clam,119167161,ok,9.8,Neritica marina – Barriera corallina,suitable,yes,resident,,,0.0,20.0
844,844,Tridacna Gigas,Tridacna Gigante,Giant Clam,119167161,ok,9.4,Neritico marino – Sabbioso subtidale,suitable,yes,resident,,,0.0,20.0
844,844,Tridacna Gigas,Tridacna Gigante,Giant Clam,119167161,ok,9.3,Neritico marino – Roccia/ciottoli/ghiaia sciolti subtidali,suitable,yes,resident,,,0.0,20.0
845,845,Agkistrodon Contortrix,Copperhead,Eastern Copperhead,12756101,ok,5.4,"Zone umide (interne) – Paludi, acquitrini, torbiere",suitable,unknown,unknown,,,,
845,845,Agkistrodon Contortrix,Copperhead,Eastern Copperhead,12756101,ok,6,Zone rocciose,suitable,unknown,unknown,,,,
845,845,Agkistrodon Contortrix,Copperhead,Eastern Copperhead,12756101,ok,1.4,Foresta – Temperata,suitable,unknown,unknown,,,,
846,846,Birgus Latro,Granchio Dei Cocchi,Coconut Crab,126813586,ok,1.6,Foresta – Pianura umida subtropicale/tropicale,suitable,yes,resident,0.0,300.0,0.0,50.0
846,846,Birgus Latro,Granchio Dei Cocchi,Coconut Crab,126813586,ok,13.1,Scogliere marine e isole rocciose al largo della costa,suitable,yes,breeding,0.0,300.0,0.0,50.0
847,847,Agkistrodon Piscivorus,Cottonmouth,Cottonmouth,12756313,ok,5.3,Zone umide (interne) – Zone umide dominate da arbusti,suitable,unknown,unknown,,,,
847,847,Agkistrodon Piscivorus,Cottonmouth,Cottonmouth,12756313,ok,15.7,"Terreni irrigati, compresi i canali di irrigazione",marginal,unknown,unknown,,,,
847,847,Agkistrodon Piscivorus,Cottonmouth,Cottonmouth,12756313,ok,15.9,Canali e fossi di drenaggio,suitable,unknown,unknown,,,,
847,847,Agkistrodon Piscivorus,Cottonmouth,Cottonmouth,12756313,ok,1.4,Foresta – Temperata,suitable,unknown,unknown,,,,
847,847,Agkistrodon Piscivorus,Cottonmouth,Cottonmouth,12756313,ok,5.9,Zone umide (interne) – Sorgenti di acqua dolce e oasi,suitable,unknown,unknown,,,,
847,847,Agkistrodon Piscivorus,Cottonmouth,Cottonmouth,12756313,ok,5.8,Zone umide (interne) – Paludi/stagni d'acqua dolce stagionali/intermittenti (inferiori a 8 ettari),suitable,unknown,unknown,,,,
847,847,Agkistrodon Piscivorus,Cottonmouth,Cottonmouth,12756313,ok,13.4,Lagune costiere salmastre/saline/laghi marini,marginal,unknown,unknown,,,,
847,847,Agkistrodon Piscivorus,Cottonmouth,Cottonmouth,12756313,ok,5.7,Zone umide (interne) – Paludi/stagni d'acqua dolce permanenti (inferiori a 8 ettari),suitable,unknown,unknown,,,,
847,847,Agkistrodon Piscivorus,Cottonmouth,Cottonmouth,12756313,ok,15.3,Stagni per l'acquacoltura,suitable,unknown,unknown,,,,
847,847,Agkistrodon Piscivorus,Cottonmouth,Cottonmouth,12756313,ok,15.2,Stagni sotto gli 8 ettari,suitable,unknown,unknown,,,,
847,847,Agkistrodon Piscivorus,Cottonmouth,Cottonmouth,12756313,ok,13.3,Dune sabbiose costiere,suitable,unknown,unknown,,,,
847,847,Agkistrodon Piscivorus,Cottonmouth,Cottonmouth,12756313,ok,15.1,Aree di stoccaggio dell'acqua oltre 8 ettari,suitable,unknown,unknown,,,,
847,847,Agkistrodon Piscivorus,Cottonmouth,Cottonmouth,12756313,ok,5.1,Zone umide (interne) – Fiumi/torrenti/cascate permanenti,suitable,unknown,unknown,,,,
847,847,Agkistrodon Piscivorus,Cottonmouth,Cottonmouth,12756313,ok,12.5,Paludi salmastre,marginal,unknown,unknown,,,,
847,847,Agkistrodon Piscivorus,Cottonmouth,Cottonmouth,12756313,ok,5.2,Zone umide (interne) – Fiumi/torrenti/canali stagionali/intermittenti/irregolari,suitable,unknown,unknown,,,,
847,847,Agkistrodon Piscivorus,Cottonmouth,Cottonmouth,12756313,ok,13.5,Laghi costieri di acqua dolce,suitable,unknown,unknown,,,,
847,847,Agkistrodon Piscivorus,Cottonmouth,Cottonmouth,12756313,ok,5.13,Zone umide (interne) – Delta interni permanenti,suitable,unknown,unknown,,,,
847,847,Agkistrodon Piscivorus,Cottonmouth,Cottonmouth,12756313,ok,5.4,"Zone umide (interne) – Paludi, acquitrini, torbiere",suitable,unknown,unknown,,,,
847,847,Agkistrodon Piscivorus,Cottonmouth,Cottonmouth,12756313,ok,3.4,Arbusti – Temperati,suitable,unknown,unknown,,,,
847,847,Agkistrodon Piscivorus,Cottonmouth,Cottonmouth,12756313,ok,5.5,Zone umide (interne) – Laghi permanenti di acqua dolce (oltre 8 ettari),suitable,unknown,unknown,,,,
847,847,Agkistrodon Piscivorus,Cottonmouth,Cottonmouth,12756313,ok,5.6,Zone umide (interne) – Laghi d'acqua dolce stagionali/intermittenti (oltre 8 ha),suitable,unknown,unknown,,,,
848,848,Micrurus Fulvius,Serpente Corallo Orientale,Eastern Coral Snake,12737582,ok,3.4,Arbusti – Temperati,suitable,unknown,unknown,,,,
848,848,Micrurus Fulvius,Serpente Corallo Orientale,Eastern Coral Snake,12737582,ok,1.4,Foresta – Temperata,suitable,unknown,unknown,,,,
849,849,Latrodectus Mactans,Femmina,Southern Black Widow,,assessment_not_found,,,unknown,unknown,unknown,,,,
850,850,Bitis Schneideri,Vipera Nano Del Namaqua,Namaqua Dwarf Adder,147708662,ok,8.3,Deserto – Freddo,suitable,unknown,unknown,1.0,300.0,,
850,850,Bitis Schneideri,Vipera Nano Del Namaqua,Namaqua Dwarf Adder,147708662,ok,3.5,Arbusti – Zona secca subtropicale/tropicale,suitable,unknown,unknown,1.0,300.0,,
851,851,Atrax Robustus,Ragno Dei Cunicoli Di Sydney,Sydney Funnel-Web Spider,,assessment_not_found,,,unknown,unknown,unknown,,,,
852,852,Echis Carinatus,Vipera Squamata,Saw-Scaled Viper,1068235,ok,3.5,Arbusti – Zona secca subtropicale/tropicale,suitable,yes,resident,0.0,2063.0,,
852,852,Echis Carinatus,Vipera Squamata,Saw-Scaled Viper,1068235,ok,6,Zone rocciose,suitable,yes,resident,0.0,2063.0,,
852,852,Echis Carinatus,Vipera Squamata,Saw-Scaled Viper,1068235,ok,1.6,Foresta – Pianura umida subtropicale/tropicale,suitable,yes,resident,0.0,2063.0,,
852,852,Echis Carinatus,Vipera Squamata,Saw-Scaled Viper,1068235,ok,1.7,Foresta – Vegetazione di mangrovie subtropicale/tropicale al di sopra del livello dell'alta marea,suitable,yes,resident,0.0,2063.0,,
852,852,Echis Carinatus,Vipera Squamata,Saw-Scaled Viper,1068235,ok,8.1,Deserto – Caldo,suitable,yes,resident,0.0,2063.0,,
852,852,Echis Carinatus,Vipera Squamata,Saw-Scaled Viper,1068235,ok,4.5,Prateria – Subtropicale/tropicale arida,suitable,yes,resident,0.0,2063.0,,
852,852,Echis Carinatus,Vipera Squamata,Saw-Scaled Viper,1068235,ok,1.9,Foresta – Subtropicale/tropicale umida montana,suitable,yes,resident,0.0,2063.0,,
853,853,Pomacea Maculata,Lumaca Mela Gigante,Island Apple Snail,,assessment_not_found,,,unknown,unknown,unknown,,,,
854,854,Dendroaspis Angusticeps,Mamba Verde Orientale,Eastern Green Mamba,13265778,ok,1.5,Foresta – Subtropicale/tropicale secca,suitable,unknown,resident,0.0,1700.0,,
854,854,Dendroaspis Angusticeps,Mamba Verde Orientale,Eastern Green Mamba,13265778,ok,3.6,Arbusti – Subtropicale/tropicale umido,suitable,unknown,resident,0.0,1700.0,,
854,854,Dendroaspis Angusticeps,Mamba Verde Orientale,Eastern Green Mamba,13265778,ok,14.5,Aree urbane,suitable,unknown,resident,0.0,1700.0,,
854,854,Dendroaspis Angusticeps,Mamba Verde Orientale,Eastern Green Mamba,13265778,ok,14.3,Piantagioni,suitable,unknown,resident,0.0,1700.0,,
854,854,Dendroaspis Angusticeps,Mamba Verde Orientale,Eastern Green Mamba,13265778,ok,14.1,Terreno arabile,suitable,unknown,resident,0.0,1700.0,,
854,854,Dendroaspis Angusticeps,Mamba Verde Orientale,Eastern Green Mamba,13265778,ok,1.6,Foresta – Pianura umida subtropicale/tropicale,suitable,unknown,resident,0.0,1700.0,,
854,854,Dendroaspis Angusticeps,Mamba Verde Orientale,Eastern Green Mamba,13265778,ok,2.1,Savana - Secca,suitable,unknown,resident,0.0,1700.0,,
855,855,Musca Domestica,Mosca Domestica,Housefly,,assessment_not_found,,,unknown,unknown,unknown,,,,
856,856,Hydrophis Platurus,Serpente Marino Pelagico,Yellow-Bellied Sea Snake,115883818,ok,10.1,Epipelagico (0–200 m),suitable,unknown,unknown,,,0.0,10.0
856,856,Hydrophis Platurus,Serpente Marino Pelagico,Yellow-Bellied Sea Snake,115883818,ok,9.1,Neritico marino – Pelagico,suitable,unknown,unknown,,,0.0,10.0
857,857,Culex Pipiens,Zanzara Comune,Common House Mosquito,,assessment_not_found,,,unknown,unknown,unknown,,,,
858,858,Morelia Spilota,Pitone Tappeto,Carpet Python,21649539,ok,3.5,Arbusti – Zona secca subtropicale/tropicale,suitable,unknown,resident,0.0,50.0,,
858,858,Morelia Spilota,Pitone Tappeto,Carpet Python,21649539,ok,14.6,Foresta subtropicale/tropicale fortemente degradata,suitable,unknown,resident,0.0,50.0,,
858,858,Morelia Spilota,Pitone Tappeto,Carpet Python,21649539,ok,4.5,Prateria – Subtropicale/tropicale arida,suitable,unknown,resident,0.0,50.0,,
858,858,Morelia Spilota,Pitone Tappeto,Carpet Python,21649539,ok,14.3,Piantagioni,suitable,unknown,resident,0.0,50.0,,
858,858,Morelia Spilota,Pitone Tappeto,Carpet Python,21649539,ok,6,Zone rocciose,suitable,unknown,resident,0.0,50.0,,
858,858,Morelia Spilota,Pitone Tappeto,Carpet Python,21649539,ok,14.5,Aree urbane,suitable,unknown,resident,0.0,50.0,,
858,858,Morelia Spilota,Pitone Tappeto,Carpet Python,21649539,ok,3.6,Arbusti – Subtropicale/tropicale umido,suitable,unknown,resident,0.0,50.0,,
858,858,Morelia Spilota,Pitone Tappeto,Carpet Python,21649539,ok,14.4,Orti rurali,suitable,unknown,resident,0.0,50.0,,
858,858,Morelia Spilota,Pitone Tappeto,Carpet Python,21649539,ok,14.1,Terreno arabile,marginal,unknown,resident,0.0,50.0,,
858,858,Morelia Spilota,Pitone Tappeto,Carpet Python,21649539,ok,1.6,Foresta – Pianura umida subtropicale/tropicale,suitable,unknown,resident,0.0,50.0,,
858,858,Morelia Spilota,Pitone Tappeto,Carpet Python,21649539,ok,14.2,Pascoli,marginal,unknown,resident,0.0,50.0,,
858,858,Morelia Spilota,Pitone Tappeto,Carpet Python,21649539,ok,2.1,Savana - Secca,suitable,unknown,resident,0.0,50.0,,
858,858,Morelia Spilota,Pitone Tappeto,Carpet Python,21649539,ok,5.2,Zone umide (interne) – Fiumi/torrenti/canali stagionali/intermittenti/irregolari,unknown,unknown,passage,0.0,50.0,,
858,858,Morelia Spilota,Pitone Tappeto,Carpet Python,21649539,ok,15.9,Canali e fossi di drenaggio,unknown,unknown,passage,0.0,50.0,,
858,858,Morelia Spilota,Pitone Tappeto,Carpet Python,21649539,ok,15.7,"Terreni irrigati, compresi i canali di irrigazione",marginal,unknown,resident,0.0,50.0,,
858,858,Morelia Spilota,Pitone Tappeto,Carpet Python,21649539,ok,15.2,Stagni sotto gli 8 ettari,unknown,unknown,passage,0.0,50.0,,
858,858,Morelia Spilota,Pitone Tappeto,Carpet Python,21649539,ok,2.2,Savana - Umida,suitable,unknown,resident,0.0,50.0,,
858,858,Morelia Spilota,Pitone Tappeto,Carpet Python,21649539,ok,1.8,Foresta – Palude subtropicale/tropicale,suitable,unknown,resident,0.0,50.0,,
858,858,Morelia Spilota,Pitone Tappeto,Carpet Python,21649539,ok,1.5,Foresta – Subtropicale/tropicale secca,suitable,unknown,resident,0.0,50.0,,
859,859,Blattella Germanica,Blatta Germanica,German Cockroach,,assessment_not_found,,,unknown,unknown,unknown,,,,
860,860,Boa Constrictor,Boa Constrictor,Boa Constrictor,2486405,ok,12.2,"Coste sabbiose e/o spiagge, banchi di sabbia, lingue di sabbia",suitable,unknown,resident,0.0,2000.0,,
860,860,Boa Constrictor,Boa Constrictor,Boa Constrictor,2486405,ok,14.3,Piantagioni,suitable,unknown,resident,0.0,2000.0,,
860,860,Boa Constrictor,Boa Constrictor,Boa Constrictor,2486405,ok,14.2,Pascoli,suitable,unknown,resident,0.0,2000.0,,
860,860,Boa Constrictor,Boa Constrictor,Boa Constrictor,2486405,ok,14.1,Terreno arabile,suitable,unknown,resident,0.0,2000.0,,
860,860,Boa Constrictor,Boa Constrictor,Boa Constrictor,2486405,ok,14.6,Foresta subtropicale/tropicale fortemente degradata,suitable,unknown,resident,0.0,2000.0,,
860,860,Boa Constrictor,Boa Constrictor,Boa Constrictor,2486405,ok,14.4,Orti rurali,suitable,unknown,resident,0.0,2000.0,,
860,860,Boa Constrictor,Boa Constrictor,Boa Constrictor,2486405,ok,1.5,Foresta – Subtropicale/tropicale secca,suitable,unknown,resident,0.0,2000.0,,
860,860,Boa Constrictor,Boa Constrictor,Boa Constrictor,2486405,ok,1.6,Foresta – Pianura umida subtropicale/tropicale,suitable,unknown,resident,0.0,2000.0,,
860,860,Boa Constrictor,Boa Constrictor,Boa Constrictor,2486405,ok,1.7,Foresta – Vegetazione di mangrovie subtropicale/tropicale al di sopra del livello dell'alta marea,suitable,unknown,resident,0.0,2000.0,,
860,860,Boa Constrictor,Boa Constrictor,Boa Constrictor,2486405,ok,2.2,Savana - Umida,suitable,unknown,resident,0.0,2000.0,,
860,860,Boa Constrictor,Boa Constrictor,Boa Constrictor,2486405,ok,1.9,Foresta – Subtropicale/tropicale umida montana,suitable,unknown,resident,0.0,2000.0,,
861,861,Gryllus Bimaculatus,Grillo Bimaculato,Two-Spotted Cricket,74519241,ok,4.4,Prateria – Temperata,suitable,no,resident,,,,
861,861,Gryllus Bimaculatus,Grillo Bimaculato,Two-Spotted Cricket,74519241,ok,14.5,Aree urbane,suitable,yes,resident,,,,
861,861,Gryllus Bimaculatus,Grillo Bimaculato,Two-Spotted Cricket,74519241,ok,14.2,Pascoli,suitable,no,resident,,,,
862,862,Lepidochelys Kempii,Ridley Di Kemp,Kemp'S Ridley Sea Turtle,155057916,ok,10.1,Epipelagico (0–200 m),suitable,yes,resident,,,,
862,862,Lepidochelys Kempii,Ridley Di Kemp,Kemp'S Ridley Sea Turtle,155057916,ok,9.10,Estuari,suitable,yes,resident,,,,
862,862,Lepidochelys Kempii,Ridley Di Kemp,Kemp'S Ridley Sea Turtle,155057916,ok,9.1,Neritico marino – Pelagico,suitable,yes,resident,,,,
862,862,Lepidochelys Kempii,Ridley Di Kemp,Kemp'S Ridley Sea Turtle,155057916,ok,13.3,Dune sabbiose costiere,suitable,yes,breeding,,,,
863,863,Lepisma Saccharinum,Pesciolino D'Argento,Silverfish,,assessment_not_found,,,unknown,unknown,unknown,,,,
864,864,Chelydra Serpentina,Tartaruga Azzannatrice,Common Snapping Turtle,251347989,ok,5.9,Zone umide (interne) – Sorgenti di acqua dolce e oasi,unknown,unknown,unknown,0.0,2000.0,,
864,864,Chelydra Serpentina,Tartaruga Azzannatrice,Common Snapping Turtle,251347989,ok,5.4,"Zone umide (interne) – Paludi, acquitrini, torbiere",unknown,unknown,unknown,0.0,2000.0,,
864,864,Chelydra Serpentina,Tartaruga Azzannatrice,Common Snapping Turtle,251347989,ok,5.5,Zone umide (interne) – Laghi permanenti di acqua dolce (oltre 8 ettari),unknown,unknown,unknown,0.0,2000.0,,
864,864,Chelydra Serpentina,Tartaruga Azzannatrice,Common Snapping Turtle,251347989,ok,5.8,Zone umide (interne) – Paludi/stagni d'acqua dolce stagionali/intermittenti (inferiori a 8 ettari),unknown,unknown,unknown,0.0,2000.0,,
864,864,Chelydra Serpentina,Tartaruga Azzannatrice,Common Snapping Turtle,251347989,ok,14.4,Orti rurali,unknown,unknown,unknown,0.0,2000.0,,
864,864,Chelydra Serpentina,Tartaruga Azzannatrice,Common Snapping Turtle,251347989,ok,14.5,Aree urbane,unknown,unknown,unknown,0.0,2000.0,,
864,864,Chelydra Serpentina,Tartaruga Azzannatrice,Common Snapping Turtle,251347989,ok,1.1,Foresta boreale,unknown,unknown,unknown,0.0,2000.0,,
864,864,Chelydra Serpentina,Tartaruga Azzannatrice,Common Snapping Turtle,251347989,ok,4.4,Prateria – Temperata,unknown,unknown,unknown,0.0,2000.0,,
864,864,Chelydra Serpentina,Tartaruga Azzannatrice,Common Snapping Turtle,251347989,ok,1.4,Foresta – Temperata,unknown,unknown,unknown,0.0,2000.0,,
864,864,Chelydra Serpentina,Tartaruga Azzannatrice,Common Snapping Turtle,251347989,ok,13.4,Lagune costiere salmastre/saline/laghi marini,unknown,unknown,unknown,0.0,2000.0,,
864,864,Chelydra Serpentina,Tartaruga Azzannatrice,Common Snapping Turtle,251347989,ok,13.5,Laghi costieri di acqua dolce,unknown,unknown,unknown,0.0,2000.0,,
864,864,Chelydra Serpentina,Tartaruga Azzannatrice,Common Snapping Turtle,251347989,ok,15.1,Aree di stoccaggio dell'acqua oltre 8 ettari,unknown,unknown,unknown,0.0,2000.0,,
864,864,Chelydra Serpentina,Tartaruga Azzannatrice,Common Snapping Turtle,251347989,ok,15.2,Stagni sotto gli 8 ettari,unknown,unknown,unknown,0.0,2000.0,,
864,864,Chelydra Serpentina,Tartaruga Azzannatrice,Common Snapping Turtle,251347989,ok,15.6,Aree di trattamento delle acque reflue,unknown,unknown,unknown,0.0,2000.0,,
864,864,Chelydra Serpentina,Tartaruga Azzannatrice,Common Snapping Turtle,251347989,ok,15.9,Canali e fossi di drenaggio,unknown,unknown,unknown,0.0,2000.0,,
864,864,Chelydra Serpentina,Tartaruga Azzannatrice,Common Snapping Turtle,251347989,ok,5.1,Zone umide (interne) – Fiumi/torrenti/cascate permanenti,unknown,unknown,unknown,0.0,2000.0,,
864,864,Chelydra Serpentina,Tartaruga Azzannatrice,Common Snapping Turtle,251347989,ok,5.2,Zone umide (interne) – Fiumi/torrenti/canali stagionali/intermittenti/irregolari,unknown,unknown,unknown,0.0,2000.0,,
864,864,Chelydra Serpentina,Tartaruga Azzannatrice,Common Snapping Turtle,251347989,ok,5.3,Zone umide (interne) – Zone umide dominate da arbusti,unknown,unknown,unknown,0.0,2000.0,,
864,864,Chelydra Serpentina,Tartaruga Azzannatrice,Common Snapping Turtle,251347989,ok,5.6,Zone umide (interne) – Laghi d'acqua dolce stagionali/intermittenti (oltre 8 ha),unknown,unknown,unknown,0.0,2000.0,,
864,864,Chelydra Serpentina,Tartaruga Azzannatrice,Common Snapping Turtle,251347989,ok,5.7,Zone umide (interne) – Paludi/stagni d'acqua dolce permanenti (inferiori a 8 ettari),unknown,unknown,unknown,0.0,2000.0,,
865,865,Vespula Germanica,Vespa Germanica,German Wasp,,assessment_not_found,,,unknown,unknown,unknown,,,,
866,866,Terrapene Carolina,Tartaruga Della Carolina,Common Box Turtle,97428179,ok,1.6,Foresta – Pianura umida subtropicale/tropicale,suitable,unknown,unknown,,,,
866,866,Terrapene Carolina,Tartaruga Della Carolina,Common Box Turtle,97428179,ok,1.4,Foresta – Temperata,suitable,unknown,unknown,,,,
866,866,Terrapene Carolina,Tartaruga Della Carolina,Common Box Turtle,97428179,ok,5.4,"Zone umide (interne) – Paludi, acquitrini, torbiere",suitable,unknown,unknown,,,,
866,866,Terrapene Carolina,Tartaruga Della Carolina,Common Box Turtle,97428179,ok,5.3,Zone umide (interne) – Zone umide dominate da arbusti,suitable,unknown,unknown,,,,
866,866,Terrapene Carolina,Tartaruga Della Carolina,Common Box Turtle,97428179,ok,3.6,Arbusti – Subtropicale/tropicale umido,suitable,unknown,unknown,,,,
866,866,Terrapene Carolina,Tartaruga Della Carolina,Common Box Turtle,97428179,ok,3.4,Arbusti – Temperati,suitable,unknown,unknown,,,,
866,866,Terrapene Carolina,Tartaruga Della Carolina,Common Box Turtle,97428179,ok,14.6,Foresta subtropicale/tropicale fortemente degradata,marginal,unknown,unknown,,,,
866,866,Terrapene Carolina,Tartaruga Della Carolina,Common Box Turtle,97428179,ok,14.4,Orti rurali,marginal,unknown,unknown,,,,
866,866,Terrapene Carolina,Tartaruga Della Carolina,Common Box Turtle,97428179,ok,14.2,Pascoli,marginal,unknown,unknown,,,,
867,867,Cimex Lectularius,Cimice Dei Letti,Bed Bug,,assessment_not_found,,,unknown,unknown,unknown,,,,
868,868,Gopherus Agassizii,Tartaruga Del Deserto Di Agassiz,Agassiz'S Desert Tortoise,3150871,ok,3.4,Arbusti – Temperati,suitable,yes,unknown,,1570.0,,
869,869,Drosophila Melanogaster,Moscerino Della Frutta,Common Fruit Fly,,assessment_not_found,,,unknown,unknown,unknown,,,,
870,870,Geochelone Elegans,Tartaruga Stellata Indiana,Indian Star Tortoise,123815345,ok,14.2,Pascoli,suitable,unknown,unknown,100.0,900.0,,
870,870,Geochelone Elegans,Tartaruga Stellata Indiana,Indian Star Tortoise,123815345,ok,4.5,Prateria – Subtropicale/tropicale arida,suitable,unknown,unknown,100.0,900.0,,
870,870,Geochelone Elegans,Tartaruga Stellata Indiana,Indian Star Tortoise,123815345,ok,14.4,Orti rurali,unknown,unknown,unknown,100.0,900.0,,
870,870,Geochelone Elegans,Tartaruga Stellata Indiana,Indian Star Tortoise,123815345,ok,14.6,Foresta subtropicale/tropicale fortemente degradata,marginal,unknown,unknown,100.0,900.0,,
870,870,Geochelone Elegans,Tartaruga Stellata Indiana,Indian Star Tortoise,123815345,ok,1.5,Foresta – Subtropicale/tropicale secca,marginal,unknown,unknown,100.0,900.0,,
870,870,Geochelone Elegans,Tartaruga Stellata Indiana,Indian Star Tortoise,123815345,ok,3.5,Arbusti – Zona secca subtropicale/tropicale,suitable,unknown,unknown,100.0,900.0,,
871,871,Tineola Bisselliella,Tarma Dei Vestiti,Common Clothes Moth,,assessment_not_found,,,unknown,unknown,unknown,,,,
872,872,Salamandra Atra,Salamandra Nera Alpina,Alpine Salamander,227233771,ok,14.2,Pascoli,suitable,yes,resident,400.0,2800.0,,
872,872,Salamandra Atra,Salamandra Nera Alpina,Alpine Salamander,227233771,ok,4.4,Prateria – Temperata,suitable,yes,resident,400.0,2800.0,,
872,872,Salamandra Atra,Salamandra Nera Alpina,Alpine Salamander,227233771,ok,1.4,Foresta – Temperata,suitable,yes,resident,400.0,2800.0,,
873,873,Harmonia Axyridis,Coccinella Asiatica,Harlequin Ladybird,,assessment_not_found,,,unknown,unknown,unknown,,,,
874,874,Triturus Marmoratus,Tritone Marmorizzato,Marbled Newt,270778119,ok,14.2,Pascoli,suitable,unknown,resident,0.0,2100.0,,
874,874,Triturus Marmoratus,Tritone Marmorizzato,Marbled Newt,270778119,ok,14.1,Terreno arabile,suitable,unknown,resident,0.0,2100.0,,
874,874,Triturus Marmoratus,Tritone Marmorizzato,Marbled Newt,270778119,ok,14.5,Aree urbane,marginal,unknown,resident,0.0,2100.0,,
874,874,Triturus Marmoratus,Tritone Marmorizzato,Marbled Newt,270778119,ok,15.2,Stagni sotto gli 8 ettari,suitable,unknown,resident,0.0,2100.0,,
874,874,Triturus Marmoratus,Tritone Marmorizzato,Marbled Newt,270778119,ok,15.9,Canali e fossi di drenaggio,suitable,unknown,resident,0.0,2100.0,,
874,874,Triturus Marmoratus,Tritone Marmorizzato,Marbled Newt,270778119,ok,3.4,Arbusti – Temperati,suitable,unknown,resident,0.0,2100.0,,
874,874,Triturus Marmoratus,Tritone Marmorizzato,Marbled Newt,270778119,ok,4.4,Prateria – Temperata,suitable,unknown,resident,0.0,2100.0,,
874,874,Triturus Marmoratus,Tritone Marmorizzato,Marbled Newt,270778119,ok,5.1,Zone umide (interne) – Fiumi/torrenti/cascate permanenti,suitable,unknown,resident,0.0,2100.0,,
874,874,Triturus Marmoratus,Tritone Marmorizzato,Marbled Newt,270778119,ok,5.7,Zone umide (interne) – Paludi/stagni d'acqua dolce permanenti (inferiori a 8 ettari),suitable,unknown,resident,0.0,2100.0,,
874,874,Triturus Marmoratus,Tritone Marmorizzato,Marbled Newt,270778119,ok,5.8,Zone umide (interne) – Paludi/stagni d'acqua dolce stagionali/intermittenti (inferiori a 8 ettari),suitable,unknown,resident,0.0,2100.0,,
874,874,Triturus Marmoratus,Tritone Marmorizzato,Marbled Newt,270778119,ok,5.2,Zone umide (interne) – Fiumi/torrenti/canali stagionali/intermittenti/irregolari,suitable,unknown,resident,0.0,2100.0,,
874,874,Triturus Marmoratus,Tritone Marmorizzato,Marbled Newt,270778119,ok,1.4,Foresta – Temperata,suitable,unknown,resident,0.0,2100.0,,
874,874,Triturus Marmoratus,Tritone Marmorizzato,Marbled Newt,270778119,ok,5.5,Zone umide (interne) – Laghi permanenti di acqua dolce (oltre 8 ettari),suitable,unknown,resident,0.0,2100.0,,
874,874,Triturus Marmoratus,Tritone Marmorizzato,Marbled Newt,270778119,ok,5.6,Zone umide (interne) – Laghi d'acqua dolce stagionali/intermittenti (oltre 8 ha),suitable,unknown,resident,0.0,2100.0,,
875,875,Lasius Niger,Formica Nera Del Giardino,Black Garden Ant,,assessment_not_found,,,unknown,unknown,unknown,,,,
876,876,Ambystoma Tigrinum,Salamandra Tigre,Tiger Salamander,196342827,ok,15.5,Scavi a cielo aperto,suitable,no,resident,0.0,3660.0,,
876,876,Ambystoma Tigrinum,Salamandra Tigre,Tiger Salamander,196342827,ok,4.4,Prateria – Temperata,suitable,yes,resident,0.0,3660.0,,
876,876,Ambystoma Tigrinum,Salamandra Tigre,Tiger Salamander,196342827,ok,3.4,Arbusti – Temperati,suitable,yes,resident,0.0,3660.0,,
876,876,Ambystoma Tigrinum,Salamandra Tigre,Tiger Salamander,196342827,ok,5.8,Zone umide (interne) – Paludi/stagni d'acqua dolce stagionali/intermittenti (inferiori a 8 ettari),suitable,yes,resident,0.0,3660.0,,
876,876,Ambystoma Tigrinum,Salamandra Tigre,Tiger Salamander,196342827,ok,5.5,Zone umide (interne) – Laghi permanenti di acqua dolce (oltre 8 ettari),suitable,yes,resident,0.0,3660.0,,
876,876,Ambystoma Tigrinum,Salamandra Tigre,Tiger Salamander,196342827,ok,5.2,Zone umide (interne) – Fiumi/torrenti/canali stagionali/intermittenti/irregolari,marginal,unknown,resident,0.0,3660.0,,
876,876,Ambystoma Tigrinum,Salamandra Tigre,Tiger Salamander,196342827,ok,14.2,Pascoli,suitable,no,resident,0.0,3660.0,,
876,876,Ambystoma Tigrinum,Salamandra Tigre,Tiger Salamander,196342827,ok,5.4,"Zone umide (interne) – Paludi, acquitrini, torbiere",suitable,yes,resident,0.0,3660.0,,
876,876,Ambystoma Tigrinum,Salamandra Tigre,Tiger Salamander,196342827,ok,5.9,Zone umide (interne) – Sorgenti di acqua dolce e oasi,suitable,yes,resident,0.0,3660.0,,
876,876,Ambystoma Tigrinum,Salamandra Tigre,Tiger Salamander,196342827,ok,1.4,Foresta – Temperata,suitable,yes,resident,0.0,3660.0,,
876,876,Ambystoma Tigrinum,Salamandra Tigre,Tiger Salamander,196342827,ok,8.2,Deserto – Temperato,suitable,yes,resident,0.0,3660.0,,
876,876,Ambystoma Tigrinum,Salamandra Tigre,Tiger Salamander,196342827,ok,15.7,"Terreni irrigati, compresi i canali di irrigazione",suitable,no,resident,0.0,3660.0,,
876,876,Ambystoma Tigrinum,Salamandra Tigre,Tiger Salamander,196342827,ok,5.7,Zone umide (interne) – Paludi/stagni d'acqua dolce permanenti (inferiori a 8 ettari),suitable,yes,resident,0.0,3660.0,,
876,876,Ambystoma Tigrinum,Salamandra Tigre,Tiger Salamander,196342827,ok,5.6,Zone umide (interne) – Laghi d'acqua dolce stagionali/intermittenti (oltre 8 ha),suitable,yes,resident,0.0,3660.0,,
876,876,Ambystoma Tigrinum,Salamandra Tigre,Tiger Salamander,196342827,ok,15.6,Aree di trattamento delle acque reflue,suitable,no,resident,0.0,3660.0,,
877,877,Forficula Auricularia,Forbicina,Common Earwig,,assessment_not_found,,,unknown,unknown,unknown,,,,
878,878,Epipedobates Tricolor,Rana Velenosa Tricolore,Phantasmal Poison Frog,98647137,ok,1.9,Foresta – Subtropicale/tropicale umida montana,suitable,yes,resident,600.0,1770.0,,
878,878,Epipedobates Tricolor,Rana Velenosa Tricolore,Phantasmal Poison Frog,98647137,ok,5.1,Zone umide (interne) – Fiumi/torrenti/cascate permanenti,suitable,yes,resident,600.0,1770.0,,
879,879,Pholcus Phalangioides,Ragno Di Cantina,Long-Bodied Cellar Spider,,assessment_not_found,,,unknown,unknown,unknown,,,,
880,880,Steatoda Grossa,Falsa Vedova Grossa,False Widow Spider,,assessment_not_found,,,unknown,unknown,unknown,,,,
881,881,Octopus Vulgaris,Polpo Comune,Common Octopus,918906,ok,9.4,Neritico marino – Sabbioso subtidale,suitable,unknown,resident,,,0.0,200.0
881,881,Octopus Vulgaris,Polpo Comune,Common Octopus,918906,ok,9.5,Neritico marino – Fango sabbioso subtidale,suitable,unknown,resident,,,0.0,200.0
881,881,Octopus Vulgaris,Polpo Comune,Common Octopus,918906,ok,9.6,Neritico marino – Subtidale fangoso,suitable,unknown,resident,,,0.0,200.0
881,881,Octopus Vulgaris,Polpo Comune,Common Octopus,918906,ok,9.3,Neritico marino – Roccia/ciottoli/ghiaia sciolti subtidali,suitable,unknown,resident,,,0.0,200.0
881,881,Octopus Vulgaris,Polpo Comune,Common Octopus,918906,ok,9.7,Neritico marino – Macroalghe/alghe,suitable,unknown,resident,,,0.0,200.0
881,881,Octopus Vulgaris,Polpo Comune,Common Octopus,918906,ok,9.2,Neritica marina – Rocce e scogliere rocciose subtidali,suitable,unknown,resident,,,0.0,200.0
882,882,Sepia Officinalis,Seppia Comune,Common Cuttlefish,939991,ok,9.4,Neritico marino – Sabbioso subtidale,suitable,unknown,unknown,,,,200.0
882,882,Sepia Officinalis,Seppia Comune,Common Cuttlefish,939991,ok,9.5,Neritico marino – Fango sabbioso subtidale,suitable,unknown,unknown,,,,200.0
882,882,Sepia Officinalis,Seppia Comune,Common Cuttlefish,939991,ok,9.6,Neritico marino – Subtidale fangoso,suitable,unknown,unknown,,,,200.0
882,882,Sepia Officinalis,Seppia Comune,Common Cuttlefish,939991,ok,9.3,Neritico marino – Roccia/ciottoli/ghiaia sciolti subtidali,suitable,unknown,unknown,,,,200.0
883,883,Nautilus Pompilius,Nautilo,Chambered Nautilus,,assessment_not_found,,,unknown,unknown,unknown,,,,
884,884,Asterias Rubens,Stella Marina Comune,Common Starfish,,assessment_not_found,,,unknown,unknown,unknown,,,,
885,885,Strongylocentrotus Purpuratus,Riccio Di Mare Viola,Purple Sea Urchin,,assessment_not_found,,,unknown,unknown,unknown,,,,
886,886,Hippocampus Bargibanti,Cavalluccio Marino Pigmeo,Bargibant'S Pygmy Seahorse,250508253,ok,9.8,Neritica marina – Barriera corallina,suitable,yes,resident,,,4.0,40.0
887,887,Holothuria Edulis,Cetriolo Di Mare Commestibile,Edible Sea Cucumber,1625901,ok,9.4,Neritico marino – Sabbioso subtidale,suitable,unknown,unknown,,,0.0,45.0
887,887,Holothuria Edulis,Cetriolo Di Mare Commestibile,Edible Sea Cucumber,1625901,ok,9.5,Neritico marino – Fango sabbioso subtidale,suitable,unknown,unknown,,,0.0,45.0
887,887,Holothuria Edulis,Cetriolo Di Mare Commestibile,Edible Sea Cucumber,1625901,ok,9.8.2,Pendio posteriore,suitable,unknown,unknown,,,0.0,45.0
887,887,Holothuria Edulis,Cetriolo Di Mare Commestibile,Edible Sea Cucumber,1625901,ok,9.8.3,Pendio esterno,suitable,unknown,unknown,,,0.0,45.0
887,887,Holothuria Edulis,Cetriolo Di Mare Commestibile,Edible Sea Cucumber,1625901,ok,9.8.4,Laguna,suitable,unknown,unknown,,,0.0,45.0
887,887,Holothuria Edulis,Cetriolo Di Mare Commestibile,Edible Sea Cucumber,1625901,ok,9.9,Erba marina sommersa,suitable,unknown,unknown,,,0.0,45.0
887,887,Holothuria Edulis,Cetriolo Di Mare Commestibile,Edible Sea Cucumber,1625901,ok,9.8,Neritica marina – Barriera corallina,suitable,unknown,unknown,,,0.0,45.0
888,888,Latrodectus Hasselti,Vedova Rossa Australiana,Redback Spider,,assessment_not_found,,,unknown,unknown,unknown,,,,
889,889,Chrysaora Quinquecirrha,Ortica Di Mare Atlantica,Atlantic Sea Nettle,,assessment_not_found,,,unknown,unknown,unknown,,,,
890,890,Loxosceles Reclusa,Ragno Violino,Brown Recluse Spider,,assessment_not_found,,,unknown,unknown,unknown,,,,
891,891,Actinia Equina,Pomodoro Di Mare,Beadlet Anemone,51216645,ok,12.1,Costa rocciosa,suitable,yes,resident,,,0.0,20.0
891,891,Actinia Equina,Pomodoro Di Mare,Beadlet Anemone,51216645,ok,9.2,Neritica marina – Rocce e scogliere rocciose subtidali,suitable,yes,resident,,,0.0,20.0
892,892,Phoneutria Nigriventer,Ragno Delle Banane Brasiliano,Brazilian Wandering Spider,,assessment_not_found,,,unknown,unknown,unknown,,,,
893,893,Diploria Labyrinthiformis,Corallo Cervello Scanalato,Grooved Brain Coral,165799250,ok,9.2,Neritica marina – Rocce e scogliere rocciose subtidali,suitable,yes,resident,,,1.0,43.0
893,893,Diploria Labyrinthiformis,Corallo Cervello Scanalato,Grooved Brain Coral,165799250,ok,9.3,Neritico marino – Roccia/ciottoli/ghiaia sciolti subtidali,marginal,unknown,resident,,,1.0,43.0
893,893,Diploria Labyrinthiformis,Corallo Cervello Scanalato,Grooved Brain Coral,165799250,ok,9.8,Neritica marina – Barriera corallina,suitable,yes,resident,,,1.0,43.0
894,894,Heterometrus Spinifer,Scorpione Gigante Asiatico,Asian Forest Scorpion,,assessment_not_found,,,unknown,unknown,unknown,,,,
895,895,Homarus Americanus,Aragosta Americana,American Lobster,6705155,ok,9.4,Neritico marino – Sabbioso subtidale,suitable,unknown,unknown,,,1.0,700.0
895,895,Homarus Americanus,Aragosta Americana,American Lobster,6705155,ok,9.5,Neritico marino – Fango sabbioso subtidale,suitable,unknown,unknown,,,1.0,700.0
895,895,Homarus Americanus,Aragosta Americana,American Lobster,6705155,ok,9.3,Neritico marino – Roccia/ciottoli/ghiaia sciolti subtidali,suitable,unknown,unknown,,,1.0,700.0
895,895,Homarus Americanus,Aragosta Americana,American Lobster,6705155,ok,9.6,Neritico marino – Subtidale fangoso,suitable,unknown,unknown,,,1.0,700.0
895,895,Homarus Americanus,Aragosta Americana,American Lobster,6705155,ok,9.7,Neritico marino – Macroalghe/alghe,suitable,unknown,unknown,,,1.0,700.0
895,895,Homarus Americanus,Aragosta Americana,American Lobster,6705155,ok,9.2,Neritica marina – Rocce e scogliere rocciose subtidali,suitable,unknown,unknown,,,1.0,700.0
895,895,Homarus Americanus,Aragosta Americana,American Lobster,6705155,ok,10.1,Epipelagico (0–200 m),suitable,unknown,unknown,,,1.0,700.0
895,895,Homarus Americanus,Aragosta Americana,American Lobster,6705155,ok,9.9,Erba marina sommersa,suitable,unknown,unknown,,,1.0,700.0
895,895,Homarus Americanus,Aragosta Americana,American Lobster,6705155,ok,10.2,Mesopelagico (200–1.000 m),suitable,unknown,unknown,,,1.0,700.0
896,896,Attacus Atlas,Falena Atlas,Atlas Moth,,assessment_not_found,,,unknown,unknown,unknown,,,,
897,897,Actias Luna,Falena Luna,Luna Moth,,assessment_not_found,,,unknown,unknown,unknown,,,,
898,898,Paraponera Clavata,Formica Proiettile,Bullet Ant,,assessment_not_found,,,unknown,unknown,unknown,,,,
899,899,Chrysochloris Asiatica,Talpa Dorata Del Capo,Cape Golden Mole,21288387,ok,3.8,Arbusti – Vegetazione arbustiva di tipo mediterraneo,suitable,yes,resident,,,,
899,899,Chrysochloris Asiatica,Talpa Dorata Del Capo,Cape Golden Mole,21288387,ok,14.1,Terreno arabile,marginal,unknown,resident,,,,
899,899,Chrysochloris Asiatica,Talpa Dorata Del Capo,Cape Golden Mole,21288387,ok,1.6,Foresta – Pianura umida subtropicale/tropicale,suitable,yes,resident,,,,
899,899,Chrysochloris Asiatica,Talpa Dorata Del Capo,Cape Golden Mole,21288387,ok,3.5,Arbusti – Zona secca subtropicale/tropicale,suitable,yes,resident,,,,
899,899,Chrysochloris Asiatica,Talpa Dorata Del Capo,Cape Golden Mole,21288387,ok,3.4,Arbusti – Temperati,marginal,unknown,resident,,,,
899,899,Chrysochloris Asiatica,Talpa Dorata Del Capo,Cape Golden Mole,21288387,ok,4.4,Prateria – Temperata,suitable,no,resident,,,,
899,899,Chrysochloris Asiatica,Talpa Dorata Del Capo,Cape Golden Mole,21288387,ok,14.2,Pascoli,suitable,no,resident,,,,
899,899,Chrysochloris Asiatica,Talpa Dorata Del Capo,Cape Golden Mole,21288387,ok,14.3,Piantagioni,marginal,unknown,resident,,,,
899,899,Chrysochloris Asiatica,Talpa Dorata Del Capo,Cape Golden Mole,21288387,ok,14.4,Orti rurali,suitable,no,resident,,,,
899,899,Chrysochloris Asiatica,Talpa Dorata Del Capo,Cape Golden Mole,21288387,ok,1.9,Foresta – Subtropicale/tropicale umida montana,suitable,yes,resident,,,,
899,899,Chrysochloris Asiatica,Talpa Dorata Del Capo,Cape Golden Mole,21288387,ok,3.7,Arbusti – Zone subtropicali/tropicali di alta quota,marginal,unknown,resident,,,,
899,899,Chrysochloris Asiatica,Talpa Dorata Del Capo,Cape Golden Mole,21288387,ok,14.5,Aree urbane,suitable,no,resident,,,,
899,899,Chrysochloris Asiatica,Talpa Dorata Del Capo,Cape Golden Mole,21288387,ok,3.6,Arbusti – Subtropicale/tropicale umido,suitable,yes,resident,,,,
900,900,Pteropus Poliocephalus,Pipistrello Della Frutta Dalla Testa Grigia,Grey-Headed Flying Fox,22085511,ok,14.3,Piantagioni,marginal,unknown,unknown,0.0,800.0,,
900,900,Pteropus Poliocephalus,Pipistrello Della Frutta Dalla Testa Grigia,Grey-Headed Flying Fox,22085511,ok,1.7,Foresta – Vegetazione di mangrovie subtropicale/tropicale al di sopra del livello dell'alta marea,suitable,unknown,unknown,0.0,800.0,,
900,900,Pteropus Poliocephalus,Pipistrello Della Frutta Dalla Testa Grigia,Grey-Headed Flying Fox,22085511,ok,14.4,Orti rurali,suitable,no,unknown,0.0,800.0,,
900,900,Pteropus Poliocephalus,Pipistrello Della Frutta Dalla Testa Grigia,Grey-Headed Flying Fox,22085511,ok,14.5,Aree urbane,suitable,no,unknown,0.0,800.0,,
900,900,Pteropus Poliocephalus,Pipistrello Della Frutta Dalla Testa Grigia,Grey-Headed Flying Fox,22085511,ok,1.4,Foresta – Temperata,suitable,yes,unknown,0.0,800.0,,
900,900,Pteropus Poliocephalus,Pipistrello Della Frutta Dalla Testa Grigia,Grey-Headed Flying Fox,22085511,ok,1.6,Foresta – Pianura umida subtropicale/tropicale,suitable,yes,unknown,0.0,800.0,,
900,900,Pteropus Poliocephalus,Pipistrello Della Frutta Dalla Testa Grigia,Grey-Headed Flying Fox,22085511,ok,1.8,Foresta – Palude subtropicale/tropicale,suitable,yes,unknown,0.0,800.0,,
900,900,Pteropus Poliocephalus,Pipistrello Della Frutta Dalla Testa Grigia,Grey-Headed Flying Fox,22085511,ok,14.6,Foresta subtropicale/tropicale fortemente degradata,marginal,unknown,unknown,0.0,800.0,,
900,900,Pteropus Poliocephalus,Pipistrello Della Frutta Dalla Testa Grigia,Grey-Headed Flying Fox,22085511,ok,16,Vegetazione introdotta,marginal,unknown,unknown,0.0,800.0,,
900,900,Pteropus Poliocephalus,Pipistrello Della Frutta Dalla Testa Grigia,Grey-Headed Flying Fox,22085511,ok,7.1,Grotte e habitat sotterranei (non acquatici) – Grotte,marginal,unknown,unknown,0.0,800.0,,
900,900,Pteropus Poliocephalus,Pipistrello Della Frutta Dalla Testa Grigia,Grey-Headed Flying Fox,22085511,ok,1.5,Foresta – Subtropicale/tropicale secca,suitable,unknown,unknown,0.0,800.0,,
900,900,Pteropus Poliocephalus,Pipistrello Della Frutta Dalla Testa Grigia,Grey-Headed Flying Fox,22085511,ok,1.9,Foresta – Subtropicale/tropicale umida montana,suitable,no,unknown,0.0,800.0,,
900,900,Pteropus Poliocephalus,Pipistrello Della Frutta Dalla Testa Grigia,Grey-Headed Flying Fox,22085511,ok,14.2,Pascoli,suitable,yes,unknown,0.0,800.0,,
901,901,Pentalagus Furnessi,Coniglio Di Amami,Amami Rabbit,45180151,ok,12.1,Costa rocciosa,marginal,unknown,unknown,0.0,694.0,,
901,901,Pentalagus Furnessi,Coniglio Di Amami,Amami Rabbit,45180151,ok,1.9,Foresta – Subtropicale/tropicale umida montana,suitable,unknown,unknown,0.0,694.0,,
901,901,Pentalagus Furnessi,Coniglio Di Amami,Amami Rabbit,45180151,ok,3.6,Arbusti – Subtropicale/tropicale umido,suitable,unknown,unknown,0.0,694.0,,
901,901,Pentalagus Furnessi,Coniglio Di Amami,Amami Rabbit,45180151,ok,1.6,Foresta – Pianura umida subtropicale/tropicale,suitable,unknown,unknown,0.0,694.0,,
902,902,Lanthanotus Borneensis,Varano Senza Orecchie Del Borneo,Borneo Earless Monitor,102342580,ok,1.6,Foresta – Pianura umida subtropicale/tropicale,suitable,yes,resident,,,,
902,902,Lanthanotus Borneensis,Varano Senza Orecchie Del Borneo,Borneo Earless Monitor,102342580,ok,5.2,Zone umide (interne) – Fiumi/torrenti/canali stagionali/intermittenti/irregolari,suitable,yes,resident,,,,
903,903,Abudefduf Saxatilis,Sergente Maggiore,Sergeant Major,1896808,ok,9.8.1,Canale esterno della barriera corallina,suitable,yes,resident,,,0.0,40.0
903,903,Abudefduf Saxatilis,Sergente Maggiore,Sergeant Major,1896808,ok,9.8.2,Pendio posteriore,suitable,yes,resident,,,0.0,40.0
903,903,Abudefduf Saxatilis,Sergente Maggiore,Sergeant Major,1896808,ok,9.2,Neritica marina – Rocce e scogliere rocciose subtidali,suitable,yes,resident,,,0.0,40.0
903,903,Abudefduf Saxatilis,Sergente Maggiore,Sergeant Major,1896808,ok,9.8.3,Pendio esterno,suitable,yes,resident,,,0.0,40.0
903,903,Abudefduf Saxatilis,Sergente Maggiore,Sergeant Major,1896808,ok,9.8.4,Laguna,suitable,yes,resident,,,0.0,40.0
903,903,Abudefduf Saxatilis,Sergente Maggiore,Sergeant Major,1896808,ok,9.8.6,Substrato di detriti inter-barriera corallina,suitable,yes,resident,,,0.0,40.0
903,903,Abudefduf Saxatilis,Sergente Maggiore,Sergeant Major,1896808,ok,9.8.5,Substrato soffice inter-barriera corallina,suitable,yes,resident,,,0.0,40.0
903,903,Abudefduf Saxatilis,Sergente Maggiore,Sergeant Major,1896808,ok,9.8,Neritica marina – Barriera corallina,suitable,yes,resident,,,0.0,40.0
904,904,Acanthurus Coeruleus,Pesce Chirurgo Atlantico Blu,Blue Tang,1501275,ok,9.8.1,Canale esterno della barriera corallina,suitable,unknown,unknown,,,1.0,60.0
904,904,Acanthurus Coeruleus,Pesce Chirurgo Atlantico Blu,Blue Tang,1501275,ok,9.8.2,Pendio posteriore,suitable,unknown,unknown,,,1.0,60.0
904,904,Acanthurus Coeruleus,Pesce Chirurgo Atlantico Blu,Blue Tang,1501275,ok,9.2,Neritica marina – Rocce e scogliere rocciose subtidali,suitable,unknown,unknown,,,1.0,60.0
904,904,Acanthurus Coeruleus,Pesce Chirurgo Atlantico Blu,Blue Tang,1501275,ok,9.8.3,Pendio esterno,suitable,unknown,unknown,,,1.0,60.0
904,904,Acanthurus Coeruleus,Pesce Chirurgo Atlantico Blu,Blue Tang,1501275,ok,9.8.4,Laguna,suitable,unknown,unknown,,,1.0,60.0
904,904,Acanthurus Coeruleus,Pesce Chirurgo Atlantico Blu,Blue Tang,1501275,ok,9.8.6,Substrato di detriti inter-barriera corallina,suitable,unknown,unknown,,,1.0,60.0
904,904,Acanthurus Coeruleus,Pesce Chirurgo Atlantico Blu,Blue Tang,1501275,ok,9.8.5,Substrato soffice inter-barriera corallina,suitable,unknown,unknown,,,1.0,60.0
904,904,Acanthurus Coeruleus,Pesce Chirurgo Atlantico Blu,Blue Tang,1501275,ok,9.9,Erba marina sommersa,suitable,unknown,unknown,,,1.0,60.0
904,904,Acanthurus Coeruleus,Pesce Chirurgo Atlantico Blu,Blue Tang,1501275,ok,9.8,Neritica marina – Barriera corallina,suitable,unknown,unknown,,,1.0,60.0
905,905,Acipenser Fulvescens,Storione Lago,Lake Sturgeon,58134229,ok,5.5,Zone umide (interne) – Laghi permanenti di acqua dolce (oltre 8 ettari),suitable,yes,unknown,0.0,300.0,,
905,905,Acipenser Fulvescens,Storione Lago,Lake Sturgeon,58134229,ok,5.1,Zone umide (interne) – Fiumi/torrenti/cascate permanenti,suitable,yes,unknown,0.0,300.0,,
906,906,Acipenser Sturio,Storione Europeo,European Sea Sturgeon,242530547,ok,9.3,Neritico marino – Roccia/ciottoli/ghiaia sciolti subtidali,suitable,unknown,unknown,,,,
906,906,Acipenser Sturio,Storione Europeo,European Sea Sturgeon,242530547,ok,9.4,Neritico marino – Sabbioso subtidale,suitable,unknown,unknown,,,,
906,906,Acipenser Sturio,Storione Europeo,European Sea Sturgeon,242530547,ok,9.5,Neritico marino – Fango sabbioso subtidale,suitable,unknown,unknown,,,,
906,906,Acipenser Sturio,Storione Europeo,European Sea Sturgeon,242530547,ok,9.6,Neritico marino – Subtidale fangoso,suitable,unknown,unknown,,,,
906,906,Acipenser Sturio,Storione Europeo,European Sea Sturgeon,242530547,ok,5.1,Zone umide (interne) – Fiumi/torrenti/cascate permanenti,suitable,yes,unknown,,,,
906,906,Acipenser Sturio,Storione Europeo,European Sea Sturgeon,242530547,ok,9.10,Estuari,suitable,yes,unknown,,,,
907,907,Aetobatus Narinari,Manta Punteggiata,Spotted Eagle Ray,201613657,ok,9.1,Neritico marino – Pelagico,suitable,yes,resident,,,0.0,60.0
907,907,Aetobatus Narinari,Manta Punteggiata,Spotted Eagle Ray,201613657,ok,9.4,Neritico marino – Sabbioso subtidale,suitable,yes,resident,,,0.0,60.0
907,907,Aetobatus Narinari,Manta Punteggiata,Spotted Eagle Ray,201613657,ok,9.6,Neritico marino – Subtidale fangoso,suitable,yes,resident,,,0.0,60.0
907,907,Aetobatus Narinari,Manta Punteggiata,Spotted Eagle Ray,201613657,ok,9.8,Neritica marina – Barriera corallina,suitable,yes,resident,,,0.0,60.0
907,907,Aetobatus Narinari,Manta Punteggiata,Spotted Eagle Ray,201613657,ok,9.10,Estuari,suitable,yes,resident,,,0.0,60.0
908,908,Alopias Vulpinus,Volpe Di Mare,Common Thresher Shark,212641186,ok,9.1,Neritico marino – Pelagico,suitable,yes,resident,,,0.0,650.0
908,908,Alopias Vulpinus,Volpe Di Mare,Common Thresher Shark,212641186,ok,10.1,Epipelagico (0–200 m),suitable,yes,resident,,,0.0,650.0
908,908,Alopias Vulpinus,Volpe Di Mare,Common Thresher Shark,212641186,ok,10.2,Mesopelagico (200–1.000 m),suitable,yes,resident,,,0.0,650.0
909,909,Ameiurus Melas,Pesce Gatto Nero,Black Bullhead,2746540,ok,5.7,Zone umide (interne) – Paludi/stagni d'acqua dolce permanenti (inferiori a 8 ettari),suitable,yes,unknown,,,,
909,909,Ameiurus Melas,Pesce Gatto Nero,Black Bullhead,2746540,ok,5.3,Zone umide (interne) – Zone umide dominate da arbusti,suitable,yes,unknown,,,,
909,909,Ameiurus Melas,Pesce Gatto Nero,Black Bullhead,2746540,ok,5.5,Zone umide (interne) – Laghi permanenti di acqua dolce (oltre 8 ettari),suitable,yes,unknown,,,,
909,909,Ameiurus Melas,Pesce Gatto Nero,Black Bullhead,2746540,ok,5.4,"Zone umide (interne) – Paludi, acquitrini, torbiere",suitable,yes,unknown,,,,
909,909,Ameiurus Melas,Pesce Gatto Nero,Black Bullhead,2746540,ok,5.13,Zone umide (interne) – Delta interni permanenti,suitable,yes,unknown,,,,
909,909,Ameiurus Melas,Pesce Gatto Nero,Black Bullhead,2746540,ok,5.1,Zone umide (interne) – Fiumi/torrenti/cascate permanenti,suitable,yes,unknown,,,,
910,910,Amia Calva,Pesce Testa Di Serpente Nordamericano,Bowfin,2730796,ok,5.7,Zone umide (interne) – Paludi/stagni d'acqua dolce permanenti (inferiori a 8 ettari),suitable,yes,unknown,,,,
910,910,Amia Calva,Pesce Testa Di Serpente Nordamericano,Bowfin,2730796,ok,5.5,Zone umide (interne) – Laghi permanenti di acqua dolce (oltre 8 ettari),suitable,yes,unknown,,,,
910,910,Amia Calva,Pesce Testa Di Serpente Nordamericano,Bowfin,2730796,ok,5.4,"Zone umide (interne) – Paludi, acquitrini, torbiere",suitable,yes,unknown,,,,
910,910,Amia Calva,Pesce Testa Di Serpente Nordamericano,Bowfin,2730796,ok,5.1,Zone umide (interne) – Fiumi/torrenti/cascate permanenti,suitable,yes,unknown,,,,
911,911,Amphiprion Ocellaris,Pesce Pagliaccio,Ocellaris Clownfish,1857718,ok,9.8,Neritica marina – Barriera corallina,suitable,yes,resident,,,1.0,15.0
912,912,Ancistrus Cirrhosus,Ancistrus Comune,Common Bristlenose Catfish,164512524,ok,5.1,Zone umide (interne) – Fiumi/torrenti/cascate permanenti,suitable,unknown,resident,,,,
913,913,Anguilla Anguilla,Anguilla Europea,European Eel,152845178,ok,10.2,Mesopelagico (200–1.000 m),suitable,yes,breeding,,,,
913,913,Anguilla Anguilla,Anguilla Europea,European Eel,152845178,ok,10.1,Epipelagico (0–200 m),suitable,yes,breeding,,,,
913,913,Anguilla Anguilla,Anguilla Europea,European Eel,152845178,ok,12.7,Radici sommerse delle mangrovie,suitable,unknown,breeding,,,,
913,913,Anguilla Anguilla,Anguilla Europea,European Eel,152845178,ok,12.6,Pozze di marea,suitable,unknown,breeding,,,,
913,913,Anguilla Anguilla,Anguilla Europea,European Eel,152845178,ok,12.5,Paludi salmastre,suitable,unknown,breeding,,,,
913,913,Anguilla Anguilla,Anguilla Europea,European Eel,152845178,ok,12.4,Coste fangose e piane fangose intertidali,suitable,unknown,breeding,,,,
913,913,Anguilla Anguilla,Anguilla Europea,European Eel,152845178,ok,12.3,Coste e/o spiagge di ciottoli e/o ghiaia,suitable,unknown,breeding,,,,
913,913,Anguilla Anguilla,Anguilla Europea,European Eel,152845178,ok,12.2,"Coste sabbiose e/o spiagge, banchi di sabbia, lingue di sabbia",suitable,unknown,breeding,,,,
913,913,Anguilla Anguilla,Anguilla Europea,European Eel,152845178,ok,12.1,Costa rocciosa,suitable,unknown,breeding,,,,
913,913,Anguilla Anguilla,Anguilla Europea,European Eel,152845178,ok,9.10,Estuari,suitable,unknown,breeding,,,,
913,913,Anguilla Anguilla,Anguilla Europea,European Eel,152845178,ok,9.9,Erba marina sommersa,suitable,unknown,breeding,,,,
913,913,Anguilla Anguilla,Anguilla Europea,European Eel,152845178,ok,9.7,Neritico marino – Macroalghe/alghe,suitable,unknown,breeding,,,,
913,913,Anguilla Anguilla,Anguilla Europea,European Eel,152845178,ok,9.6,Neritico marino – Subtidale fangoso,suitable,unknown,breeding,,,,
913,913,Anguilla Anguilla,Anguilla Europea,European Eel,152845178,ok,9.5,Neritico marino – Fango sabbioso subtidale,suitable,unknown,breeding,,,,
913,913,Anguilla Anguilla,Anguilla Europea,European Eel,152845178,ok,9.4,Neritico marino – Sabbioso subtidale,suitable,unknown,breeding,,,,
913,913,Anguilla Anguilla,Anguilla Europea,European Eel,152845178,ok,9.3,Neritico marino – Roccia/ciottoli/ghiaia sciolti subtidali,suitable,unknown,breeding,,,,
913,913,Anguilla Anguilla,Anguilla Europea,European Eel,152845178,ok,9.2,Neritica marina – Rocce e scogliere rocciose subtidali,suitable,unknown,passage,,,,
913,913,Anguilla Anguilla,Anguilla Europea,European Eel,152845178,ok,9.1,Neritico marino – Pelagico,suitable,unknown,passage,,,,
913,913,Anguilla Anguilla,Anguilla Europea,European Eel,152845178,ok,5.18,Zone umide (interne) – Carsismo e altri sistemi idrologici sotterranei (interni),suitable,unknown,breeding,,,,
913,913,Anguilla Anguilla,Anguilla Europea,European Eel,152845178,ok,5.17,"Zone umide (interne) – Paludi/pozze saline, salmastre o alcaline stagionali/intermittenti",suitable,unknown,breeding,,,,
913,913,Anguilla Anguilla,Anguilla Europea,European Eel,152845178,ok,5.16,"Zone umide (interne) – Paludi/stagni permanenti salini, salmastri o alcalini",suitable,unknown,breeding,,,,
913,913,Anguilla Anguilla,Anguilla Europea,European Eel,152845178,ok,5.15,"Zone umide (interne) – Laghi e piane salmastre, saline o alcaline stagionali/intermittenti",suitable,unknown,breeding,,,,
913,913,Anguilla Anguilla,Anguilla Europea,European Eel,152845178,ok,15.13,Laghetti di acqua salmastra/Mari,suitable,unknown,breeding,,,,
913,913,Anguilla Anguilla,Anguilla Europea,European Eel,152845178,ok,15.11,Strutture antropiche marine,suitable,unknown,breeding,,,,
913,913,Anguilla Anguilla,Anguilla Europea,European Eel,152845178,ok,15.10,Carsismo e altri sistemi idrologici sotterranei di origine antropica,suitable,unknown,breeding,,,,
913,913,Anguilla Anguilla,Anguilla Europea,European Eel,152845178,ok,15.9,Canali e fossi di drenaggio,suitable,unknown,breeding,,,,
913,913,Anguilla Anguilla,Anguilla Europea,European Eel,152845178,ok,15.8,Terreni agricoli soggetti a inondazioni stagionali,suitable,unknown,breeding,,,,
913,913,Anguilla Anguilla,Anguilla Europea,European Eel,152845178,ok,15.7,"Terreni irrigati, compresi i canali di irrigazione",suitable,unknown,breeding,,,,
913,913,Anguilla Anguilla,Anguilla Europea,European Eel,152845178,ok,15.6,Aree di trattamento delle acque reflue,suitable,unknown,breeding,,,,
913,913,Anguilla Anguilla,Anguilla Europea,European Eel,152845178,ok,15.5,Scavi a cielo aperto,suitable,unknown,breeding,,,,
913,913,Anguilla Anguilla,Anguilla Europea,European Eel,152845178,ok,15.4,Siti di sfruttamento del sale,suitable,unknown,breeding,,,,
913,913,Anguilla Anguilla,Anguilla Europea,European Eel,152845178,ok,15.3,Stagni per l'acquacoltura,suitable,unknown,breeding,,,,
913,913,Anguilla Anguilla,Anguilla Europea,European Eel,152845178,ok,15.2,Stagni sotto gli 8 ettari,suitable,unknown,breeding,,,,
913,913,Anguilla Anguilla,Anguilla Europea,European Eel,152845178,ok,15.1,Aree di stoccaggio dell'acqua oltre 8 ettari,suitable,unknown,breeding,,,,
913,913,Anguilla Anguilla,Anguilla Europea,European Eel,152845178,ok,5.1,Zone umide (interne) – Fiumi/torrenti/cascate permanenti,suitable,unknown,breeding,,,,
913,913,Anguilla Anguilla,Anguilla Europea,European Eel,152845178,ok,5.2,Zone umide (interne) – Fiumi/torrenti/canali stagionali/intermittenti/irregolari,suitable,unknown,breeding,,,,
913,913,Anguilla Anguilla,Anguilla Europea,European Eel,152845178,ok,5.3,Zone umide (interne) – Zone umide dominate da arbusti,suitable,unknown,breeding,,,,
913,913,Anguilla Anguilla,Anguilla Europea,European Eel,152845178,ok,5.4,"Zone umide (interne) – Paludi, acquitrini, torbiere",suitable,unknown,breeding,,,,
913,913,Anguilla Anguilla,Anguilla Europea,European Eel,152845178,ok,5.5,Zone umide (interne) – Laghi permanenti di acqua dolce (oltre 8 ettari),suitable,unknown,breeding,,,,
913,913,Anguilla Anguilla,Anguilla Europea,European Eel,152845178,ok,5.6,Zone umide (interne) – Laghi d'acqua dolce stagionali/intermittenti (oltre 8 ha),suitable,unknown,breeding,,,,
913,913,Anguilla Anguilla,Anguilla Europea,European Eel,152845178,ok,5.7,Zone umide (interne) – Paludi/stagni d'acqua dolce permanenti (inferiori a 8 ettari),suitable,unknown,breeding,,,,
913,913,Anguilla Anguilla,Anguilla Europea,European Eel,152845178,ok,5.8,Zone umide (interne) – Paludi/stagni d'acqua dolce stagionali/intermittenti (inferiori a 8 ettari),suitable,unknown,breeding,,,,
913,913,Anguilla Anguilla,Anguilla Europea,European Eel,152845178,ok,5.9,Zone umide (interne) – Sorgenti di acqua dolce e oasi,suitable,unknown,breeding,,,,
913,913,Anguilla Anguilla,Anguilla Europea,European Eel,152845178,ok,5.11,Zone umide (interne) – Zone umide alpine,suitable,unknown,breeding,,,,
913,913,Anguilla Anguilla,Anguilla Europea,European Eel,152845178,ok,5.13,Zone umide (interne) – Delta interni permanenti,suitable,unknown,breeding,,,,
913,913,Anguilla Anguilla,Anguilla Europea,European Eel,152845178,ok,5.14,"Zone umide (interne) – Laghi permanenti salini, salmastri o alcalini",suitable,unknown,breeding,,,,
914,914,Anomalops Katoptron,Pesce Torcia,Splitfin Flashlightfish,123356167,ok,11.1.1,Pendio continentale/Zona batilica – Substrato rigido,suitable,yes,resident,,,1.0,365.0
914,914,Anomalops Katoptron,Pesce Torcia,Splitfin Flashlightfish,123356167,ok,9.2,Neritica marina – Rocce e scogliere rocciose subtidali,suitable,yes,resident,,,1.0,365.0
914,914,Anomalops Katoptron,Pesce Torcia,Splitfin Flashlightfish,123356167,ok,9.8,Neritica marina – Barriera corallina,suitable,yes,resident,,,1.0,365.0
915,915,Anoplogaster Cornuta,Fangtooth Comune,Common Fangtooth,21910070,ok,10.3,Batipelagico (1.000–4.000 m),suitable,unknown,unknown,,,75.0,5000.0
915,915,Anoplogaster Cornuta,Fangtooth Comune,Common Fangtooth,21910070,ok,10.2,Mesopelagico (200–1.000 m),suitable,unknown,unknown,,,75.0,5000.0
916,916,Arapaima Gigas,Arapaima Gigante,Giant Arapaima,9110195,ok,,,unknown,unknown,unknown,,,,
917,917,Arapaima Leptosoma,Arapaima Snello,Slender Arapaima,162701567,ok,5.6,Zone umide (interne) – Laghi d'acqua dolce stagionali/intermittenti (oltre 8 ha),suitable,unknown,unknown,,,,
917,917,Arapaima Leptosoma,Arapaima Snello,Slender Arapaima,162701567,ok,5.5,Zone umide (interne) – Laghi permanenti di acqua dolce (oltre 8 ettari),suitable,unknown,unknown,,,,
917,917,Arapaima Leptosoma,Arapaima Snello,Slender Arapaima,162701567,ok,5.1,Zone umide (interne) – Fiumi/torrenti/cascate permanenti,suitable,unknown,unknown,,,,
918,918,Archispirostreptus Gigas,Millepiedi Gigante Africano,Giant African Millipede,103877116,ok,1.5,Foresta – Subtropicale/tropicale secca,suitable,unknown,resident,,,,
918,918,Archispirostreptus Gigas,Millepiedi Gigante Africano,Giant African Millipede,103877116,ok,3.5,Arbusti – Zona secca subtropicale/tropicale,suitable,unknown,resident,,,,
919,919,Astronotus Ocellatus,Oscar,Oscar,159048790,ok,5.1,Zone umide (interne) – Fiumi/torrenti/cascate permanenti,suitable,unknown,resident,,,,
920,920,Atractosteus Spatula,Pesce Alligatore,Alligator Gar,1966892,ok,5.1,Zone umide (interne) – Fiumi/torrenti/cascate permanenti,unknown,unknown,unknown,,,,
920,920,Atractosteus Spatula,Pesce Alligatore,Alligator Gar,1966892,ok,5.4,"Zone umide (interne) – Paludi, acquitrini, torbiere",unknown,unknown,unknown,,,,
920,920,Atractosteus Spatula,Pesce Alligatore,Alligator Gar,1966892,ok,13.4,Lagune costiere salmastre/saline/laghi marini,suitable,unknown,unknown,,,,
920,920,Atractosteus Spatula,Pesce Alligatore,Alligator Gar,1966892,ok,13.5,Laghi costieri di acqua dolce,suitable,unknown,unknown,,,,
920,920,Atractosteus Spatula,Pesce Alligatore,Alligator Gar,1966892,ok,5.7,Zone umide (interne) – Paludi/stagni d'acqua dolce permanenti (inferiori a 8 ettari),suitable,unknown,unknown,,,,
921,921,Balistoides Viridescens,Pesce Balestra Gigante,Titan Triggerfish,2251503,ok,9.8,Neritica marina – Barriera corallina,suitable,yes,resident,,,1.0,50.0
922,922,Barbus Barbus,Barbo,Barbel,58293571,ok,5.1,Zone umide (interne) – Fiumi/torrenti/cascate permanenti,suitable,yes,resident,,,,
922,922,Barbus Barbus,Barbo,Barbel,58293571,ok,5.5,Zone umide (interne) – Laghi permanenti di acqua dolce (oltre 8 ettari),suitable,yes,resident,,,,
923,923,Basiliscus Vittatus,Basilisco Bruno,Brown Basilisk,2485788,ok,5.3,Zone umide (interne) – Zone umide dominate da arbusti,suitable,unknown,unknown,0.0,1500.0,,
923,923,Basiliscus Vittatus,Basilisco Bruno,Brown Basilisk,2485788,ok,1.8,Foresta – Palude subtropicale/tropicale,suitable,unknown,unknown,0.0,1500.0,,
923,923,Basiliscus Vittatus,Basilisco Bruno,Brown Basilisk,2485788,ok,14.3,Piantagioni,suitable,unknown,unknown,0.0,1500.0,,
923,923,Basiliscus Vittatus,Basilisco Bruno,Brown Basilisk,2485788,ok,15.7,"Terreni irrigati, compresi i canali di irrigazione",suitable,unknown,unknown,0.0,1500.0,,
923,923,Basiliscus Vittatus,Basilisco Bruno,Brown Basilisk,2485788,ok,14.2,Pascoli,suitable,unknown,unknown,0.0,1500.0,,
923,923,Basiliscus Vittatus,Basilisco Bruno,Brown Basilisk,2485788,ok,14.1,Terreno arabile,suitable,unknown,unknown,0.0,1500.0,,
923,923,Basiliscus Vittatus,Basilisco Bruno,Brown Basilisk,2485788,ok,14.6,Foresta subtropicale/tropicale fortemente degradata,suitable,unknown,unknown,0.0,1500.0,,
923,923,Basiliscus Vittatus,Basilisco Bruno,Brown Basilisk,2485788,ok,1.5,Foresta – Subtropicale/tropicale secca,suitable,unknown,unknown,0.0,1500.0,,
923,923,Basiliscus Vittatus,Basilisco Bruno,Brown Basilisk,2485788,ok,1.6,Foresta – Pianura umida subtropicale/tropicale,suitable,unknown,unknown,0.0,1500.0,,
923,923,Basiliscus Vittatus,Basilisco Bruno,Brown Basilisk,2485788,ok,5.9,Zone umide (interne) – Sorgenti di acqua dolce e oasi,suitable,unknown,unknown,0.0,1500.0,,
923,923,Basiliscus Vittatus,Basilisco Bruno,Brown Basilisk,2485788,ok,1.9,Foresta – Subtropicale/tropicale umida montana,suitable,unknown,unknown,0.0,1500.0,,
923,923,Basiliscus Vittatus,Basilisco Bruno,Brown Basilisk,2485788,ok,15.2,Stagni sotto gli 8 ettari,suitable,unknown,unknown,0.0,1500.0,,
923,923,Basiliscus Vittatus,Basilisco Bruno,Brown Basilisk,2485788,ok,15.1,Aree di stoccaggio dell'acqua oltre 8 ettari,suitable,unknown,unknown,0.0,1500.0,,
923,923,Basiliscus Vittatus,Basilisco Bruno,Brown Basilisk,2485788,ok,14.5,Aree urbane,suitable,unknown,unknown,0.0,1500.0,,
923,923,Basiliscus Vittatus,Basilisco Bruno,Brown Basilisk,2485788,ok,14.4,Orti rurali,suitable,unknown,unknown,0.0,1500.0,,
923,923,Basiliscus Vittatus,Basilisco Bruno,Brown Basilisk,2485788,ok,5.1,Zone umide (interne) – Fiumi/torrenti/cascate permanenti,suitable,unknown,unknown,0.0,1500.0,,
923,923,Basiliscus Vittatus,Basilisco Bruno,Brown Basilisk,2485788,ok,5.2,Zone umide (interne) – Fiumi/torrenti/canali stagionali/intermittenti/irregolari,suitable,unknown,unknown,0.0,1500.0,,
923,923,Basiliscus Vittatus,Basilisco Bruno,Brown Basilisk,2485788,ok,5.4,"Zone umide (interne) – Paludi, acquitrini, torbiere",suitable,unknown,unknown,0.0,1500.0,,
923,923,Basiliscus Vittatus,Basilisco Bruno,Brown Basilisk,2485788,ok,5.5,Zone umide (interne) – Laghi permanenti di acqua dolce (oltre 8 ettari),suitable,unknown,unknown,0.0,1500.0,,
923,923,Basiliscus Vittatus,Basilisco Bruno,Brown Basilisk,2485788,ok,5.6,Zone umide (interne) – Laghi d'acqua dolce stagionali/intermittenti (oltre 8 ha),suitable,unknown,unknown,0.0,1500.0,,
923,923,Basiliscus Vittatus,Basilisco Bruno,Brown Basilisk,2485788,ok,5.7,Zone umide (interne) – Paludi/stagni d'acqua dolce permanenti (inferiori a 8 ettari),suitable,unknown,unknown,0.0,1500.0,,
923,923,Basiliscus Vittatus,Basilisco Bruno,Brown Basilisk,2485788,ok,5.8,Zone umide (interne) – Paludi/stagni d'acqua dolce stagionali/intermittenti (inferiori a 8 ettari),suitable,unknown,unknown,0.0,1500.0,,
923,923,Basiliscus Vittatus,Basilisco Bruno,Brown Basilisk,2485788,ok,1.7,Foresta – Vegetazione di mangrovie subtropicale/tropicale al di sopra del livello dell'alta marea,suitable,unknown,unknown,0.0,1500.0,,
924,924,Betta Splendens,Pesce Combattente,Siamese Fighting Fish,7653828,ok,5.3,Zone umide (interne) – Zone umide dominate da arbusti,suitable,yes,unknown,5.0,190.0,,
924,924,Betta Splendens,Pesce Combattente,Siamese Fighting Fish,7653828,ok,5.4,"Zone umide (interne) – Paludi, acquitrini, torbiere",suitable,yes,unknown,5.0,190.0,,
924,924,Betta Splendens,Pesce Combattente,Siamese Fighting Fish,7653828,ok,15.2,Stagni sotto gli 8 ettari,unknown,unknown,unknown,5.0,190.0,,
925,925,Blennius Ocellaris,Bavosa Ocellata,Butterfly Blenny,1768546,ok,9.5,Neritico marino – Fango sabbioso subtidale,suitable,yes,unknown,,,10.0,400.0
925,925,Blennius Ocellaris,Bavosa Ocellata,Butterfly Blenny,1768546,ok,9.6,Neritico marino – Subtidale fangoso,suitable,yes,unknown,,,10.0,400.0
926,926,Boa Imperator,Boa Imperatore,Central American Boa,2771951,ok,1.8,Foresta – Palude subtropicale/tropicale,suitable,unknown,resident,0.0,1500.0,,
926,926,Boa Imperator,Boa Imperatore,Central American Boa,2771951,ok,1.7,Foresta – Vegetazione di mangrovie subtropicale/tropicale al di sopra del livello dell'alta marea,suitable,unknown,resident,0.0,1500.0,,
926,926,Boa Imperator,Boa Imperatore,Central American Boa,2771951,ok,1.6,Foresta – Pianura umida subtropicale/tropicale,suitable,unknown,resident,0.0,1500.0,,
926,926,Boa Imperator,Boa Imperatore,Central American Boa,2771951,ok,1.5,Foresta – Subtropicale/tropicale secca,suitable,unknown,resident,0.0,1500.0,,
926,926,Boa Imperator,Boa Imperatore,Central American Boa,2771951,ok,4.5,Prateria – Subtropicale/tropicale arida,suitable,unknown,resident,0.0,1500.0,,
926,926,Boa Imperator,Boa Imperatore,Central American Boa,2771951,ok,3.7,Arbusti – Zone subtropicali/tropicali di alta quota,suitable,unknown,resident,0.0,1500.0,,
926,926,Boa Imperator,Boa Imperatore,Central American Boa,2771951,ok,3.6,Arbusti – Subtropicale/tropicale umido,suitable,unknown,resident,0.0,1500.0,,
926,926,Boa Imperator,Boa Imperatore,Central American Boa,2771951,ok,3.5,Arbusti – Zona secca subtropicale/tropicale,suitable,unknown,resident,0.0,1500.0,,
926,926,Boa Imperator,Boa Imperatore,Central American Boa,2771951,ok,2.2,Savana - Umida,suitable,unknown,resident,0.0,1500.0,,
926,926,Boa Imperator,Boa Imperatore,Central American Boa,2771951,ok,2.1,Savana - Secca,suitable,unknown,resident,0.0,1500.0,,
926,926,Boa Imperator,Boa Imperatore,Central American Boa,2771951,ok,1.9,Foresta – Subtropicale/tropicale umida montana,suitable,unknown,resident,0.0,1500.0,,
926,926,Boa Imperator,Boa Imperatore,Central American Boa,2771951,ok,5.4,"Zone umide (interne) – Paludi, acquitrini, torbiere",suitable,unknown,resident,0.0,1500.0,,
926,926,Boa Imperator,Boa Imperatore,Central American Boa,2771951,ok,5.3,Zone umide (interne) – Zone umide dominate da arbusti,suitable,unknown,resident,0.0,1500.0,,
926,926,Boa Imperator,Boa Imperatore,Central American Boa,2771951,ok,4.6,Prateria – Subtropicale/tropicale stagionalmente umida/allagata,suitable,unknown,resident,0.0,1500.0,,
926,926,Boa Imperator,Boa Imperatore,Central American Boa,2771951,ok,14.2,Pascoli,suitable,unknown,resident,0.0,1500.0,,
926,926,Boa Imperator,Boa Imperatore,Central American Boa,2771951,ok,14.1,Terreno arabile,suitable,unknown,resident,0.0,1500.0,,
926,926,Boa Imperator,Boa Imperatore,Central American Boa,2771951,ok,8.1,Deserto – Caldo,suitable,unknown,resident,0.0,1500.0,,
926,926,Boa Imperator,Boa Imperatore,Central American Boa,2771951,ok,8.2,Deserto – Temperato,suitable,unknown,resident,0.0,1500.0,,
926,926,Boa Imperator,Boa Imperatore,Central American Boa,2771951,ok,14.6,Foresta subtropicale/tropicale fortemente degradata,suitable,unknown,resident,0.0,1500.0,,
926,926,Boa Imperator,Boa Imperatore,Central American Boa,2771951,ok,14.5,Aree urbane,suitable,unknown,resident,0.0,1500.0,,
926,926,Boa Imperator,Boa Imperatore,Central American Boa,2771951,ok,14.3,Piantagioni,suitable,unknown,resident,0.0,1500.0,,
927,927,Bothrops Jararaca,Jararaca,Jararaca,15203411,ok,14.1,Terreno arabile,suitable,yes,resident,0.0,1000.0,,
927,927,Bothrops Jararaca,Jararaca,Jararaca,15203411,ok,1.5,Foresta – Subtropicale/tropicale secca,suitable,yes,resident,0.0,1000.0,,
927,927,Bothrops Jararaca,Jararaca,Jararaca,15203411,ok,1.6,Foresta – Pianura umida subtropicale/tropicale,suitable,yes,resident,0.0,1000.0,,
927,927,Bothrops Jararaca,Jararaca,Jararaca,15203411,ok,2.1,Savana - Secca,suitable,yes,resident,0.0,1000.0,,
928,928,Caiman Crocodilus,Caimano Comune,Spectacled Caiman,3009688,ok,1.8,Foresta – Palude subtropicale/tropicale,suitable,unknown,unknown,0.0,1000.0,,
928,928,Caiman Crocodilus,Caimano Comune,Spectacled Caiman,3009688,ok,1.7,Foresta – Vegetazione di mangrovie subtropicale/tropicale al di sopra del livello dell'alta marea,suitable,unknown,unknown,0.0,1000.0,,
928,928,Caiman Crocodilus,Caimano Comune,Spectacled Caiman,3009688,ok,1.6,Foresta – Pianura umida subtropicale/tropicale,suitable,unknown,unknown,0.0,1000.0,,
928,928,Caiman Crocodilus,Caimano Comune,Spectacled Caiman,3009688,ok,5.7,Zone umide (interne) – Paludi/stagni d'acqua dolce permanenti (inferiori a 8 ettari),suitable,unknown,unknown,0.0,1000.0,,
928,928,Caiman Crocodilus,Caimano Comune,Spectacled Caiman,3009688,ok,5.6,Zone umide (interne) – Laghi d'acqua dolce stagionali/intermittenti (oltre 8 ha),suitable,unknown,unknown,0.0,1000.0,,
928,928,Caiman Crocodilus,Caimano Comune,Spectacled Caiman,3009688,ok,5.5,Zone umide (interne) – Laghi permanenti di acqua dolce (oltre 8 ettari),suitable,unknown,unknown,0.0,1000.0,,
928,928,Caiman Crocodilus,Caimano Comune,Spectacled Caiman,3009688,ok,15.1,Aree di stoccaggio dell'acqua oltre 8 ettari,suitable,unknown,unknown,0.0,1000.0,,
928,928,Caiman Crocodilus,Caimano Comune,Spectacled Caiman,3009688,ok,15.2,Stagni sotto gli 8 ettari,suitable,unknown,unknown,0.0,1000.0,,
928,928,Caiman Crocodilus,Caimano Comune,Spectacled Caiman,3009688,ok,15.8,Terreni agricoli soggetti a inondazioni stagionali,suitable,unknown,unknown,0.0,1000.0,,
928,928,Caiman Crocodilus,Caimano Comune,Spectacled Caiman,3009688,ok,15.9,Canali e fossi di drenaggio,suitable,unknown,unknown,0.0,1000.0,,
928,928,Caiman Crocodilus,Caimano Comune,Spectacled Caiman,3009688,ok,2.1,Savana - Secca,suitable,unknown,unknown,0.0,1000.0,,
928,928,Caiman Crocodilus,Caimano Comune,Spectacled Caiman,3009688,ok,2.2,Savana - Umida,suitable,unknown,unknown,0.0,1000.0,,
928,928,Caiman Crocodilus,Caimano Comune,Spectacled Caiman,3009688,ok,3.6,Arbusti – Subtropicale/tropicale umido,suitable,unknown,unknown,0.0,1000.0,,
928,928,Caiman Crocodilus,Caimano Comune,Spectacled Caiman,3009688,ok,4.6,Prateria – Subtropicale/tropicale stagionalmente umida/allagata,suitable,unknown,unknown,0.0,1000.0,,
928,928,Caiman Crocodilus,Caimano Comune,Spectacled Caiman,3009688,ok,5.1,Zone umide (interne) – Fiumi/torrenti/cascate permanenti,suitable,unknown,unknown,0.0,1000.0,,
928,928,Caiman Crocodilus,Caimano Comune,Spectacled Caiman,3009688,ok,5.2,Zone umide (interne) – Fiumi/torrenti/canali stagionali/intermittenti/irregolari,suitable,unknown,unknown,0.0,1000.0,,
928,928,Caiman Crocodilus,Caimano Comune,Spectacled Caiman,3009688,ok,5.3,Zone umide (interne) – Zone umide dominate da arbusti,suitable,unknown,unknown,0.0,1000.0,,
928,928,Caiman Crocodilus,Caimano Comune,Spectacled Caiman,3009688,ok,5.4,"Zone umide (interne) – Paludi, acquitrini, torbiere",suitable,unknown,unknown,0.0,1000.0,,
930,930,Carassius Auratus,Pesce Rosso,Goldfish,1110472,ok,5.5,Zone umide (interne) – Laghi permanenti di acqua dolce (oltre 8 ettari),unknown,unknown,unknown,,,,
930,930,Carassius Auratus,Pesce Rosso,Goldfish,1110472,ok,5.1,Zone umide (interne) – Fiumi/torrenti/cascate permanenti,suitable,yes,unknown,,,,
930,930,Carassius Auratus,Pesce Rosso,Goldfish,1110472,ok,15.1,Aree di stoccaggio dell'acqua oltre 8 ettari,unknown,unknown,unknown,,,,
930,930,Carassius Auratus,Pesce Rosso,Goldfish,1110472,ok,15.2,Stagni sotto gli 8 ettari,unknown,unknown,unknown,,,,
930,930,Carassius Auratus,Pesce Rosso,Goldfish,1110472,ok,15.3,Stagni per l'acquacoltura,unknown,unknown,unknown,,,,
931,931,Carcharhinus Melanopterus,Squalo Pinna Nera Di Scogliera,Blacktip Reef Shark,58303674,ok,9.8,Neritica marina – Barriera corallina,suitable,yes,resident,,,0.0,75.0
931,931,Carcharhinus Melanopterus,Squalo Pinna Nera Di Scogliera,Blacktip Reef Shark,58303674,ok,9.9,Erba marina sommersa,suitable,yes,unknown,,,0.0,75.0
931,931,Carcharhinus Melanopterus,Squalo Pinna Nera Di Scogliera,Blacktip Reef Shark,58303674,ok,12.2,"Coste sabbiose e/o spiagge, banchi di sabbia, lingue di sabbia",suitable,yes,resident,,,0.0,75.0
931,931,Carcharhinus Melanopterus,Squalo Pinna Nera Di Scogliera,Blacktip Reef Shark,58303674,ok,12.7,Radici sommerse delle mangrovie,suitable,yes,unknown,,,0.0,75.0
932,932,Carcharias Taurus,Squalo Toro,Sand Tiger Shark,232113997,ok,9.1,Neritico marino – Pelagico,suitable,yes,resident,,,0.0,232.0
932,932,Carcharias Taurus,Squalo Toro,Sand Tiger Shark,232113997,ok,9.2,Neritica marina – Rocce e scogliere rocciose subtidali,suitable,yes,resident,,,0.0,232.0
932,932,Carcharias Taurus,Squalo Toro,Sand Tiger Shark,232113997,ok,9.4,Neritico marino – Sabbioso subtidale,suitable,yes,resident,,,0.0,232.0
932,932,Carcharias Taurus,Squalo Toro,Sand Tiger Shark,232113997,ok,9.8,Neritica marina – Barriera corallina,suitable,yes,resident,,,0.0,232.0
932,932,Carcharias Taurus,Squalo Toro,Sand Tiger Shark,232113997,ok,11.1.1,Pendio continentale/Zona batilica – Substrato rigido,suitable,yes,resident,,,0.0,232.0
932,932,Carcharias Taurus,Squalo Toro,Sand Tiger Shark,232113997,ok,11.1.2,Pendio continentale/Zona batilica – Substrato morbido,suitable,yes,resident,,,0.0,232.0
933,933,Carcharodon Carcharias,Grande Squalo Bianco,Great White Shark,212629880,ok,9.1,Neritico marino – Pelagico,suitable,yes,resident,,,0.0,1200.0
933,933,Carcharodon Carcharias,Grande Squalo Bianco,Great White Shark,212629880,ok,9.10,Estuari,suitable,yes,resident,,,0.0,1200.0
933,933,Carcharodon Carcharias,Grande Squalo Bianco,Great White Shark,212629880,ok,10.1,Epipelagico (0–200 m),suitable,yes,resident,,,0.0,1200.0
933,933,Carcharodon Carcharias,Grande Squalo Bianco,Great White Shark,212629880,ok,10.2,Mesopelagico (200–1.000 m),suitable,yes,resident,,,0.0,1200.0
933,933,Carcharodon Carcharias,Grande Squalo Bianco,Great White Shark,212629880,ok,10.3,Batipelagico (1.000–4.000 m),suitable,yes,resident,,,0.0,1200.0
934,934,Sapajus Libidinosus,Cappuccino Dal Ciuffo,Tufted Capuchin,192593226,ok,2.1,Savana - Secca,suitable,yes,unknown,,,,
934,934,Sapajus Libidinosus,Cappuccino Dal Ciuffo,Tufted Capuchin,192593226,ok,2.2,Savana - Umida,suitable,yes,unknown,,,,
934,934,Sapajus Libidinosus,Cappuccino Dal Ciuffo,Tufted Capuchin,192593226,ok,1.7,Foresta – Vegetazione di mangrovie subtropicale/tropicale al di sopra del livello dell'alta marea,suitable,yes,unknown,,,,
934,934,Sapajus Libidinosus,Cappuccino Dal Ciuffo,Tufted Capuchin,192593226,ok,1.5,Foresta – Subtropicale/tropicale secca,suitable,yes,unknown,,,,
935,935,Cetorhinus Maximus,Squalo Elefante,Basking Shark,194720078,ok,9.1,Neritico marino – Pelagico,suitable,yes,resident,,,0.0,1264.0
935,935,Cetorhinus Maximus,Squalo Elefante,Basking Shark,194720078,ok,10.1,Epipelagico (0–200 m),suitable,yes,resident,,,0.0,1264.0
935,935,Cetorhinus Maximus,Squalo Elefante,Basking Shark,194720078,ok,10.2,Mesopelagico (200–1.000 m),suitable,yes,resident,,,0.0,1264.0
935,935,Cetorhinus Maximus,Squalo Elefante,Basking Shark,194720078,ok,10.3,Batipelagico (1.000–4.000 m),suitable,yes,resident,,,0.0,1264.0
936,936,Chaetodon Auriga,Pesce Farfalla Auriga,Threadfin Butterflyfish,6073721,ok,9.8.1,Canale esterno della barriera corallina,suitable,yes,unknown,,,1.0,61.0
936,936,Chaetodon Auriga,Pesce Farfalla Auriga,Threadfin Butterflyfish,6073721,ok,9.8.2,Pendio posteriore,suitable,yes,unknown,,,1.0,61.0
936,936,Chaetodon Auriga,Pesce Farfalla Auriga,Threadfin Butterflyfish,6073721,ok,9.8.3,Pendio esterno,suitable,yes,unknown,,,1.0,61.0
936,936,Chaetodon Auriga,Pesce Farfalla Auriga,Threadfin Butterflyfish,6073721,ok,9.8.4,Laguna,suitable,yes,unknown,,,1.0,61.0
936,936,Chaetodon Auriga,Pesce Farfalla Auriga,Threadfin Butterflyfish,6073721,ok,9.8,Neritica marina – Barriera corallina,suitable,yes,unknown,,,1.0,61.0
937,937,Chaetodon Ornatissimus,Pesce Farfalla Ornato,Ornate Butterflyfish,6078232,ok,9.8.1,Canale esterno della barriera corallina,suitable,yes,unknown,,,1.0,36.0
937,937,Chaetodon Ornatissimus,Pesce Farfalla Ornato,Ornate Butterflyfish,6078232,ok,9.8.2,Pendio posteriore,suitable,yes,unknown,,,1.0,36.0
937,937,Chaetodon Ornatissimus,Pesce Farfalla Ornato,Ornate Butterflyfish,6078232,ok,9.8.3,Pendio esterno,suitable,yes,unknown,,,1.0,36.0
937,937,Chaetodon Ornatissimus,Pesce Farfalla Ornato,Ornate Butterflyfish,6078232,ok,9.8.4,Laguna,suitable,yes,unknown,,,1.0,36.0
937,937,Chaetodon Ornatissimus,Pesce Farfalla Ornato,Ornate Butterflyfish,6078232,ok,9.8,Neritica marina – Barriera corallina,suitable,yes,unknown,,,1.0,36.0
938,938,Channa Striata,Pesce Testa Di Serpente Striato,Striped Snakehead,60591113,ok,15.3,Stagni per l'acquacoltura,suitable,yes,unknown,0.0,800.0,,
938,938,Channa Striata,Pesce Testa Di Serpente Striato,Striped Snakehead,60591113,ok,5.4,"Zone umide (interne) – Paludi, acquitrini, torbiere",suitable,yes,unknown,0.0,800.0,,
938,938,Channa Striata,Pesce Testa Di Serpente Striato,Striped Snakehead,60591113,ok,15.2,Stagni sotto gli 8 ettari,suitable,yes,unknown,0.0,800.0,,
938,938,Channa Striata,Pesce Testa Di Serpente Striato,Striped Snakehead,60591113,ok,5.7,Zone umide (interne) – Paludi/stagni d'acqua dolce permanenti (inferiori a 8 ettari),suitable,yes,unknown,0.0,800.0,,
938,938,Channa Striata,Pesce Testa Di Serpente Striato,Striped Snakehead,60591113,ok,15.1,Aree di stoccaggio dell'acqua oltre 8 ettari,suitable,yes,unknown,0.0,800.0,,
938,938,Channa Striata,Pesce Testa Di Serpente Striato,Striped Snakehead,60591113,ok,5.1,Zone umide (interne) – Fiumi/torrenti/cascate permanenti,suitable,yes,unknown,0.0,800.0,,
939,939,Chauliodus Sloani,Pesce Vipera Di Sloan,Sloane'S Viperfish,21909314,ok,10.4,Abissopelagico (4.000–6.000 m),suitable,unknown,unknown,,,200.0,4700.0
939,939,Chauliodus Sloani,Pesce Vipera Di Sloan,Sloane'S Viperfish,21909314,ok,10.3,Batipelagico (1.000–4.000 m),suitable,unknown,unknown,,,200.0,4700.0
939,939,Chauliodus Sloani,Pesce Vipera Di Sloan,Sloane'S Viperfish,21909314,ok,10.2,Mesopelagico (200–1.000 m),suitable,unknown,unknown,,,200.0,4700.0
940,940,Chlamydoselachus Anguineus,Squalo Orlato,Frilled Shark,124416882,ok,10.1,Epipelagico (0–200 m),suitable,yes,resident,,,17.0,1520.0
940,940,Chlamydoselachus Anguineus,Squalo Orlato,Frilled Shark,124416882,ok,11.1.1,Pendio continentale/Zona batilica – Substrato rigido,suitable,yes,resident,,,17.0,1520.0
940,940,Chlamydoselachus Anguineus,Squalo Orlato,Frilled Shark,124416882,ok,11.1.2,Pendio continentale/Zona batilica – Substrato morbido,suitable,yes,resident,,,17.0,1520.0
940,940,Chlamydoselachus Anguineus,Squalo Orlato,Frilled Shark,124416882,ok,10.2,Mesopelagico (200–1.000 m),suitable,yes,resident,,,17.0,1520.0
940,940,Chlamydoselachus Anguineus,Squalo Orlato,Frilled Shark,124416882,ok,11.5,Monte sottomarino,suitable,yes,resident,,,17.0,1520.0
941,941,Clupea Harengus,Aringa Atlantica,Atlantic Herring,4717767,ok,10.1,Epipelagico (0–200 m),suitable,unknown,unknown,,,0.0,200.0
941,941,Clupea Harengus,Aringa Atlantica,Atlantic Herring,4717767,ok,9.1,Neritico marino – Pelagico,suitable,unknown,unknown,,,0.0,200.0
942,942,Trichogaster Lalius,Gurami Nano,Dwarf Gourami,6210533,ok,15.7,"Terreni irrigati, compresi i canali di irrigazione",suitable,yes,unknown,,,,
942,942,Trichogaster Lalius,Gurami Nano,Dwarf Gourami,6210533,ok,15.9,Canali e fossi di drenaggio,suitable,no,unknown,,,,
942,942,Trichogaster Lalius,Gurami Nano,Dwarf Gourami,6210533,ok,15.8,Terreni agricoli soggetti a inondazioni stagionali,suitable,no,unknown,,,,
942,942,Trichogaster Lalius,Gurami Nano,Dwarf Gourami,6210533,ok,5.1,Zone umide (interne) – Fiumi/torrenti/cascate permanenti,suitable,yes,unknown,,,,
942,942,Trichogaster Lalius,Gurami Nano,Dwarf Gourami,6210533,ok,15.2,Stagni sotto gli 8 ettari,suitable,no,unknown,,,,
942,942,Trichogaster Lalius,Gurami Nano,Dwarf Gourami,6210533,ok,15.3,Stagni per l'acquacoltura,suitable,no,unknown,,,,
943,943,Conger Conger,Grongo,European Conger,2369649,ok,11.1,Pendio continentale/Zona batilica (200–4.000 m),unknown,unknown,unknown,,,0.0,1200.0
943,943,Conger Conger,Grongo,European Conger,2369649,ok,9.4,Neritico marino – Sabbioso subtidale,unknown,unknown,unknown,,,0.0,1200.0
943,943,Conger Conger,Grongo,European Conger,2369649,ok,11.1.1,Pendio continentale/Zona batilica – Substrato rigido,unknown,unknown,unknown,,,0.0,1200.0
943,943,Conger Conger,Grongo,European Conger,2369649,ok,9.2,Neritica marina – Rocce e scogliere rocciose subtidali,unknown,unknown,unknown,,,0.0,1200.0
943,943,Conger Conger,Grongo,European Conger,2369649,ok,11.1.2,Pendio continentale/Zona batilica – Substrato morbido,unknown,unknown,unknown,,,0.0,1200.0
944,944,Corydoras Aeneus,Corydoras Bronzeo,Bronze Corydoras,1813227,ok,5.1,Zone umide (interne) – Fiumi/torrenti/cascate permanenti,suitable,yes,resident,,,,
945,945,Coryphaena Hippurus,Lampuga,Common Dolphinfish,4614989,ok,10.1,Epipelagico (0–200 m),suitable,unknown,unknown,,,0.0,85.0
945,945,Coryphaena Hippurus,Lampuga,Common Dolphinfish,4614989,ok,9.1,Neritico marino – Pelagico,suitable,unknown,unknown,,,0.0,85.0
946,946,Cromileptes Altivelis,Cernia Pavone,Humpback Grouper,,assessment_not_found,,,unknown,unknown,unknown,,,,
947,947,Crotalus Durissus,Serpente A Sonagli Tropicale,South American Rattlesnake,44954627,ok,1.9,Foresta – Subtropicale/tropicale umida montana,suitable,unknown,resident,0.0,2800.0,,
947,947,Crotalus Durissus,Serpente A Sonagli Tropicale,South American Rattlesnake,44954627,ok,3.5,Arbusti – Zona secca subtropicale/tropicale,suitable,unknown,resident,0.0,2800.0,,
947,947,Crotalus Durissus,Serpente A Sonagli Tropicale,South American Rattlesnake,44954627,ok,1.6,Foresta – Pianura umida subtropicale/tropicale,suitable,unknown,resident,0.0,2800.0,,
947,947,Crotalus Durissus,Serpente A Sonagli Tropicale,South American Rattlesnake,44954627,ok,2.1,Savana - Secca,suitable,unknown,resident,0.0,2800.0,,
947,947,Crotalus Durissus,Serpente A Sonagli Tropicale,South American Rattlesnake,44954627,ok,2.2,Savana - Umida,suitable,unknown,resident,0.0,2800.0,,
947,947,Crotalus Durissus,Serpente A Sonagli Tropicale,South American Rattlesnake,44954627,ok,3.6,Arbusti – Subtropicale/tropicale umido,suitable,unknown,resident,0.0,2800.0,,
947,947,Crotalus Durissus,Serpente A Sonagli Tropicale,South American Rattlesnake,44954627,ok,1.5,Foresta – Subtropicale/tropicale secca,suitable,unknown,resident,0.0,2800.0,,
947,947,Crotalus Durissus,Serpente A Sonagli Tropicale,South American Rattlesnake,44954627,ok,6,Zone rocciose,suitable,unknown,resident,0.0,2800.0,,
947,947,Crotalus Durissus,Serpente A Sonagli Tropicale,South American Rattlesnake,44954627,ok,4.5,Prateria – Subtropicale/tropicale arida,suitable,unknown,resident,0.0,2800.0,,
948,948,Ctenosaura Similis,Iguana Spinosa Nera,Black Spiny-Tailed Iguana,73611567,ok,12.5,Paludi salmastre,suitable,unknown,unknown,0.0,1300.0,,
948,948,Ctenosaura Similis,Iguana Spinosa Nera,Black Spiny-Tailed Iguana,73611567,ok,12.3,Coste e/o spiagge di ciottoli e/o ghiaia,suitable,unknown,unknown,0.0,1300.0,,
948,948,Ctenosaura Similis,Iguana Spinosa Nera,Black Spiny-Tailed Iguana,73611567,ok,12.2,"Coste sabbiose e/o spiagge, banchi di sabbia, lingue di sabbia",suitable,unknown,unknown,0.0,1300.0,,
948,948,Ctenosaura Similis,Iguana Spinosa Nera,Black Spiny-Tailed Iguana,73611567,ok,1.6,Foresta – Pianura umida subtropicale/tropicale,suitable,unknown,unknown,0.0,1300.0,,
948,948,Ctenosaura Similis,Iguana Spinosa Nera,Black Spiny-Tailed Iguana,73611567,ok,13.4,Lagune costiere salmastre/saline/laghi marini,suitable,unknown,unknown,0.0,1300.0,,
948,948,Ctenosaura Similis,Iguana Spinosa Nera,Black Spiny-Tailed Iguana,73611567,ok,14.1,Terreno arabile,marginal,unknown,unknown,0.0,1300.0,,
948,948,Ctenosaura Similis,Iguana Spinosa Nera,Black Spiny-Tailed Iguana,73611567,ok,14.2,Pascoli,marginal,unknown,unknown,0.0,1300.0,,
948,948,Ctenosaura Similis,Iguana Spinosa Nera,Black Spiny-Tailed Iguana,73611567,ok,14.4,Orti rurali,marginal,unknown,unknown,0.0,1300.0,,
948,948,Ctenosaura Similis,Iguana Spinosa Nera,Black Spiny-Tailed Iguana,73611567,ok,14.5,Aree urbane,marginal,unknown,unknown,0.0,1300.0,,
948,948,Ctenosaura Similis,Iguana Spinosa Nera,Black Spiny-Tailed Iguana,73611567,ok,14.6,Foresta subtropicale/tropicale fortemente degradata,marginal,unknown,unknown,0.0,1300.0,,
948,948,Ctenosaura Similis,Iguana Spinosa Nera,Black Spiny-Tailed Iguana,73611567,ok,2.1,Savana - Secca,suitable,unknown,unknown,0.0,1300.0,,
948,948,Ctenosaura Similis,Iguana Spinosa Nera,Black Spiny-Tailed Iguana,73611567,ok,16,Vegetazione introdotta,marginal,unknown,unknown,0.0,1300.0,,
948,948,Ctenosaura Similis,Iguana Spinosa Nera,Black Spiny-Tailed Iguana,73611567,ok,2.2,Savana - Umida,suitable,unknown,unknown,0.0,1300.0,,
948,948,Ctenosaura Similis,Iguana Spinosa Nera,Black Spiny-Tailed Iguana,73611567,ok,3.5,Arbusti – Zona secca subtropicale/tropicale,suitable,unknown,unknown,0.0,1300.0,,
948,948,Ctenosaura Similis,Iguana Spinosa Nera,Black Spiny-Tailed Iguana,73611567,ok,3.6,Arbusti – Subtropicale/tropicale umido,suitable,unknown,unknown,0.0,1300.0,,
948,948,Ctenosaura Similis,Iguana Spinosa Nera,Black Spiny-Tailed Iguana,73611567,ok,4.5,Prateria – Subtropicale/tropicale arida,suitable,unknown,unknown,0.0,1300.0,,
948,948,Ctenosaura Similis,Iguana Spinosa Nera,Black Spiny-Tailed Iguana,73611567,ok,1.5,Foresta – Subtropicale/tropicale secca,suitable,unknown,unknown,0.0,1300.0,,
949,949,Cyprinus Carpio,Carpa Comune,Common Carp,3107721,ok,15.1,Aree di stoccaggio dell'acqua oltre 8 ettari,suitable,no,resident,,,,
949,949,Cyprinus Carpio,Carpa Comune,Common Carp,3107721,ok,15.2,Stagni sotto gli 8 ettari,suitable,no,resident,,,,
949,949,Cyprinus Carpio,Carpa Comune,Common Carp,3107721,ok,15.3,Stagni per l'acquacoltura,suitable,no,resident,,,,
949,949,Cyprinus Carpio,Carpa Comune,Common Carp,3107721,ok,15.7,"Terreni irrigati, compresi i canali di irrigazione",suitable,no,resident,,,,
949,949,Cyprinus Carpio,Carpa Comune,Common Carp,3107721,ok,15.9,Canali e fossi di drenaggio,suitable,no,resident,,,,
949,949,Cyprinus Carpio,Carpa Comune,Common Carp,3107721,ok,5.1,Zone umide (interne) – Fiumi/torrenti/cascate permanenti,suitable,yes,resident,,,,
949,949,Cyprinus Carpio,Carpa Comune,Common Carp,3107721,ok,5.5,Zone umide (interne) – Laghi permanenti di acqua dolce (oltre 8 ettari),suitable,yes,resident,,,,
949,949,Cyprinus Carpio,Carpa Comune,Common Carp,3107721,ok,5.6,Zone umide (interne) – Laghi d'acqua dolce stagionali/intermittenti (oltre 8 ha),suitable,yes,breeding,,,,
949,949,Cyprinus Carpio,Carpa Comune,Common Carp,3107721,ok,5.8,Zone umide (interne) – Paludi/stagni d'acqua dolce stagionali/intermittenti (inferiori a 8 ettari),suitable,yes,breeding,,,,
950,950,Danio Rerio,Danio Zebrato,Zebrafish,6219667,ok,5.7,Zone umide (interne) – Paludi/stagni d'acqua dolce permanenti (inferiori a 8 ettari),suitable,yes,unknown,,,,
950,950,Danio Rerio,Danio Zebrato,Zebrafish,6219667,ok,5.4,"Zone umide (interne) – Paludi, acquitrini, torbiere",suitable,yes,unknown,,,,
950,950,Danio Rerio,Danio Zebrato,Zebrafish,6219667,ok,5.2,Zone umide (interne) – Fiumi/torrenti/canali stagionali/intermittenti/irregolari,suitable,yes,unknown,,,,
951,951,Dasyatis Pastinaca,Pastinaca Comune,Common Stingray,124488102,ok,9.4,Neritico marino – Sabbioso subtidale,suitable,yes,resident,,,0.0,200.0
951,951,Dasyatis Pastinaca,Pastinaca Comune,Common Stingray,124488102,ok,9.5,Neritico marino – Fango sabbioso subtidale,suitable,yes,resident,,,0.0,200.0
951,951,Dasyatis Pastinaca,Pastinaca Comune,Common Stingray,124488102,ok,9.6,Neritico marino – Subtidale fangoso,suitable,yes,resident,,,0.0,200.0
952,952,Dermatemys Mawii,Tartaruga Di Fiume Centroamericana,Central American River Turtle,97409830,ok,1.8,Foresta – Palude subtropicale/tropicale,suitable,unknown,unknown,,,,
952,952,Dermatemys Mawii,Tartaruga Di Fiume Centroamericana,Central American River Turtle,97409830,ok,1.7,Foresta – Vegetazione di mangrovie subtropicale/tropicale al di sopra del livello dell'alta marea,marginal,unknown,unknown,,,,
952,952,Dermatemys Mawii,Tartaruga Di Fiume Centroamericana,Central American River Turtle,97409830,ok,1.6,Foresta – Pianura umida subtropicale/tropicale,suitable,unknown,unknown,,,,
952,952,Dermatemys Mawii,Tartaruga Di Fiume Centroamericana,Central American River Turtle,97409830,ok,5.8,Zone umide (interne) – Paludi/stagni d'acqua dolce stagionali/intermittenti (inferiori a 8 ettari),marginal,unknown,unknown,,,,
952,952,Dermatemys Mawii,Tartaruga Di Fiume Centroamericana,Central American River Turtle,97409830,ok,5.7,Zone umide (interne) – Paludi/stagni d'acqua dolce permanenti (inferiori a 8 ettari),marginal,unknown,unknown,,,,
952,952,Dermatemys Mawii,Tartaruga Di Fiume Centroamericana,Central American River Turtle,97409830,ok,5.6,Zone umide (interne) – Laghi d'acqua dolce stagionali/intermittenti (oltre 8 ha),suitable,unknown,unknown,,,,
952,952,Dermatemys Mawii,Tartaruga Di Fiume Centroamericana,Central American River Turtle,97409830,ok,5.5,Zone umide (interne) – Laghi permanenti di acqua dolce (oltre 8 ettari),suitable,unknown,unknown,,,,
952,952,Dermatemys Mawii,Tartaruga Di Fiume Centroamericana,Central American River Turtle,97409830,ok,5.4,"Zone umide (interne) – Paludi, acquitrini, torbiere",suitable,unknown,unknown,,,,
952,952,Dermatemys Mawii,Tartaruga Di Fiume Centroamericana,Central American River Turtle,97409830,ok,5.3,Zone umide (interne) – Zone umide dominate da arbusti,marginal,unknown,unknown,,,,
952,952,Dermatemys Mawii,Tartaruga Di Fiume Centroamericana,Central American River Turtle,97409830,ok,5.2,Zone umide (interne) – Fiumi/torrenti/canali stagionali/intermittenti/irregolari,marginal,unknown,unknown,,,,
952,952,Dermatemys Mawii,Tartaruga Di Fiume Centroamericana,Central American River Turtle,97409830,ok,5.1,Zone umide (interne) – Fiumi/torrenti/cascate permanenti,suitable,unknown,unknown,,,,
953,953,Dicentrarchus Labrax,Branzino,European Seabass,21912674,ok,13.4,Lagune costiere salmastre/saline/laghi marini,suitable,yes,resident,,,,
953,953,Dicentrarchus Labrax,Branzino,European Seabass,21912674,ok,15.9,Canali e fossi di drenaggio,suitable,yes,resident,,,,
953,953,Dicentrarchus Labrax,Branzino,European Seabass,21912674,ok,9.1,Neritico marino – Pelagico,suitable,yes,resident,,,,
953,953,Dicentrarchus Labrax,Branzino,European Seabass,21912674,ok,9.4,Neritico marino – Sabbioso subtidale,suitable,yes,resident,,,,
953,953,Dicentrarchus Labrax,Branzino,European Seabass,21912674,ok,9.5,Neritico marino – Fango sabbioso subtidale,suitable,yes,resident,,,,
953,953,Dicentrarchus Labrax,Branzino,European Seabass,21912674,ok,9.6,Neritico marino – Subtidale fangoso,suitable,yes,resident,,,,
953,953,Dicentrarchus Labrax,Branzino,European Seabass,21912674,ok,9.10,Estuari,suitable,yes,resident,,,,
953,953,Dicentrarchus Labrax,Branzino,European Seabass,21912674,ok,10.1,Epipelagico (0–200 m),suitable,yes,resident,,,,
953,953,Dicentrarchus Labrax,Branzino,European Seabass,21912674,ok,9.2,Neritica marina – Rocce e scogliere rocciose subtidali,suitable,yes,resident,,,,
954,954,Diodon Hystrix,Pesce Istrice,Porcupinefish,97664783,ok,9.8,Neritica marina – Barriera corallina,suitable,yes,resident,,,2.0,50.0
954,954,Diodon Hystrix,Pesce Istrice,Porcupinefish,97664783,ok,9.2,Neritica marina – Rocce e scogliere rocciose subtidali,suitable,yes,resident,,,2.0,50.0
955,955,Diplodus Sargus,Sarago Maggiore,White Seabream,42736975,ok,9.4,Neritico marino – Sabbioso subtidale,suitable,yes,unknown,,,0.0,150.0
955,955,Diplodus Sargus,Sarago Maggiore,White Seabream,42736975,ok,9.3,Neritico marino – Roccia/ciottoli/ghiaia sciolti subtidali,suitable,yes,unknown,,,0.0,150.0
955,955,Diplodus Sargus,Sarago Maggiore,White Seabream,42736975,ok,9.2,Neritica marina – Rocce e scogliere rocciose subtidali,suitable,yes,unknown,,,0.0,150.0
956,956,Echeneis Naucrates,Pesce Remora Striato,Live Sharksucker,115317934,ok,9.8.3,Pendio esterno,suitable,unknown,resident,,,0.0,50.0
956,956,Echeneis Naucrates,Pesce Remora Striato,Live Sharksucker,115317934,ok,10.1,Epipelagico (0–200 m),suitable,unknown,resident,,,0.0,50.0
957,957,Electrophorus Electricus,Anguilla Elettrica,Electric Eel,53826515,ok,5.1,Zone umide (interne) – Fiumi/torrenti/cascate permanenti,suitable,unknown,unknown,,,,
957,957,Electrophorus Electricus,Anguilla Elettrica,Electric Eel,53826515,ok,5.4,"Zone umide (interne) – Paludi, acquitrini, torbiere",suitable,unknown,unknown,,,,
958,958,Engraulis Encrasicolus,Acciuga Europea,European Anchovy,15546291,ok,10.1,Epipelagico (0–200 m),suitable,unknown,unknown,,,0.0,400.0
958,958,Engraulis Encrasicolus,Acciuga Europea,European Anchovy,15546291,ok,9.10,Estuari,suitable,unknown,unknown,,,0.0,400.0
958,958,Engraulis Encrasicolus,Acciuga Europea,European Anchovy,15546291,ok,9.1,Neritico marino – Pelagico,suitable,unknown,unknown,,,0.0,400.0
959,959,Epinephelus Marginatus,Cernia Bruna,Dusky Grouper,,assessment_not_found,,,unknown,unknown,unknown,,,,
960,960,Esox Lucius,Luccio,Northern Pike,58312794,ok,15.2,Stagni sotto gli 8 ettari,suitable,no,resident,,,,
960,960,Esox Lucius,Luccio,Northern Pike,58312794,ok,13.4,Lagune costiere salmastre/saline/laghi marini,suitable,yes,breeding,,,,
960,960,Esox Lucius,Luccio,Northern Pike,58312794,ok,13.5,Laghi costieri di acqua dolce,suitable,yes,resident,,,,
960,960,Esox Lucius,Luccio,Northern Pike,58312794,ok,15.1,Aree di stoccaggio dell'acqua oltre 8 ettari,suitable,yes,resident,,,,
960,960,Esox Lucius,Luccio,Northern Pike,58312794,ok,15.3,Stagni per l'acquacoltura,suitable,no,resident,,,,
960,960,Esox Lucius,Luccio,Northern Pike,58312794,ok,15.9,Canali e fossi di drenaggio,suitable,no,resident,,,,
960,960,Esox Lucius,Luccio,Northern Pike,58312794,ok,5.1,Zone umide (interne) – Fiumi/torrenti/cascate permanenti,suitable,yes,resident,,,,
960,960,Esox Lucius,Luccio,Northern Pike,58312794,ok,5.5,Zone umide (interne) – Laghi permanenti di acqua dolce (oltre 8 ettari),suitable,yes,resident,,,,
960,960,Esox Lucius,Luccio,Northern Pike,58312794,ok,5.8,Zone umide (interne) – Paludi/stagni d'acqua dolce stagionali/intermittenti (inferiori a 8 ettari),suitable,yes,breeding,,,,
960,960,Esox Lucius,Luccio,Northern Pike,58312794,ok,5.6,Zone umide (interne) – Laghi d'acqua dolce stagionali/intermittenti (oltre 8 ha),suitable,yes,breeding,,,,
960,960,Esox Lucius,Luccio,Northern Pike,58312794,ok,5.7,Zone umide (interne) – Paludi/stagni d'acqua dolce permanenti (inferiori a 8 ettari),suitable,yes,resident,,,,
961,961,Eunectes Murinus,Anaconda Verde,Green Anaconda,44580052,ok,1.6,Foresta – Pianura umida subtropicale/tropicale,suitable,yes,resident,0.0,1000.0,,
961,961,Eunectes Murinus,Anaconda Verde,Green Anaconda,44580052,ok,15.2,Stagni sotto gli 8 ettari,suitable,unknown,unknown,0.0,1000.0,,
961,961,Eunectes Murinus,Anaconda Verde,Green Anaconda,44580052,ok,15.9,Canali e fossi di drenaggio,suitable,unknown,unknown,0.0,1000.0,,
961,961,Eunectes Murinus,Anaconda Verde,Green Anaconda,44580052,ok,5.1,Zone umide (interne) – Fiumi/torrenti/cascate permanenti,suitable,unknown,resident,0.0,1000.0,,
961,961,Eunectes Murinus,Anaconda Verde,Green Anaconda,44580052,ok,1.8,Foresta – Palude subtropicale/tropicale,suitable,yes,resident,0.0,1000.0,,
961,961,Eunectes Murinus,Anaconda Verde,Green Anaconda,44580052,ok,2.2,Savana - Umida,suitable,yes,resident,0.0,1000.0,,
962,962,Eurypharynx Pelecanoides,Pesce Pellicano,Pelican Eel,42691734,ok,10.4,Abissopelagico (4.000–6.000 m),suitable,unknown,unknown,,,500.0,7625.0
962,962,Eurypharynx Pelecanoides,Pesce Pellicano,Pelican Eel,42691734,ok,10.3,Batipelagico (1.000–4.000 m),suitable,unknown,unknown,,,500.0,7625.0
962,962,Eurypharynx Pelecanoides,Pesce Pellicano,Pelican Eel,42691734,ok,10.2,Mesopelagico (200–1.000 m),suitable,unknown,unknown,,,500.0,7625.0
963,963,Exocoetus Volitans,Pesce,Tropical Two-Wing Flyingfish,15550246,ok,10.1,Epipelagico (0–200 m),suitable,yes,resident,,,0.0,20.0
963,963,Exocoetus Volitans,Pesce,Tropical Two-Wing Flyingfish,15550246,ok,9.1,Neritico marino – Pelagico,suitable,yes,resident,,,0.0,20.0
964,964,Gadus Morhua,Merluzzo Atlantico,Atlantic Cod,12931575,ok,,,unknown,unknown,unknown,,,,
965,965,Galeocerdo Cuvier,Squalo Tigre,Tiger Shark,2913541,ok,10.1,Epipelagico (0–200 m),suitable,yes,resident,,,0.0,1136.0
965,965,Galeocerdo Cuvier,Squalo Tigre,Tiger Shark,2913541,ok,10.2,Mesopelagico (200–1.000 m),suitable,yes,resident,,,0.0,1136.0
965,965,Galeocerdo Cuvier,Squalo Tigre,Tiger Shark,2913541,ok,9.1,Neritico marino – Pelagico,suitable,yes,resident,,,0.0,1136.0
965,965,Galeocerdo Cuvier,Squalo Tigre,Tiger Shark,2913541,ok,9.2,Neritica marina – Rocce e scogliere rocciose subtidali,suitable,yes,resident,,,0.0,1136.0
965,965,Galeocerdo Cuvier,Squalo Tigre,Tiger Shark,2913541,ok,9.4,Neritico marino – Sabbioso subtidale,suitable,yes,resident,,,0.0,1136.0
965,965,Galeocerdo Cuvier,Squalo Tigre,Tiger Shark,2913541,ok,9.8,Neritica marina – Barriera corallina,suitable,yes,resident,,,0.0,1136.0
965,965,Galeocerdo Cuvier,Squalo Tigre,Tiger Shark,2913541,ok,9.9,Erba marina sommersa,suitable,yes,resident,,,0.0,1136.0
965,965,Galeocerdo Cuvier,Squalo Tigre,Tiger Shark,2913541,ok,9.10,Estuari,suitable,yes,resident,,,0.0,1136.0
966,966,Gasterosteus Aculeatus,Pesce Spinarello,Three-Spined Stickleback,176077275,ok,13.5,Laghi costieri di acqua dolce,suitable,yes,resident,,,0.0,
966,966,Gasterosteus Aculeatus,Pesce Spinarello,Three-Spined Stickleback,176077275,ok,13.4,Lagune costiere salmastre/saline/laghi marini,suitable,yes,resident,,,0.0,
966,966,Gasterosteus Aculeatus,Pesce Spinarello,Three-Spined Stickleback,176077275,ok,5.1,Zone umide (interne) – Fiumi/torrenti/cascate permanenti,suitable,yes,resident,,,0.0,
966,966,Gasterosteus Aculeatus,Pesce Spinarello,Three-Spined Stickleback,176077275,ok,5.5,Zone umide (interne) – Laghi permanenti di acqua dolce (oltre 8 ettari),suitable,yes,resident,,,0.0,
966,966,Gasterosteus Aculeatus,Pesce Spinarello,Three-Spined Stickleback,176077275,ok,5.7,Zone umide (interne) – Paludi/stagni d'acqua dolce permanenti (inferiori a 8 ettari),suitable,yes,resident,,,0.0,
966,966,Gasterosteus Aculeatus,Pesce Spinarello,Three-Spined Stickleback,176077275,ok,5.13,Zone umide (interne) – Delta interni permanenti,suitable,yes,resident,,,0.0,
966,966,Gasterosteus Aculeatus,Pesce Spinarello,Three-Spined Stickleback,176077275,ok,5.14,"Zone umide (interne) – Laghi permanenti salini, salmastri o alcalini",suitable,yes,resident,,,0.0,
966,966,Gasterosteus Aculeatus,Pesce Spinarello,Three-Spined Stickleback,176077275,ok,5.16,"Zone umide (interne) – Paludi/stagni permanenti salini, salmastri o alcalini",suitable,yes,resident,,,0.0,
966,966,Gasterosteus Aculeatus,Pesce Spinarello,Three-Spined Stickleback,176077275,ok,9.1,Neritico marino – Pelagico,suitable,yes,breeding,,,0.0,
966,966,Gasterosteus Aculeatus,Pesce Spinarello,Three-Spined Stickleback,176077275,ok,9.9,Erba marina sommersa,suitable,yes,resident,,,0.0,
966,966,Gasterosteus Aculeatus,Pesce Spinarello,Three-Spined Stickleback,176077275,ok,12,Intertidale marino,suitable,yes,resident,,,0.0,
966,966,Gasterosteus Aculeatus,Pesce Spinarello,Three-Spined Stickleback,176077275,ok,9.10,Estuari,suitable,yes,resident,,,0.0,
966,966,Gasterosteus Aculeatus,Pesce Spinarello,Three-Spined Stickleback,176077275,ok,15.1,Aree di stoccaggio dell'acqua oltre 8 ettari,suitable,no,resident,,,0.0,
966,966,Gasterosteus Aculeatus,Pesce Spinarello,Three-Spined Stickleback,176077275,ok,15.2,Stagni sotto gli 8 ettari,suitable,no,resident,,,0.0,
966,966,Gasterosteus Aculeatus,Pesce Spinarello,Three-Spined Stickleback,176077275,ok,15.3,Stagni per l'acquacoltura,suitable,no,resident,,,0.0,
966,966,Gasterosteus Aculeatus,Pesce Spinarello,Three-Spined Stickleback,176077275,ok,15.9,Canali e fossi di drenaggio,suitable,no,resident,,,0.0,
967,967,Glomeris Marginata,Glomeride Marginato,Common Pill Millipede,,assessment_not_found,,,unknown,unknown,unknown,,,,
968,968,Gobius Niger,Ghiozzo Nero,Black Goby,21913403,ok,9.10,Estuari,suitable,yes,resident,,,50.0,75.0
968,968,Gobius Niger,Ghiozzo Nero,Black Goby,21913403,ok,9.9,Erba marina sommersa,suitable,yes,resident,,,50.0,75.0
968,968,Gobius Niger,Ghiozzo Nero,Black Goby,21913403,ok,9.6,Neritico marino – Subtidale fangoso,suitable,yes,resident,,,50.0,75.0
968,968,Gobius Niger,Ghiozzo Nero,Black Goby,21913403,ok,9.4,Neritico marino – Sabbioso subtidale,suitable,yes,resident,,,50.0,75.0
968,968,Gobius Niger,Ghiozzo Nero,Black Goby,21913403,ok,13.4,Lagune costiere salmastre/saline/laghi marini,suitable,yes,resident,,,50.0,75.0
969,969,Gymnothorax Funebris,Murena Verde,Green Moray,2409410,ok,9.2,Neritica marina – Rocce e scogliere rocciose subtidali,suitable,yes,resident,,,0.0,50.0
969,969,Gymnothorax Funebris,Murena Verde,Green Moray,2409410,ok,12.1,Costa rocciosa,suitable,yes,resident,,,0.0,50.0
969,969,Gymnothorax Funebris,Murena Verde,Green Moray,2409410,ok,12.6,Pozze di marea,suitable,yes,resident,,,0.0,50.0
969,969,Gymnothorax Funebris,Murena Verde,Green Moray,2409410,ok,9.8,Neritica marina – Barriera corallina,suitable,yes,resident,,,0.0,50.0
969,969,Gymnothorax Funebris,Murena Verde,Green Moray,2409410,ok,12.7,Radici sommerse delle mangrovie,suitable,yes,resident,,,0.0,50.0
970,970,Gymnothorax Javanicus,Murena Gigante Del Pacifico,Giant Moray,2410981,ok,9.8.3,Pendio esterno,suitable,yes,unknown,,,0.0,50.0
970,970,Gymnothorax Javanicus,Murena Gigante Del Pacifico,Giant Moray,2410981,ok,9.8.4,Laguna,suitable,yes,unknown,,,0.0,50.0
971,971,Hippoglossus Hippoglossus,Rombo Gigante Dell'Atlantico,Atlantic Halibut,148035632,ok,9.3,Neritico marino – Roccia/ciottoli/ghiaia sciolti subtidali,suitable,yes,resident,,,20.0,2000.0
971,971,Hippoglossus Hippoglossus,Rombo Gigante Dell'Atlantico,Atlantic Halibut,148035632,ok,9.4,Neritico marino – Sabbioso subtidale,suitable,yes,resident,,,20.0,2000.0
971,971,Hippoglossus Hippoglossus,Rombo Gigante Dell'Atlantico,Atlantic Halibut,148035632,ok,11.1.2,Pendio continentale/Zona batilica – Substrato morbido,suitable,yes,resident,,,20.0,2000.0
972,972,Hirudo Medicinalis,Sanguisuga Medicinale Europea,European Medicinal Leech,21415816,ok,5.4,"Zone umide (interne) – Paludi, acquitrini, torbiere",suitable,yes,resident,,,,
973,973,Huso Huso,Beluga,Beluga Sturgeon,135087846,ok,9.10,Estuari,suitable,unknown,unknown,,,,
973,973,Huso Huso,Beluga,Beluga Sturgeon,135087846,ok,5.1,Zone umide (interne) – Fiumi/torrenti/cascate permanenti,suitable,yes,unknown,,,,
973,973,Huso Huso,Beluga,Beluga Sturgeon,135087846,ok,9.1,Neritico marino – Pelagico,suitable,unknown,unknown,,,,
974,974,Iguana Iguana,Iguana Verde,Green Iguana,218317281,ok,14.4,Orti rurali,suitable,unknown,unknown,0.0,1000.0,,
974,974,Iguana Iguana,Iguana Verde,Green Iguana,218317281,ok,14.5,Aree urbane,suitable,unknown,unknown,0.0,1000.0,,
974,974,Iguana Iguana,Iguana Verde,Green Iguana,218317281,ok,14.6,Foresta subtropicale/tropicale fortemente degradata,suitable,unknown,unknown,0.0,1000.0,,
974,974,Iguana Iguana,Iguana Verde,Green Iguana,218317281,ok,1.5,Foresta – Subtropicale/tropicale secca,suitable,unknown,unknown,0.0,1000.0,,
974,974,Iguana Iguana,Iguana Verde,Green Iguana,218317281,ok,1.6,Foresta – Pianura umida subtropicale/tropicale,suitable,unknown,unknown,0.0,1000.0,,
974,974,Iguana Iguana,Iguana Verde,Green Iguana,218317281,ok,1.7,Foresta – Vegetazione di mangrovie subtropicale/tropicale al di sopra del livello dell'alta marea,suitable,unknown,unknown,0.0,1000.0,,
975,975,Aglais Io,Pavonia,European Peacock Butterfly,211393858,ok,14.4,Orti rurali,suitable,yes,resident,0.0,700.0,,
975,975,Aglais Io,Pavonia,European Peacock Butterfly,211393858,ok,4.4,Prateria – Temperata,suitable,yes,resident,0.0,700.0,,
975,975,Aglais Io,Pavonia,European Peacock Butterfly,211393858,ok,1.4,Foresta – Temperata,suitable,yes,resident,0.0,700.0,,
975,975,Aglais Io,Pavonia,European Peacock Butterfly,211393858,ok,14.5,Aree urbane,suitable,yes,resident,0.0,700.0,,
975,975,Aglais Io,Pavonia,European Peacock Butterfly,211393858,ok,1.1,Foresta boreale,suitable,yes,resident,0.0,700.0,,
976,976,Istiophorus Platypterus,Pesce Vela,Indo-Pacific Sailfish,46649664,ok,9.1,Neritico marino – Pelagico,suitable,unknown,unknown,,,0.0,500.0
976,976,Istiophorus Platypterus,Pesce Vela,Indo-Pacific Sailfish,46649664,ok,10.1,Epipelagico (0–200 m),suitable,unknown,unknown,,,0.0,500.0
977,977,Labrus Bergylta,Tordo Labrax,Ballan Wrasse,8525211,ok,9.7,Neritico marino – Macroalghe/alghe,suitable,unknown,unknown,,,1.0,50.0
977,977,Labrus Bergylta,Tordo Labrax,Ballan Wrasse,8525211,ok,9.2,Neritica marina – Rocce e scogliere rocciose subtidali,suitable,unknown,unknown,,,1.0,50.0
977,977,Labrus Bergylta,Tordo Labrax,Ballan Wrasse,8525211,ok,9.8.3,Pendio esterno,suitable,unknown,unknown,,,1.0,50.0
977,977,Labrus Bergylta,Tordo Labrax,Ballan Wrasse,8525211,ok,12.1,Costa rocciosa,marginal,unknown,unknown,,,1.0,50.0
978,978,Latimeria Chalumnae,Celacanto,Coelacanth,3274618,ok,9.2,Neritica marina – Rocce e scogliere rocciose subtidali,suitable,unknown,unknown,,,,
978,978,Latimeria Chalumnae,Celacanto,Coelacanth,3274618,ok,10.2,Mesopelagico (200–1.000 m),suitable,unknown,unknown,,,,
978,978,Latimeria Chalumnae,Celacanto,Coelacanth,3274618,ok,9.1,Neritico marino – Pelagico,suitable,unknown,unknown,,,,
979,979,Lepisosteus Osseus,Luccio Dal Naso Lungo,Longnose Gar,130013643,ok,9.10,Estuari,suitable,yes,unknown,,,,
979,979,Lepisosteus Osseus,Luccio Dal Naso Lungo,Longnose Gar,130013643,ok,5.7,Zone umide (interne) – Paludi/stagni d'acqua dolce permanenti (inferiori a 8 ettari),suitable,yes,unknown,,,,
979,979,Lepisosteus Osseus,Luccio Dal Naso Lungo,Longnose Gar,130013643,ok,5.5,Zone umide (interne) – Laghi permanenti di acqua dolce (oltre 8 ettari),suitable,yes,unknown,,,,
979,979,Lepisosteus Osseus,Luccio Dal Naso Lungo,Longnose Gar,130013643,ok,5.1,Zone umide (interne) – Fiumi/torrenti/cascate permanenti,suitable,yes,unknown,,,,
979,979,Lepisosteus Osseus,Luccio Dal Naso Lungo,Longnose Gar,130013643,ok,15.9,Canali e fossi di drenaggio,suitable,no,unknown,,,,
979,979,Lepisosteus Osseus,Luccio Dal Naso Lungo,Longnose Gar,130013643,ok,15.1,Aree di stoccaggio dell'acqua oltre 8 ettari,suitable,yes,unknown,,,,
980,980,Lepisosteus Platyrhincus,Luccio Della Florida,Florida Gar,18234213,ok,5.6,Zone umide (interne) – Laghi d'acqua dolce stagionali/intermittenti (oltre 8 ha),suitable,yes,unknown,,,,
980,980,Lepisosteus Platyrhincus,Luccio Della Florida,Florida Gar,18234213,ok,5.1,Zone umide (interne) – Fiumi/torrenti/cascate permanenti,suitable,yes,unknown,,,,
981,981,Limulus Polyphemus,Granchio A Ferro Di Cavallo,Atlantic Horseshoe Crab,80159830,ok,12.2,"Coste sabbiose e/o spiagge, banchi di sabbia, lingue di sabbia",suitable,yes,breeding,,,,
981,981,Limulus Polyphemus,Granchio A Ferro Di Cavallo,Atlantic Horseshoe Crab,80159830,ok,9.10,Estuari,suitable,yes,breeding,,,,
981,981,Limulus Polyphemus,Granchio A Ferro Di Cavallo,Atlantic Horseshoe Crab,80159830,ok,12.4,Coste fangose e piane fangose intertidali,suitable,yes,breeding,,,,
981,981,Limulus Polyphemus,Granchio A Ferro Di Cavallo,Atlantic Horseshoe Crab,80159830,ok,9.4,Neritico marino – Sabbioso subtidale,suitable,yes,breeding,,,,
981,981,Limulus Polyphemus,Granchio A Ferro Di Cavallo,Atlantic Horseshoe Crab,80159830,ok,9.5,Neritico marino – Fango sabbioso subtidale,suitable,yes,breeding,,,,
981,981,Limulus Polyphemus,Granchio A Ferro Di Cavallo,Atlantic Horseshoe Crab,80159830,ok,12.3,Coste e/o spiagge di ciottoli e/o ghiaia,suitable,yes,breeding,,,,
982,982,Lithognathus Mormyrus,Sarago Fasciato,Sand Steenbras,1284573,ok,9.4,Neritico marino – Sabbioso subtidale,suitable,yes,unknown,,,0.0,150.0
982,982,Lithognathus Mormyrus,Sarago Fasciato,Sand Steenbras,1284573,ok,9.5,Neritico marino – Fango sabbioso subtidale,suitable,yes,unknown,,,0.0,150.0
982,982,Lithognathus Mormyrus,Sarago Fasciato,Sand Steenbras,1284573,ok,9.3,Neritico marino – Roccia/ciottoli/ghiaia sciolti subtidali,marginal,unknown,unknown,,,0.0,150.0
982,982,Lithognathus Mormyrus,Sarago Fasciato,Sand Steenbras,1284573,ok,9.2,Neritica marina – Rocce e scogliere rocciose subtidali,marginal,unknown,unknown,,,0.0,150.0
982,982,Lithognathus Mormyrus,Sarago Fasciato,Sand Steenbras,1284573,ok,9.9,Erba marina sommersa,suitable,yes,unknown,,,0.0,150.0
983,983,Lumbricus Terrestris,Lombrico Comune,Common Earthworm,,assessment_not_found,,,unknown,unknown,unknown,,,,
984,984,Macropinna Microstoma,Pesce Dagli Occhi A Botte,Barreleye,,assessment_not_found,,,unknown,unknown,unknown,,,,
985,985,Makaira Nigricans,Marlin Blu,Blue Marlin,46936155,ok,9.1,Neritico marino – Pelagico,suitable,unknown,unknown,,,0.0,1000.0
985,985,Makaira Nigricans,Marlin Blu,Blue Marlin,46936155,ok,10.1,Epipelagico (0–200 m),suitable,unknown,unknown,,,0.0,1000.0
986,986,Malacosteus Niger,Pesce Drago Nero,Black Dragonfish,21909439,ok,10.3,Batipelagico (1.000–4.000 m),suitable,unknown,unknown,,,500.0,3886.0
986,986,Malacosteus Niger,Pesce Drago Nero,Black Dragonfish,21909439,ok,10.2,Mesopelagico (200–1.000 m),suitable,unknown,unknown,,,500.0,3886.0
987,987,Mobula Alfredi,Manta Di Barriera,Reef Manta Ray,214395983,ok,9.1,Neritico marino – Pelagico,suitable,yes,resident,,,0.0,432.0
987,987,Mobula Alfredi,Manta Di Barriera,Reef Manta Ray,214395983,ok,9.8,Neritica marina – Barriera corallina,suitable,yes,resident,,,0.0,432.0
987,987,Mobula Alfredi,Manta Di Barriera,Reef Manta Ray,214395983,ok,9.10,Estuari,suitable,yes,resident,,,0.0,432.0
987,987,Mobula Alfredi,Manta Di Barriera,Reef Manta Ray,214395983,ok,10.1,Epipelagico (0–200 m),suitable,yes,resident,,,0.0,432.0
987,987,Mobula Alfredi,Manta Di Barriera,Reef Manta Ray,214395983,ok,10.2,Mesopelagico (200–1.000 m),suitable,yes,resident,,,0.0,432.0
988,988,Megachasma Pelagios,Squalo Bocca Grande,Megamouth Shark,124402302,ok,10.1,Epipelagico (0–200 m),suitable,yes,resident,,,5.0,1500.0
988,988,Megachasma Pelagios,Squalo Bocca Grande,Megamouth Shark,124402302,ok,10.2,Mesopelagico (200–1.000 m),suitable,yes,resident,,,5.0,1500.0
988,988,Megachasma Pelagios,Squalo Bocca Grande,Megamouth Shark,124402302,ok,10.3,Batipelagico (1.000–4.000 m),suitable,yes,resident,,,5.0,1500.0
989,989,Micropterus Salmoides,Persico Trota,Largemouth Bass,58310038,ok,5.1,Zone umide (interne) – Fiumi/torrenti/cascate permanenti,suitable,yes,unknown,,,,
989,989,Micropterus Salmoides,Persico Trota,Largemouth Bass,58310038,ok,15.2,Stagni sotto gli 8 ettari,suitable,no,unknown,,,,
989,989,Micropterus Salmoides,Persico Trota,Largemouth Bass,58310038,ok,5.4,"Zone umide (interne) – Paludi, acquitrini, torbiere",suitable,yes,unknown,,,,
989,989,Micropterus Salmoides,Persico Trota,Largemouth Bass,58310038,ok,15.1,Aree di stoccaggio dell'acqua oltre 8 ettari,suitable,no,unknown,,,,
989,989,Micropterus Salmoides,Persico Trota,Largemouth Bass,58310038,ok,5.5,Zone umide (interne) – Laghi permanenti di acqua dolce (oltre 8 ettari),suitable,yes,unknown,,,,
989,989,Micropterus Salmoides,Persico Trota,Largemouth Bass,58310038,ok,5.7,Zone umide (interne) – Paludi/stagni d'acqua dolce permanenti (inferiori a 8 ettari),suitable,yes,unknown,,,,
990,990,Milnesium Tardigradum,Tardigrado Comune,Common Tardigrade,,assessment_not_found,,,unknown,unknown,unknown,,,,
991,991,Mitsukurina Owstoni,Squalo Folletto,Goblin Shark,2994832,ok,10.1,Epipelagico (0–200 m),suitable,yes,resident,,,0.0,1300.0
991,991,Mitsukurina Owstoni,Squalo Folletto,Goblin Shark,2994832,ok,10.2,Mesopelagico (200–1.000 m),suitable,yes,resident,,,0.0,1300.0
991,991,Mitsukurina Owstoni,Squalo Folletto,Goblin Shark,2994832,ok,11.1.1,Pendio continentale/Zona batilica – Substrato rigido,suitable,yes,resident,,,0.0,1300.0
991,991,Mitsukurina Owstoni,Squalo Folletto,Goblin Shark,2994832,ok,11.1.2,Pendio continentale/Zona batilica – Substrato morbido,suitable,yes,resident,,,0.0,1300.0
991,991,Mitsukurina Owstoni,Squalo Folletto,Goblin Shark,2994832,ok,11.5,Monte sottomarino,suitable,yes,resident,,,0.0,1300.0
992,992,Mobula Birostris,Manta Gigante,Giant Oceanic Manta Ray,214397182,ok,9.1,Neritico marino – Pelagico,suitable,yes,resident,,,0.0,1000.0
992,992,Mobula Birostris,Manta Gigante,Giant Oceanic Manta Ray,214397182,ok,9.8,Neritica marina – Barriera corallina,suitable,yes,resident,,,0.0,1000.0
992,992,Mobula Birostris,Manta Gigante,Giant Oceanic Manta Ray,214397182,ok,9.10,Estuari,suitable,yes,resident,,,0.0,1000.0
992,992,Mobula Birostris,Manta Gigante,Giant Oceanic Manta Ray,214397182,ok,10.1,Epipelagico (0–200 m),suitable,yes,resident,,,0.0,1000.0
992,992,Mobula Birostris,Manta Gigante,Giant Oceanic Manta Ray,214397182,ok,10.2,Mesopelagico (200–1.000 m),suitable,yes,resident,,,0.0,1000.0
993,993,Mola Mola,Pesce Luna Gigante,Ocean Sunfish,97667070,ok,10.2,Mesopelagico (200–1.000 m),suitable,yes,resident,,,0.0,400.0
993,993,Mola Mola,Pesce Luna Gigante,Ocean Sunfish,97667070,ok,10.1,Epipelagico (0–200 m),suitable,yes,resident,,,0.0,400.0
994,994,Mola Mola,Pesce Luna,Ocean Sunfish,97667070,ok,10.2,Mesopelagico (200–1.000 m),suitable,yes,resident,,,0.0,400.0
994,994,Mola Mola,Pesce Luna,Ocean Sunfish,97667070,ok,10.1,Epipelagico (0–200 m),suitable,yes,resident,,,0.0,400.0
995,995,Monocentris Japonica,Pesce Pigna Giapponese,Japanese Pinecone Fish,57157952,ok,9.8,Neritica marina – Barriera corallina,suitable,yes,resident,,,20.0,200.0
995,995,Monocentris Japonica,Pesce Pigna Giapponese,Japanese Pinecone Fish,57157952,ok,9.2,Neritica marina – Rocce e scogliere rocciose subtidali,suitable,yes,resident,,,20.0,200.0
996,996,Mugil Cephalus,Cefalo,Flathead Grey Mullet,155662225,ok,9.1,Neritico marino – Pelagico,suitable,yes,breeding,,,0.0,
996,996,Mugil Cephalus,Cefalo,Flathead Grey Mullet,155662225,ok,9.10,Estuari,suitable,yes,resident,,,0.0,
996,996,Mugil Cephalus,Cefalo,Flathead Grey Mullet,155662225,ok,5.1,Zone umide (interne) – Fiumi/torrenti/cascate permanenti,suitable,yes,breeding,,,0.0,
996,996,Mugil Cephalus,Cefalo,Flathead Grey Mullet,155662225,ok,13.4,Lagune costiere salmastre/saline/laghi marini,suitable,yes,resident,,,0.0,
997,997,Mullus Barbatus,Triglia Di Fango,Red Mullet,42691799,ok,11.1.1,Pendio continentale/Zona batilica – Substrato rigido,suitable,unknown,unknown,,,10.0,328.0
997,997,Mullus Barbatus,Triglia Di Fango,Red Mullet,42691799,ok,9.8,Neritica marina – Barriera corallina,suitable,unknown,unknown,,,10.0,328.0
998,998,Mullus Surmuletus,Triglia Di Scoglio,Striped Red Mullet,42691804,ok,10.1,Epipelagico (0–200 m),suitable,unknown,unknown,,,0.0,300.0
999,999,Muraena Helena,Murena Mediterranea,Mediterranean Moray,2370347,ok,9.2,Neritica marina – Rocce e scogliere rocciose subtidali,suitable,unknown,unknown,,,15.0,50.0
999,999,Muraena Helena,Murena Mediterranea,Mediterranean Moray,2370347,ok,9.8,Neritica marina – Barriera corallina,suitable,unknown,unknown,,,15.0,50.0
1000,1000,Myliobatis Aquila,Razza Aquila,Common Eagle Ray,124508353,ok,10.1,Epipelagico (0–200 m),suitable,yes,resident,,,0.0,537.0
1000,1000,Myliobatis Aquila,Razza Aquila,Common Eagle Ray,124508353,ok,10.2,Mesopelagico (200–1.000 m),suitable,yes,resident,,,0.0,537.0
1000,1000,Myliobatis Aquila,Razza Aquila,Common Eagle Ray,124508353,ok,9.1,Neritico marino – Pelagico,suitable,yes,resident,,,0.0,537.0
1000,1000,Myliobatis Aquila,Razza Aquila,Common Eagle Ray,124508353,ok,9.4,Neritico marino – Sabbioso subtidale,suitable,yes,resident,,,0.0,537.0
1000,1000,Myliobatis Aquila,Razza Aquila,Common Eagle Ray,124508353,ok,9.5,Neritico marino – Fango sabbioso subtidale,suitable,yes,resident,,,0.0,537.0
1000,1000,Myliobatis Aquila,Razza Aquila,Common Eagle Ray,124508353,ok,9.6,Neritico marino – Subtidale fangoso,suitable,yes,resident,,,0.0,537.0
1001,1001,Natrix Helvetica,Colubro Di Barr,Barred Grass Snake,165594282,ok,1.4,Foresta – Temperata,suitable,no,resident,,,,
1001,1001,Natrix Helvetica,Colubro Di Barr,Barred Grass Snake,165594282,ok,5.9,Zone umide (interne) – Sorgenti di acqua dolce e oasi,suitable,no,resident,,,,
1001,1001,Natrix Helvetica,Colubro Di Barr,Barred Grass Snake,165594282,ok,5.8,Zone umide (interne) – Paludi/stagni d'acqua dolce stagionali/intermittenti (inferiori a 8 ettari),suitable,no,resident,,,,
1001,1001,Natrix Helvetica,Colubro Di Barr,Barred Grass Snake,165594282,ok,5.7,Zone umide (interne) – Paludi/stagni d'acqua dolce permanenti (inferiori a 8 ettari),suitable,no,resident,,,,
1001,1001,Natrix Helvetica,Colubro Di Barr,Barred Grass Snake,165594282,ok,5.6,Zone umide (interne) – Laghi d'acqua dolce stagionali/intermittenti (oltre 8 ha),suitable,no,resident,,,,
1001,1001,Natrix Helvetica,Colubro Di Barr,Barred Grass Snake,165594282,ok,5.5,Zone umide (interne) – Laghi permanenti di acqua dolce (oltre 8 ettari),suitable,no,resident,,,,
1001,1001,Natrix Helvetica,Colubro Di Barr,Barred Grass Snake,165594282,ok,5.4,"Zone umide (interne) – Paludi, acquitrini, torbiere",suitable,no,resident,,,,
1001,1001,Natrix Helvetica,Colubro Di Barr,Barred Grass Snake,165594282,ok,5.3,Zone umide (interne) – Zone umide dominate da arbusti,suitable,no,resident,,,,
1001,1001,Natrix Helvetica,Colubro Di Barr,Barred Grass Snake,165594282,ok,5.2,Zone umide (interne) – Fiumi/torrenti/canali stagionali/intermittenti/irregolari,suitable,no,resident,,,,
1001,1001,Natrix Helvetica,Colubro Di Barr,Barred Grass Snake,165594282,ok,5.1,Zone umide (interne) – Fiumi/torrenti/cascate permanenti,suitable,no,resident,,,,
1001,1001,Natrix Helvetica,Colubro Di Barr,Barred Grass Snake,165594282,ok,4.4,Prateria – Temperata,suitable,no,resident,,,,
1001,1001,Natrix Helvetica,Colubro Di Barr,Barred Grass Snake,165594282,ok,14.1,Terreno arabile,suitable,no,resident,,,,
1001,1001,Natrix Helvetica,Colubro Di Barr,Barred Grass Snake,165594282,ok,14.2,Pascoli,suitable,no,resident,,,,
1001,1001,Natrix Helvetica,Colubro Di Barr,Barred Grass Snake,165594282,ok,14.3,Piantagioni,suitable,no,resident,,,,
1001,1001,Natrix Helvetica,Colubro Di Barr,Barred Grass Snake,165594282,ok,14.4,Orti rurali,suitable,no,resident,,,,
1001,1001,Natrix Helvetica,Colubro Di Barr,Barred Grass Snake,165594282,ok,14.5,Aree urbane,marginal,unknown,resident,,,,
1001,1001,Natrix Helvetica,Colubro Di Barr,Barred Grass Snake,165594282,ok,15.1,Aree di stoccaggio dell'acqua oltre 8 ettari,suitable,no,resident,,,,
1001,1001,Natrix Helvetica,Colubro Di Barr,Barred Grass Snake,165594282,ok,15.2,Stagni sotto gli 8 ettari,suitable,no,resident,,,,
1001,1001,Natrix Helvetica,Colubro Di Barr,Barred Grass Snake,165594282,ok,15.5,Scavi a cielo aperto,suitable,no,resident,,,,
1001,1001,Natrix Helvetica,Colubro Di Barr,Barred Grass Snake,165594282,ok,15.7,"Terreni irrigati, compresi i canali di irrigazione",suitable,no,resident,,,,
1001,1001,Natrix Helvetica,Colubro Di Barr,Barred Grass Snake,165594282,ok,15.9,Canali e fossi di drenaggio,suitable,no,resident,,,,
1001,1001,Natrix Helvetica,Colubro Di Barr,Barred Grass Snake,165594282,ok,3.4,Arbusti – Temperati,suitable,no,resident,,,,
1002,1002,Oncorhynchus Mykiss,Trota Iridea,Rainbow Trout,18229476,ok,9.10,Estuari,suitable,yes,unknown,,,,
1002,1002,Oncorhynchus Mykiss,Trota Iridea,Rainbow Trout,18229476,ok,9.1,Neritico marino – Pelagico,suitable,yes,unknown,,,,
1002,1002,Oncorhynchus Mykiss,Trota Iridea,Rainbow Trout,18229476,ok,5.5,Zone umide (interne) – Laghi permanenti di acqua dolce (oltre 8 ettari),suitable,yes,unknown,,,,
1002,1002,Oncorhynchus Mykiss,Trota Iridea,Rainbow Trout,18229476,ok,5.1,Zone umide (interne) – Fiumi/torrenti/cascate permanenti,suitable,yes,unknown,,,,
1003,1003,Oreochromis Niloticus,Tilapia Del Nilo,Nile Tilapia,244856058,ok,15.1,Aree di stoccaggio dell'acqua oltre 8 ettari,suitable,unknown,unknown,,,,
1003,1003,Oreochromis Niloticus,Tilapia Del Nilo,Nile Tilapia,244856058,ok,13.4,Lagune costiere salmastre/saline/laghi marini,marginal,unknown,unknown,,,,
1003,1003,Oreochromis Niloticus,Tilapia Del Nilo,Nile Tilapia,244856058,ok,13.5,Laghi costieri di acqua dolce,marginal,unknown,unknown,,,,
1003,1003,Oreochromis Niloticus,Tilapia Del Nilo,Nile Tilapia,244856058,ok,15.2,Stagni sotto gli 8 ettari,suitable,unknown,unknown,,,,
1003,1003,Oreochromis Niloticus,Tilapia Del Nilo,Nile Tilapia,244856058,ok,5.7,Zone umide (interne) – Paludi/stagni d'acqua dolce permanenti (inferiori a 8 ettari),suitable,unknown,unknown,,,,
1003,1003,Oreochromis Niloticus,Tilapia Del Nilo,Nile Tilapia,244856058,ok,15.3,Stagni per l'acquacoltura,suitable,unknown,unknown,,,,
1003,1003,Oreochromis Niloticus,Tilapia Del Nilo,Nile Tilapia,244856058,ok,9.10,Estuari,marginal,unknown,unknown,,,,
1003,1003,Oreochromis Niloticus,Tilapia Del Nilo,Nile Tilapia,244856058,ok,15.7,"Terreni irrigati, compresi i canali di irrigazione",suitable,unknown,unknown,,,,
1003,1003,Oreochromis Niloticus,Tilapia Del Nilo,Nile Tilapia,244856058,ok,15.9,Canali e fossi di drenaggio,suitable,unknown,unknown,,,,
1003,1003,Oreochromis Niloticus,Tilapia Del Nilo,Nile Tilapia,244856058,ok,5.1,Zone umide (interne) – Fiumi/torrenti/cascate permanenti,suitable,unknown,unknown,,,,
1003,1003,Oreochromis Niloticus,Tilapia Del Nilo,Nile Tilapia,244856058,ok,5.2,Zone umide (interne) – Fiumi/torrenti/canali stagionali/intermittenti/irregolari,unknown,unknown,unknown,,,,
1003,1003,Oreochromis Niloticus,Tilapia Del Nilo,Nile Tilapia,244856058,ok,5.8,Zone umide (interne) – Paludi/stagni d'acqua dolce stagionali/intermittenti (inferiori a 8 ettari),unknown,unknown,unknown,,,,
1003,1003,Oreochromis Niloticus,Tilapia Del Nilo,Nile Tilapia,244856058,ok,5.5,Zone umide (interne) – Laghi permanenti di acqua dolce (oltre 8 ettari),suitable,unknown,unknown,,,,
1003,1003,Oreochromis Niloticus,Tilapia Del Nilo,Nile Tilapia,244856058,ok,5.6,Zone umide (interne) – Laghi d'acqua dolce stagionali/intermittenti (oltre 8 ha),unknown,unknown,unknown,,,,
1004,1004,Osteoglossum Bicirrhosum,Pesce Arowana Argentato,Silver Arowana,85282193,ok,5.1,Zone umide (interne) – Fiumi/torrenti/cascate permanenti,suitable,unknown,breeding,,,,
1004,1004,Osteoglossum Bicirrhosum,Pesce Arowana Argentato,Silver Arowana,85282193,ok,5.2,Zone umide (interne) – Fiumi/torrenti/canali stagionali/intermittenti/irregolari,suitable,unknown,passage,,,,
1004,1004,Osteoglossum Bicirrhosum,Pesce Arowana Argentato,Silver Arowana,85282193,ok,5.8,Zone umide (interne) – Paludi/stagni d'acqua dolce stagionali/intermittenti (inferiori a 8 ettari),suitable,yes,breeding,,,,
1005,1005,Ostracion Cubicus,Pesce Scatola Giallo,Yellow Boxfish,,assessment_not_found,,,unknown,unknown,unknown,,,,
1006,1006,Pagrus Pagrus,Pagro Comune,Common Seabream,788483,ok,9.4,Neritico marino – Sabbioso subtidale,suitable,yes,unknown,,,0.0,250.0
1006,1006,Pagrus Pagrus,Pagro Comune,Common Seabream,788483,ok,9.3,Neritico marino – Roccia/ciottoli/ghiaia sciolti subtidali,suitable,yes,unknown,,,0.0,250.0
1006,1006,Pagrus Pagrus,Pagro Comune,Common Seabream,788483,ok,9.2,Neritica marina – Rocce e scogliere rocciose subtidali,suitable,yes,unknown,,,0.0,250.0
1006,1006,Pagrus Pagrus,Pagro Comune,Common Seabream,788483,ok,9.9,Erba marina sommersa,suitable,yes,unknown,,,0.0,250.0
1007,1007,Pangasianodon Hypophthalmus,Pesce Gatto Iridescente,Iridescent Shark,7649971,ok,5.6,Zone umide (interne) – Laghi d'acqua dolce stagionali/intermittenti (oltre 8 ha),suitable,yes,unknown,5.0,160.0,,
1007,1007,Pangasianodon Hypophthalmus,Pesce Gatto Iridescente,Iridescent Shark,7649971,ok,5.3,Zone umide (interne) – Zone umide dominate da arbusti,marginal,unknown,unknown,5.0,160.0,,
1007,1007,Pangasianodon Hypophthalmus,Pesce Gatto Iridescente,Iridescent Shark,7649971,ok,5.5,Zone umide (interne) – Laghi permanenti di acqua dolce (oltre 8 ettari),suitable,yes,unknown,5.0,160.0,,
1007,1007,Pangasianodon Hypophthalmus,Pesce Gatto Iridescente,Iridescent Shark,7649971,ok,5.1,Zone umide (interne) – Fiumi/torrenti/cascate permanenti,suitable,yes,unknown,5.0,160.0,,
1007,1007,Pangasianodon Hypophthalmus,Pesce Gatto Iridescente,Iridescent Shark,7649971,ok,15.1,Aree di stoccaggio dell'acqua oltre 8 ettari,marginal,unknown,unknown,5.0,160.0,,
1008,1008,Paracanthurus Hepatus,Pesce Chirurgo Blu,Blue Tang,1507676,ok,9.8.1,Canale esterno della barriera corallina,suitable,unknown,unknown,,,2.0,40.0
1008,1008,Paracanthurus Hepatus,Pesce Chirurgo Blu,Blue Tang,1507676,ok,9.8.3,Pendio esterno,suitable,unknown,unknown,,,2.0,40.0
1008,1008,Paracanthurus Hepatus,Pesce Chirurgo Blu,Blue Tang,1507676,ok,9.8,Neritica marina – Barriera corallina,suitable,unknown,unknown,,,2.0,40.0
1009,1009,Paracheirodon Innesi,Neon Tetra,Neon Tetra,160186246,ok,5.1,Zone umide (interne) – Fiumi/torrenti/cascate permanenti,suitable,unknown,unknown,,,,
1010,1010,Passer Sahari,Passero Del Sahara,Sahara Sparrow,,assessment_not_found,,,unknown,unknown,unknown,,,,
1011,1011,Perca Fluviatilis,Pesce Persico,European Perch,58297645,ok,5.5,Zone umide (interne) – Laghi permanenti di acqua dolce (oltre 8 ettari),suitable,yes,resident,,,,
1011,1011,Perca Fluviatilis,Pesce Persico,European Perch,58297645,ok,5.7,Zone umide (interne) – Paludi/stagni d'acqua dolce permanenti (inferiori a 8 ettari),suitable,yes,resident,,,,
1011,1011,Perca Fluviatilis,Pesce Persico,European Perch,58297645,ok,5.1,Zone umide (interne) – Fiumi/torrenti/cascate permanenti,suitable,yes,resident,,,,
1011,1011,Perca Fluviatilis,Pesce Persico,European Perch,58297645,ok,15.2,Stagni sotto gli 8 ettari,suitable,no,resident,,,,
1011,1011,Perca Fluviatilis,Pesce Persico,European Perch,58297645,ok,15.9,Canali e fossi di drenaggio,suitable,no,resident,,,,
1011,1011,Perca Fluviatilis,Pesce Persico,European Perch,58297645,ok,13.4,Lagune costiere salmastre/saline/laghi marini,suitable,yes,resident,,,,
1011,1011,Perca Fluviatilis,Pesce Persico,European Perch,58297645,ok,13.5,Laghi costieri di acqua dolce,suitable,yes,resident,,,,
1011,1011,Perca Fluviatilis,Pesce Persico,European Perch,58297645,ok,15.1,Aree di stoccaggio dell'acqua oltre 8 ettari,suitable,no,resident,,,,
1011,1011,Perca Fluviatilis,Pesce Persico,European Perch,58297645,ok,5.13,Zone umide (interne) – Delta interni permanenti,suitable,yes,resident,,,,
1011,1011,Perca Fluviatilis,Pesce Persico,European Perch,58297645,ok,5.14,"Zone umide (interne) – Laghi permanenti salini, salmastri o alcalini",suitable,yes,resident,,,,
1011,1011,Perca Fluviatilis,Pesce Persico,European Perch,58297645,ok,9.10,Estuari,suitable,yes,resident,,,,
1012,1012,Periophthalmus Barbarus,Mudskipper Atlantico,Atlantic Mudskipper,21913503,ok,12.7,Radici sommerse delle mangrovie,unknown,unknown,unknown,,,,
1012,1012,Periophthalmus Barbarus,Mudskipper Atlantico,Atlantic Mudskipper,21913503,ok,12.5,Paludi salmastre,unknown,unknown,unknown,,,,
1012,1012,Periophthalmus Barbarus,Mudskipper Atlantico,Atlantic Mudskipper,21913503,ok,9.10,Estuari,unknown,unknown,unknown,,,,
1012,1012,Periophthalmus Barbarus,Mudskipper Atlantico,Atlantic Mudskipper,21913503,ok,9.8.4,Laguna,unknown,unknown,unknown,,,,
1012,1012,Periophthalmus Barbarus,Mudskipper Atlantico,Atlantic Mudskipper,21913503,ok,9.6,Neritico marino – Subtidale fangoso,unknown,unknown,unknown,,,,
1012,1012,Periophthalmus Barbarus,Mudskipper Atlantico,Atlantic Mudskipper,21913503,ok,5.17,"Zone umide (interne) – Paludi/pozze saline, salmastre o alcaline stagionali/intermittenti",unknown,unknown,unknown,,,,
1012,1012,Periophthalmus Barbarus,Mudskipper Atlantico,Atlantic Mudskipper,21913503,ok,5.16,"Zone umide (interne) – Paludi/stagni permanenti salini, salmastri o alcalini",unknown,unknown,unknown,,,,
1012,1012,Periophthalmus Barbarus,Mudskipper Atlantico,Atlantic Mudskipper,21913503,ok,5.2,Zone umide (interne) – Fiumi/torrenti/canali stagionali/intermittenti/irregolari,unknown,unknown,unknown,,,,
1012,1012,Periophthalmus Barbarus,Mudskipper Atlantico,Atlantic Mudskipper,21913503,ok,5.1,Zone umide (interne) – Fiumi/torrenti/cascate permanenti,unknown,unknown,unknown,,,,
1013,1013,Photoblepharon Palpebratum,Pesce Torcia Palpebrato,Eyelight Fish,123356182,ok,9.8,Neritica marina – Barriera corallina,suitable,yes,resident,,,1.0,50.0
1013,1013,Photoblepharon Palpebratum,Pesce Torcia Palpebrato,Eyelight Fish,123356182,ok,9.2,Neritica marina – Rocce e scogliere rocciose subtidali,suitable,yes,resident,,,1.0,50.0
1015,1015,Pleuronectes Platessa,Passera Di Mare,European Plaice,135111216,ok,9.6,Neritico marino – Subtidale fangoso,suitable,yes,resident,,,500.0,
1015,1015,Pleuronectes Platessa,Passera Di Mare,European Plaice,135111216,ok,9.10,Estuari,suitable,yes,resident,,,500.0,
1015,1015,Pleuronectes Platessa,Passera Di Mare,European Plaice,135111216,ok,9.5,Neritico marino – Fango sabbioso subtidale,suitable,yes,resident,,,500.0,
1015,1015,Pleuronectes Platessa,Passera Di Mare,European Plaice,135111216,ok,9.4,Neritico marino – Sabbioso subtidale,suitable,yes,resident,,,500.0,
1015,1015,Pleuronectes Platessa,Passera Di Mare,European Plaice,135111216,ok,5.1,Zone umide (interne) – Fiumi/torrenti/cascate permanenti,suitable,no,resident,,,500.0,
1016,1016,Poecilia Reticulata,Guppy,Guppy,3100119,ok,5.7,Zone umide (interne) – Paludi/stagni d'acqua dolce permanenti (inferiori a 8 ettari),suitable,yes,resident,,,,
1016,1016,Poecilia Reticulata,Guppy,Guppy,3100119,ok,5.4,"Zone umide (interne) – Paludi, acquitrini, torbiere",suitable,yes,resident,,,,
1016,1016,Poecilia Reticulata,Guppy,Guppy,3100119,ok,5.13,Zone umide (interne) – Delta interni permanenti,marginal,unknown,resident,,,,
1016,1016,Poecilia Reticulata,Guppy,Guppy,3100119,ok,5.1,Zone umide (interne) – Fiumi/torrenti/cascate permanenti,suitable,yes,resident,,,,
1016,1016,Poecilia Reticulata,Guppy,Guppy,3100119,ok,5.9,Zone umide (interne) – Sorgenti di acqua dolce e oasi,suitable,yes,resident,,,,
1016,1016,Poecilia Reticulata,Guppy,Guppy,3100119,ok,15.1,Aree di stoccaggio dell'acqua oltre 8 ettari,marginal,unknown,resident,,,,
1016,1016,Poecilia Reticulata,Guppy,Guppy,3100119,ok,15.2,Stagni sotto gli 8 ettari,marginal,unknown,resident,,,,
1016,1016,Poecilia Reticulata,Guppy,Guppy,3100119,ok,15.7,"Terreni irrigati, compresi i canali di irrigazione",marginal,unknown,resident,,,,
1016,1016,Poecilia Reticulata,Guppy,Guppy,3100119,ok,5.12,Zone umide (interne) – Zone umide geotermiche,marginal,unknown,resident,,,,
1016,1016,Poecilia Reticulata,Guppy,Guppy,3100119,ok,15.9,Canali e fossi di drenaggio,suitable,no,resident,,,,
1017,1017,Pollachius Pollachius,Merluzzo Europeo,Pollack,45098355,ok,9.2,Neritica marina – Rocce e scogliere rocciose subtidali,suitable,unknown,resident,,,1.0,200.0
1018,1018,Polyodon Spathula,Pesce Spatola,American Paddlefish,81763841,ok,5.1,Zone umide (interne) – Fiumi/torrenti/cascate permanenti,suitable,unknown,unknown,0.0,60.0,0.0,20.0
1018,1018,Polyodon Spathula,Pesce Spatola,American Paddlefish,81763841,ok,15.3,Stagni per l'acquacoltura,marginal,unknown,unknown,0.0,60.0,0.0,20.0
1019,1019,Polypterus Senegalus,Bichir Del Senegal,Senegal Bichir,58331540,ok,5.1,Zone umide (interne) – Fiumi/torrenti/cascate permanenti,suitable,unknown,unknown,,,,
1019,1019,Polypterus Senegalus,Bichir Del Senegal,Senegal Bichir,58331540,ok,5.7,Zone umide (interne) – Paludi/stagni d'acqua dolce permanenti (inferiori a 8 ettari),suitable,unknown,unknown,,,,
1019,1019,Polypterus Senegalus,Bichir Del Senegal,Senegal Bichir,58331540,ok,5.13,Zone umide (interne) – Delta interni permanenti,suitable,unknown,unknown,,,,
1019,1019,Polypterus Senegalus,Bichir Del Senegal,Senegal Bichir,58331540,ok,5.16,"Zone umide (interne) – Paludi/stagni permanenti salini, salmastri o alcalini",suitable,unknown,unknown,,,,
1020,1020,Pomacanthus Imperator,Pesce Angelo Imperatore,Emperor Angelfish,6151184,ok,9.8.1,Canale esterno della barriera corallina,suitable,yes,unknown,,,1.0,100.0
1020,1020,Pomacanthus Imperator,Pesce Angelo Imperatore,Emperor Angelfish,6151184,ok,9.8.2,Pendio posteriore,suitable,yes,unknown,,,1.0,100.0
1020,1020,Pomacanthus Imperator,Pesce Angelo Imperatore,Emperor Angelfish,6151184,ok,9.2,Neritica marina – Rocce e scogliere rocciose subtidali,suitable,yes,unknown,,,1.0,100.0
1020,1020,Pomacanthus Imperator,Pesce Angelo Imperatore,Emperor Angelfish,6151184,ok,9.8.3,Pendio esterno,suitable,yes,unknown,,,1.0,100.0
1020,1020,Pomacanthus Imperator,Pesce Angelo Imperatore,Emperor Angelfish,6151184,ok,9.8.4,Laguna,suitable,yes,unknown,,,1.0,100.0
1020,1020,Pomacanthus Imperator,Pesce Angelo Imperatore,Emperor Angelfish,6151184,ok,9.8,Neritica marina – Barriera corallina,suitable,yes,unknown,,,1.0,100.0
1021,1021,Potamotrygon Motoro,Razza Ocellata,Ocellate River Stingray,2923869,ok,5.1,Zone umide (interne) – Fiumi/torrenti/cascate permanenti,suitable,yes,resident,,,,
1022,1022,Prionace Glauca,Squalo Blu,Blue Shark,2915850,ok,10.1,Epipelagico (0–200 m),suitable,yes,resident,,,0.0,1000.0
1022,1022,Prionace Glauca,Squalo Blu,Blue Shark,2915850,ok,10.2,Mesopelagico (200–1.000 m),suitable,yes,resident,,,0.0,1000.0
1022,1022,Prionace Glauca,Squalo Blu,Blue Shark,2915850,ok,9.1,Neritico marino – Pelagico,suitable,yes,resident,,,0.0,1000.0
1023,1023,Pristis Pectinata,Pesce Sega Smalltooth,Smalltooth Sawfish,249881355,ok,9.4,Neritico marino – Sabbioso subtidale,suitable,yes,resident,,,0.0,122.0
1023,1023,Pristis Pectinata,Pesce Sega Smalltooth,Smalltooth Sawfish,249881355,ok,9.5,Neritico marino – Fango sabbioso subtidale,suitable,yes,resident,,,0.0,122.0
1023,1023,Pristis Pectinata,Pesce Sega Smalltooth,Smalltooth Sawfish,249881355,ok,9.6,Neritico marino – Subtidale fangoso,suitable,yes,resident,,,0.0,122.0
1023,1023,Pristis Pectinata,Pesce Sega Smalltooth,Smalltooth Sawfish,249881355,ok,9.9,Erba marina sommersa,suitable,yes,resident,,,0.0,122.0
1023,1023,Pristis Pectinata,Pesce Sega Smalltooth,Smalltooth Sawfish,249881355,ok,9.10,Estuari,suitable,yes,resident,,,0.0,122.0
1023,1023,Pristis Pectinata,Pesce Sega Smalltooth,Smalltooth Sawfish,249881355,ok,12.4,Coste fangose e piane fangose intertidali,suitable,yes,resident,,,0.0,122.0
1023,1023,Pristis Pectinata,Pesce Sega Smalltooth,Smalltooth Sawfish,249881355,ok,12.7,Radici sommerse delle mangrovie,suitable,yes,resident,,,0.0,122.0
1024,1024,Pristis Pristis,Pesce Sega Gigante,Largetooth Sawfish,249880242,ok,5.1,Zone umide (interne) – Fiumi/torrenti/cascate permanenti,suitable,yes,resident,,,0.0,60.0
1024,1024,Pristis Pristis,Pesce Sega Gigante,Largetooth Sawfish,249880242,ok,5.2,Zone umide (interne) – Fiumi/torrenti/canali stagionali/intermittenti/irregolari,suitable,yes,resident,,,0.0,60.0
1024,1024,Pristis Pristis,Pesce Sega Gigante,Largetooth Sawfish,249880242,ok,5.5,Zone umide (interne) – Laghi permanenti di acqua dolce (oltre 8 ettari),suitable,yes,resident,,,0.0,60.0
1024,1024,Pristis Pristis,Pesce Sega Gigante,Largetooth Sawfish,249880242,ok,5.8,Zone umide (interne) – Paludi/stagni d'acqua dolce stagionali/intermittenti (inferiori a 8 ettari),suitable,yes,resident,,,0.0,60.0
1024,1024,Pristis Pristis,Pesce Sega Gigante,Largetooth Sawfish,249880242,ok,9.4,Neritico marino – Sabbioso subtidale,suitable,yes,resident,,,0.0,60.0
1024,1024,Pristis Pristis,Pesce Sega Gigante,Largetooth Sawfish,249880242,ok,9.5,Neritico marino – Fango sabbioso subtidale,suitable,yes,resident,,,0.0,60.0
1024,1024,Pristis Pristis,Pesce Sega Gigante,Largetooth Sawfish,249880242,ok,9.6,Neritico marino – Subtidale fangoso,suitable,yes,resident,,,0.0,60.0
1024,1024,Pristis Pristis,Pesce Sega Gigante,Largetooth Sawfish,249880242,ok,9.9,Erba marina sommersa,suitable,yes,resident,,,0.0,60.0
1024,1024,Pristis Pristis,Pesce Sega Gigante,Largetooth Sawfish,249880242,ok,9.10,Estuari,suitable,yes,resident,,,0.0,60.0
1024,1024,Pristis Pristis,Pesce Sega Gigante,Largetooth Sawfish,249880242,ok,12.4,Coste fangose e piane fangose intertidali,suitable,yes,resident,,,0.0,60.0
1024,1024,Pristis Pristis,Pesce Sega Gigante,Largetooth Sawfish,249880242,ok,12.7,Radici sommerse delle mangrovie,suitable,yes,resident,,,0.0,60.0
1025,1025,Scophthalmus Maximus,Rombo Chiodato,Turbot,144939322,ok,9.3,Neritico marino – Roccia/ciottoli/ghiaia sciolti subtidali,suitable,yes,resident,,,0.0,140.0
1025,1025,Scophthalmus Maximus,Rombo Chiodato,Turbot,144939322,ok,9.4,Neritico marino – Sabbioso subtidale,suitable,yes,resident,,,0.0,140.0
1025,1025,Scophthalmus Maximus,Rombo Chiodato,Turbot,144939322,ok,9.10,Estuari,suitable,yes,resident,,,0.0,140.0
1026,1026,Psychrolutes Marcidus,Blobfish,Blobfish,,assessment_not_found,,,unknown,unknown,unknown,,,,
1027,1027,Pterois Volitans,Pesce Leone,Red Lionfish,78940195,ok,9.8,Neritica marina – Barriera corallina,suitable,yes,resident,,,1.0,50.0
1027,1027,Pterois Volitans,Pesce Leone,Red Lionfish,78940195,ok,9.2,Neritica marina – Rocce e scogliere rocciose subtidali,suitable,yes,resident,,,1.0,50.0
1027,1027,Pterois Volitans,Pesce Leone,Red Lionfish,78940195,ok,9.10,Estuari,suitable,no,resident,,,1.0,50.0
1028,1028,Pterophyllum Scalare,Pesce Angelo,Freshwater Angelfish,160296386,ok,5.1,Zone umide (interne) – Fiumi/torrenti/cascate permanenti,suitable,unknown,resident,,,,
1028,1028,Pterophyllum Scalare,Pesce Angelo,Freshwater Angelfish,160296386,ok,5.4,"Zone umide (interne) – Paludi, acquitrini, torbiere",suitable,unknown,resident,,,,
1029,1029,Pygocentrus Nattereri,Piranha Rosso,Red-Bellied Piranha,1815617,ok,5.1,Zone umide (interne) – Fiumi/torrenti/cascate permanenti,suitable,unknown,unknown,,,,
1029,1029,Pygocentrus Nattereri,Piranha Rosso,Red-Bellied Piranha,1815617,ok,5.7,Zone umide (interne) – Paludi/stagni d'acqua dolce permanenti (inferiori a 8 ettari),suitable,unknown,unknown,,,,
1029,1029,Pygocentrus Nattereri,Piranha Rosso,Red-Bellied Piranha,1815617,ok,5.8,Zone umide (interne) – Paludi/stagni d'acqua dolce stagionali/intermittenti (inferiori a 8 ettari),suitable,unknown,unknown,,,,
1030,1030,Raja Clavata,Razza Chiodata,Thornback Ray,183779744,ok,9.4,Neritico marino – Sabbioso subtidale,suitable,yes,resident,,,5.0,1020.0
1030,1030,Raja Clavata,Razza Chiodata,Thornback Ray,183779744,ok,9.5,Neritico marino – Fango sabbioso subtidale,suitable,yes,resident,,,5.0,1020.0
1030,1030,Raja Clavata,Razza Chiodata,Thornback Ray,183779744,ok,9.10,Estuari,suitable,yes,resident,,,5.0,1020.0
1030,1030,Raja Clavata,Razza Chiodata,Thornback Ray,183779744,ok,11.1.1,Pendio continentale/Zona batilica – Substrato rigido,suitable,yes,resident,,,5.0,1020.0
1030,1030,Raja Clavata,Razza Chiodata,Thornback Ray,183779744,ok,11.1.2,Pendio continentale/Zona batilica – Substrato morbido,suitable,yes,resident,,,5.0,1020.0
1031,1031,Regalecus Glesne,Pesce Remo,Giant Oarfish,115316206,ok,10.2,Mesopelagico (200–1.000 m),suitable,yes,resident,,,15.0,1000.0
1031,1031,Regalecus Glesne,Pesce Remo,Giant Oarfish,115316206,ok,10.3,Batipelagico (1.000–4.000 m),suitable,yes,resident,,,15.0,1000.0
1032,1032,Remora Remora,Remora,Remora,115343508,ok,9.1,Neritico marino – Pelagico,suitable,unknown,resident,,,1.0,100.0
1032,1032,Remora Remora,Remora,Remora,115343508,ok,10.1,Epipelagico (0–200 m),suitable,unknown,resident,,,1.0,100.0
1033,1033,Rhincodon Typus,Squalo Balena,Whale Shark,126673248,ok,10.3,Batipelagico (1.000–4.000 m),suitable,yes,resident,,,0.0,1928.0
1033,1033,Rhincodon Typus,Squalo Balena,Whale Shark,126673248,ok,10.2,Mesopelagico (200–1.000 m),suitable,yes,resident,,,0.0,1928.0
1033,1033,Rhincodon Typus,Squalo Balena,Whale Shark,126673248,ok,10.1,Epipelagico (0–200 m),suitable,yes,resident,,,0.0,1928.0
1033,1033,Rhincodon Typus,Squalo Balena,Whale Shark,126673248,ok,9.1,Neritico marino – Pelagico,suitable,yes,resident,,,0.0,1928.0
1034,1034,Rhinecanthus Aculeatus,Pesce Balestra Di Picasso,Picasso Triggerfish,2264946,ok,9.4,Neritico marino – Sabbioso subtidale,suitable,yes,resident,,,1.0,50.0
1034,1034,Rhinecanthus Aculeatus,Pesce Balestra Di Picasso,Picasso Triggerfish,2264946,ok,9.3,Neritico marino – Roccia/ciottoli/ghiaia sciolti subtidali,suitable,yes,resident,,,1.0,50.0
1034,1034,Rhinecanthus Aculeatus,Pesce Balestra Di Picasso,Picasso Triggerfish,2264946,ok,9.2,Neritica marina – Rocce e scogliere rocciose subtidali,suitable,yes,resident,,,1.0,50.0
1034,1034,Rhinecanthus Aculeatus,Pesce Balestra Di Picasso,Picasso Triggerfish,2264946,ok,9.8,Neritica marina – Barriera corallina,suitable,yes,resident,,,1.0,50.0
1034,1034,Rhinecanthus Aculeatus,Pesce Balestra Di Picasso,Picasso Triggerfish,2264946,ok,9.9,Erba marina sommersa,suitable,yes,resident,,,1.0,50.0
1036,1036,Rocio Octofasciata,Ciclide Jack Dempsey,Jack Dempsey Cichlid,2179785,ok,5.9,Zone umide (interne) – Sorgenti di acqua dolce e oasi,suitable,yes,resident,0.0,500.0,,
1036,1036,Rocio Octofasciata,Ciclide Jack Dempsey,Jack Dempsey Cichlid,2179785,ok,5.1,Zone umide (interne) – Fiumi/torrenti/cascate permanenti,suitable,yes,resident,0.0,500.0,,
1036,1036,Rocio Octofasciata,Ciclide Jack Dempsey,Jack Dempsey Cichlid,2179785,ok,15.9,Canali e fossi di drenaggio,suitable,no,resident,0.0,500.0,,
1036,1036,Rocio Octofasciata,Ciclide Jack Dempsey,Jack Dempsey Cichlid,2179785,ok,15.2,Stagni sotto gli 8 ettari,suitable,no,resident,0.0,500.0,,
1036,1036,Rocio Octofasciata,Ciclide Jack Dempsey,Jack Dempsey Cichlid,2179785,ok,5.2,Zone umide (interne) – Fiumi/torrenti/canali stagionali/intermittenti/irregolari,suitable,no,resident,0.0,500.0,,
1036,1036,Rocio Octofasciata,Ciclide Jack Dempsey,Jack Dempsey Cichlid,2179785,ok,5.5,Zone umide (interne) – Laghi permanenti di acqua dolce (oltre 8 ettari),suitable,yes,resident,0.0,500.0,,
1036,1036,Rocio Octofasciata,Ciclide Jack Dempsey,Jack Dempsey Cichlid,2179785,ok,5.6,Zone umide (interne) – Laghi d'acqua dolce stagionali/intermittenti (oltre 8 ha),suitable,no,resident,0.0,500.0,,
1036,1036,Rocio Octofasciata,Ciclide Jack Dempsey,Jack Dempsey Cichlid,2179785,ok,5.7,Zone umide (interne) – Paludi/stagni d'acqua dolce permanenti (inferiori a 8 ettari),suitable,yes,resident,0.0,500.0,,
1036,1036,Rocio Octofasciata,Ciclide Jack Dempsey,Jack Dempsey Cichlid,2179785,ok,5.8,Zone umide (interne) – Paludi/stagni d'acqua dolce stagionali/intermittenti (inferiori a 8 ettari),suitable,no,resident,0.0,500.0,,
1037,1037,Rutilus Rutilus,Scardola,Common Roach,58301083,ok,5.5,Zone umide (interne) – Laghi permanenti di acqua dolce (oltre 8 ettari),suitable,yes,resident,,,,
1037,1037,Rutilus Rutilus,Scardola,Common Roach,58301083,ok,5.1,Zone umide (interne) – Fiumi/torrenti/cascate permanenti,suitable,yes,resident,,,,
1037,1037,Rutilus Rutilus,Scardola,Common Roach,58301083,ok,13.4,Lagune costiere salmastre/saline/laghi marini,suitable,yes,breeding,,,,
1037,1037,Rutilus Rutilus,Scardola,Common Roach,58301083,ok,13.5,Laghi costieri di acqua dolce,suitable,yes,resident,,,,
1037,1037,Rutilus Rutilus,Scardola,Common Roach,58301083,ok,15.1,Aree di stoccaggio dell'acqua oltre 8 ettari,suitable,no,resident,,,,
1037,1037,Rutilus Rutilus,Scardola,Common Roach,58301083,ok,15.2,Stagni sotto gli 8 ettari,suitable,no,resident,,,,
1037,1037,Rutilus Rutilus,Scardola,Common Roach,58301083,ok,15.7,"Terreni irrigati, compresi i canali di irrigazione",suitable,no,resident,,,,
1037,1037,Rutilus Rutilus,Scardola,Common Roach,58301083,ok,15.9,Canali e fossi di drenaggio,suitable,no,resident,,,,
1037,1037,Rutilus Rutilus,Scardola,Common Roach,58301083,ok,5.6,Zone umide (interne) – Laghi d'acqua dolce stagionali/intermittenti (oltre 8 ha),suitable,yes,breeding,,,,
1037,1037,Rutilus Rutilus,Scardola,Common Roach,58301083,ok,5.7,Zone umide (interne) – Paludi/stagni d'acqua dolce permanenti (inferiori a 8 ettari),suitable,yes,resident,,,,
1038,1038,Salmo Trutta,Trota Di Fiume,Brown Trout,58301467,ok,5.5,Zone umide (interne) – Laghi permanenti di acqua dolce (oltre 8 ettari),suitable,yes,resident,,,,
1038,1038,Salmo Trutta,Trota Di Fiume,Brown Trout,58301467,ok,9.10,Estuari,suitable,yes,resident,,,,
1038,1038,Salmo Trutta,Trota Di Fiume,Brown Trout,58301467,ok,5.1,Zone umide (interne) – Fiumi/torrenti/cascate permanenti,suitable,yes,resident,,,,
1038,1038,Salmo Trutta,Trota Di Fiume,Brown Trout,58301467,ok,9.1,Neritico marino – Pelagico,suitable,yes,resident,,,,
1038,1038,Salmo Trutta,Trota Di Fiume,Brown Trout,58301467,ok,15.1,Aree di stoccaggio dell'acqua oltre 8 ettari,suitable,no,resident,,,,
1039,1039,Salvator Merianae,Tegù Argentino,Argentine Black-And-White Tegu,61322552,ok,14,Artificiale - Terrestre,suitable,unknown,unknown,,,,
1039,1039,Salvator Merianae,Tegù Argentino,Argentine Black-And-White Tegu,61322552,ok,3,Arbusti,suitable,unknown,unknown,,,,
1039,1039,Salvator Merianae,Tegù Argentino,Argentine Black-And-White Tegu,61322552,ok,1.6,Foresta – Pianura umida subtropicale/tropicale,suitable,unknown,unknown,,,,
1039,1039,Salvator Merianae,Tegù Argentino,Argentine Black-And-White Tegu,61322552,ok,1.5,Foresta – Subtropicale/tropicale secca,suitable,unknown,unknown,,,,
1040,1040,Sarda Sarda,Tonnetto Striato,Atlantic Bonito,46927291,ok,9.1,Neritico marino – Pelagico,suitable,unknown,unknown,,,0.0,200.0
1040,1040,Sarda Sarda,Tonnetto Striato,Atlantic Bonito,46927291,ok,10.1,Epipelagico (0–200 m),suitable,unknown,unknown,,,0.0,200.0
1041,1041,Sardina Pilchardus,Sardina,European Pilchard,15542481,ok,10.1,Epipelagico (0–200 m),suitable,unknown,unknown,,,10.0,100.0
1041,1041,Sardina Pilchardus,Sardina,European Pilchard,15542481,ok,9.1,Neritico marino – Pelagico,suitable,unknown,unknown,,,10.0,100.0
1042,1042,Sarpa Salpa,Salpa,Salema Porgy,1286510,ok,9.4,Neritico marino – Sabbioso subtidale,marginal,unknown,unknown,,,0.0,70.0
1042,1042,Sarpa Salpa,Salpa,Salema Porgy,1286510,ok,9.3,Neritico marino – Roccia/ciottoli/ghiaia sciolti subtidali,suitable,yes,unknown,,,0.0,70.0
1042,1042,Sarpa Salpa,Salpa,Salema Porgy,1286510,ok,9.7,Neritico marino – Macroalghe/alghe,suitable,yes,unknown,,,0.0,70.0
1042,1042,Sarpa Salpa,Salpa,Salema Porgy,1286510,ok,9.2,Neritica marina – Rocce e scogliere rocciose subtidali,suitable,yes,unknown,,,0.0,70.0
1042,1042,Sarpa Salpa,Salpa,Salema Porgy,1286510,ok,9.9,Erba marina sommersa,suitable,yes,unknown,,,0.0,70.0
1043,1043,Scardinius Erythrophthalmus,Scardola,Common Rudd,58302044,ok,5.1,Zone umide (interne) – Fiumi/torrenti/cascate permanenti,suitable,yes,resident,,,,
1043,1043,Scardinius Erythrophthalmus,Scardola,Common Rudd,58302044,ok,5.5,Zone umide (interne) – Laghi permanenti di acqua dolce (oltre 8 ettari),suitable,yes,resident,,,,
1043,1043,Scardinius Erythrophthalmus,Scardola,Common Rudd,58302044,ok,5.7,Zone umide (interne) – Paludi/stagni d'acqua dolce permanenti (inferiori a 8 ettari),suitable,yes,resident,,,,
1043,1043,Scardinius Erythrophthalmus,Scardola,Common Rudd,58302044,ok,15.1,Aree di stoccaggio dell'acqua oltre 8 ettari,suitable,no,resident,,,,
1043,1043,Scardinius Erythrophthalmus,Scardola,Common Rudd,58302044,ok,15.2,Stagni sotto gli 8 ettari,suitable,no,resident,,,,
1043,1043,Scardinius Erythrophthalmus,Scardola,Common Rudd,58302044,ok,15.9,Canali e fossi di drenaggio,suitable,no,resident,,,,
1044,1044,Scarus Guacamaia,Pappagallpesce Arcobaleno,Rainbow Parrotfish,17627624,ok,9.2,Neritica marina – Rocce e scogliere rocciose subtidali,suitable,yes,unknown,,,1.0,25.0
1044,1044,Scarus Guacamaia,Pappagallpesce Arcobaleno,Rainbow Parrotfish,17627624,ok,12.7,Radici sommerse delle mangrovie,suitable,yes,unknown,,,1.0,25.0
1044,1044,Scarus Guacamaia,Pappagallpesce Arcobaleno,Rainbow Parrotfish,17627624,ok,9.9,Erba marina sommersa,suitable,yes,unknown,,,1.0,25.0
1044,1044,Scarus Guacamaia,Pappagallpesce Arcobaleno,Rainbow Parrotfish,17627624,ok,9.7,Neritico marino – Macroalghe/alghe,suitable,yes,unknown,,,1.0,25.0
1044,1044,Scarus Guacamaia,Pappagallpesce Arcobaleno,Rainbow Parrotfish,17627624,ok,9.8,Neritica marina – Barriera corallina,suitable,yes,unknown,,,1.0,25.0
1044,1044,Scarus Guacamaia,Pappagallpesce Arcobaleno,Rainbow Parrotfish,17627624,ok,9.8.2,Pendio posteriore,suitable,yes,unknown,,,1.0,25.0
1044,1044,Scarus Guacamaia,Pappagallpesce Arcobaleno,Rainbow Parrotfish,17627624,ok,9.8.4,Laguna,suitable,yes,unknown,,,1.0,25.0
1045,1045,Scleropages Formosus,Pesce Drago Asiatico,Asian Arowana,89797267,ok,5.5,Zone umide (interne) – Laghi permanenti di acqua dolce (oltre 8 ettari),suitable,yes,unknown,,,,
1045,1045,Scleropages Formosus,Pesce Drago Asiatico,Asian Arowana,89797267,ok,5.4,"Zone umide (interne) – Paludi, acquitrini, torbiere",suitable,yes,unknown,,,,
1045,1045,Scleropages Formosus,Pesce Drago Asiatico,Asian Arowana,89797267,ok,5.1,Zone umide (interne) – Fiumi/torrenti/cascate permanenti,suitable,yes,unknown,,,,
1045,1045,Scleropages Formosus,Pesce Drago Asiatico,Asian Arowana,89797267,ok,15.2,Stagni sotto gli 8 ettari,suitable,unknown,unknown,,,,
1045,1045,Scleropages Formosus,Pesce Drago Asiatico,Asian Arowana,89797267,ok,15.3,Stagni per l'acquacoltura,suitable,unknown,unknown,,,,
1045,1045,Scleropages Formosus,Pesce Drago Asiatico,Asian Arowana,89797267,ok,15.9,Canali e fossi di drenaggio,suitable,unknown,unknown,,,,
1046,1046,Scolopendra Gigantea,Scolopendra Gigante Amazzonica,Amazonian Giant Centipede,,assessment_not_found,,,unknown,unknown,unknown,,,,
1047,1047,Scolopendra Polymorpha,Centopiedi Del Deserto,Desert Centipede,,assessment_not_found,,,unknown,unknown,unknown,,,,
1048,1048,Scomber Scombrus,Sgombro Atlantico,Atlantic Mackerel,170089639,ok,10.1,Epipelagico (0–200 m),suitable,yes,resident,,,0.0,1000.0
1048,1048,Scomber Scombrus,Sgombro Atlantico,Atlantic Mackerel,170089639,ok,9.1,Neritico marino – Pelagico,suitable,yes,resident,,,0.0,1000.0
1049,1049,Scophthalmus Maximus,Rombo Chiodato,Turbot,144939322,ok,9.3,Neritico marino – Roccia/ciottoli/ghiaia sciolti subtidali,suitable,yes,resident,,,0.0,140.0
1049,1049,Scophthalmus Maximus,Rombo Chiodato,Turbot,144939322,ok,9.4,Neritico marino – Sabbioso subtidale,suitable,yes,resident,,,0.0,140.0
1049,1049,Scophthalmus Maximus,Rombo Chiodato,Turbot,144939322,ok,9.10,Estuari,suitable,yes,resident,,,0.0,140.0
1050,1050,Scorpaena Porcus,Scorfano Nero,Black Scorpionfish,177149605,ok,9.7,Neritico marino – Macroalghe/alghe,suitable,no,unknown,,,10.0,90.0
1050,1050,Scorpaena Porcus,Scorfano Nero,Black Scorpionfish,177149605,ok,9.9,Erba marina sommersa,suitable,no,unknown,,,10.0,90.0
1050,1050,Scorpaena Porcus,Scorfano Nero,Black Scorpionfish,177149605,ok,10.1,Epipelagico (0–200 m),suitable,yes,resident,,,10.0,90.0
1050,1050,Scorpaena Porcus,Scorfano Nero,Black Scorpionfish,177149605,ok,13.2,Grotte costiere/Carsismo,suitable,no,unknown,,,10.0,90.0
1051,1051,Scorpaena Scrofa,Pesce Scorfano Rosso,Red Scorpionfish,15592127,ok,11.1.2,Pendio continentale/Zona batilica – Substrato morbido,suitable,yes,resident,,,10.0,500.0
1051,1051,Scorpaena Scrofa,Pesce Scorfano Rosso,Red Scorpionfish,15592127,ok,11.1.1,Pendio continentale/Zona batilica – Substrato rigido,suitable,yes,resident,,,10.0,500.0
1051,1051,Scorpaena Scrofa,Pesce Scorfano Rosso,Red Scorpionfish,15592127,ok,9.9,Erba marina sommersa,suitable,yes,resident,,,10.0,500.0
1051,1051,Scorpaena Scrofa,Pesce Scorfano Rosso,Red Scorpionfish,15592127,ok,9.6,Neritico marino – Subtidale fangoso,suitable,yes,resident,,,10.0,500.0
1051,1051,Scorpaena Scrofa,Pesce Scorfano Rosso,Red Scorpionfish,15592127,ok,9.5,Neritico marino – Fango sabbioso subtidale,suitable,yes,resident,,,10.0,500.0
1051,1051,Scorpaena Scrofa,Pesce Scorfano Rosso,Red Scorpionfish,15592127,ok,9.4,Neritico marino – Sabbioso subtidale,suitable,yes,resident,,,10.0,500.0
1051,1051,Scorpaena Scrofa,Pesce Scorfano Rosso,Red Scorpionfish,15592127,ok,9.3,Neritico marino – Roccia/ciottoli/ghiaia sciolti subtidali,suitable,yes,resident,,,10.0,500.0
1051,1051,Scorpaena Scrofa,Pesce Scorfano Rosso,Red Scorpionfish,15592127,ok,9.2,Neritica marina – Rocce e scogliere rocciose subtidali,suitable,yes,resident,,,10.0,500.0
1052,1052,Scutigera Coleoptrata,Centopiedi Domestico,House Centipede,,assessment_not_found,,,unknown,unknown,unknown,,,,
1053,1053,Scyliorhinus Canicula,Gattuccio,Small-Spotted Catshark,124478351,ok,11.1.2,Pendio continentale/Zona batilica – Substrato morbido,suitable,yes,resident,,,0.0,800.0
1053,1053,Scyliorhinus Canicula,Gattuccio,Small-Spotted Catshark,124478351,ok,9.2,Neritica marina – Rocce e scogliere rocciose subtidali,suitable,yes,resident,,,0.0,800.0
1053,1053,Scyliorhinus Canicula,Gattuccio,Small-Spotted Catshark,124478351,ok,9.3,Neritico marino – Roccia/ciottoli/ghiaia sciolti subtidali,suitable,yes,resident,,,0.0,800.0
1053,1053,Scyliorhinus Canicula,Gattuccio,Small-Spotted Catshark,124478351,ok,9.4,Neritico marino – Sabbioso subtidale,suitable,yes,resident,,,0.0,800.0
1053,1053,Scyliorhinus Canicula,Gattuccio,Small-Spotted Catshark,124478351,ok,9.5,Neritico marino – Fango sabbioso subtidale,suitable,yes,resident,,,0.0,800.0
1053,1053,Scyliorhinus Canicula,Gattuccio,Small-Spotted Catshark,124478351,ok,9.6,Neritico marino – Subtidale fangoso,suitable,yes,resident,,,0.0,800.0
1053,1053,Scyliorhinus Canicula,Gattuccio,Small-Spotted Catshark,124478351,ok,11.1.1,Pendio continentale/Zona batilica – Substrato rigido,suitable,yes,resident,,,0.0,800.0
1054,1054,Serrasalmus Rhombeus,Piranha Nero,Redeye Piranha,1822309,ok,5.1,Zone umide (interne) – Fiumi/torrenti/cascate permanenti,suitable,unknown,unknown,,,,
1055,1055,Silurus Glanis,Siluro Europeo,Wels Catfish,58305522,ok,5.1,Zone umide (interne) – Fiumi/torrenti/cascate permanenti,suitable,yes,resident,,,,
1055,1055,Silurus Glanis,Siluro Europeo,Wels Catfish,58305522,ok,5.5,Zone umide (interne) – Laghi permanenti di acqua dolce (oltre 8 ettari),suitable,yes,resident,,,,
1055,1055,Silurus Glanis,Siluro Europeo,Wels Catfish,58305522,ok,5.7,Zone umide (interne) – Paludi/stagni d'acqua dolce permanenti (inferiori a 8 ettari),suitable,no,resident,,,,
1055,1055,Silurus Glanis,Siluro Europeo,Wels Catfish,58305522,ok,15.1,Aree di stoccaggio dell'acqua oltre 8 ettari,suitable,no,resident,,,,
1055,1055,Silurus Glanis,Siluro Europeo,Wels Catfish,58305522,ok,15.2,Stagni sotto gli 8 ettari,suitable,no,resident,,,,
1055,1055,Silurus Glanis,Siluro Europeo,Wels Catfish,58305522,ok,15.9,Canali e fossi di drenaggio,suitable,no,resident,,,,
1055,1055,Silurus Glanis,Siluro Europeo,Wels Catfish,58305522,ok,5.13,Zone umide (interne) – Delta interni permanenti,suitable,yes,resident,,,,
1056,1056,Solea Solea,Sogliola Comune,Common Sole,15595369,ok,9.6,Neritico marino – Subtidale fangoso,suitable,yes,resident,,,0.0,200.0
1056,1056,Solea Solea,Sogliola Comune,Common Sole,15595369,ok,9.5,Neritico marino – Fango sabbioso subtidale,suitable,yes,resident,,,0.0,200.0
1056,1056,Solea Solea,Sogliola Comune,Common Sole,15595369,ok,9.4,Neritico marino – Sabbioso subtidale,suitable,yes,resident,,,0.0,200.0
1056,1056,Solea Solea,Sogliola Comune,Common Sole,15595369,ok,13.4,Lagune costiere salmastre/saline/laghi marini,suitable,yes,resident,,,0.0,200.0
1057,1057,Somniosus Microcephalus,Squalo Della Groenlandia,Greenland Shark,124452872,ok,10.1,Epipelagico (0–200 m),suitable,yes,resident,,,0.0,2647.0
1057,1057,Somniosus Microcephalus,Squalo Della Groenlandia,Greenland Shark,124452872,ok,9.2,Neritica marina – Rocce e scogliere rocciose subtidali,suitable,yes,resident,,,0.0,2647.0
1057,1057,Somniosus Microcephalus,Squalo Della Groenlandia,Greenland Shark,124452872,ok,9.3,Neritico marino – Roccia/ciottoli/ghiaia sciolti subtidali,suitable,yes,resident,,,0.0,2647.0
1057,1057,Somniosus Microcephalus,Squalo Della Groenlandia,Greenland Shark,124452872,ok,9.4,Neritico marino – Sabbioso subtidale,suitable,yes,resident,,,0.0,2647.0
1057,1057,Somniosus Microcephalus,Squalo Della Groenlandia,Greenland Shark,124452872,ok,9.5,Neritico marino – Fango sabbioso subtidale,suitable,yes,resident,,,0.0,2647.0
1057,1057,Somniosus Microcephalus,Squalo Della Groenlandia,Greenland Shark,124452872,ok,9.6,Neritico marino – Subtidale fangoso,suitable,yes,resident,,,0.0,2647.0
1057,1057,Somniosus Microcephalus,Squalo Della Groenlandia,Greenland Shark,124452872,ok,11.1.1,Pendio continentale/Zona batilica – Substrato rigido,suitable,yes,resident,,,0.0,2647.0
1057,1057,Somniosus Microcephalus,Squalo Della Groenlandia,Greenland Shark,124452872,ok,11.1.2,Pendio continentale/Zona batilica – Substrato morbido,suitable,yes,resident,,,0.0,2647.0
1057,1057,Somniosus Microcephalus,Squalo Della Groenlandia,Greenland Shark,124452872,ok,10.2,Mesopelagico (200–1.000 m),suitable,yes,resident,,,0.0,2647.0
1057,1057,Somniosus Microcephalus,Squalo Della Groenlandia,Greenland Shark,124452872,ok,9.1,Neritico marino – Pelagico,marginal,unknown,resident,,,0.0,2647.0
1058,1058,Sparus Aurata,Orata,Gilthead Seabream,1302459,ok,13.4,Lagune costiere salmastre/saline/laghi marini,suitable,yes,unknown,,,1.0,150.0
1058,1058,Sparus Aurata,Orata,Gilthead Seabream,1302459,ok,9.4,Neritico marino – Sabbioso subtidale,suitable,yes,unknown,,,1.0,150.0
1058,1058,Sparus Aurata,Orata,Gilthead Seabream,1302459,ok,9.5,Neritico marino – Fango sabbioso subtidale,suitable,yes,unknown,,,1.0,150.0
1058,1058,Sparus Aurata,Orata,Gilthead Seabream,1302459,ok,9.3,Neritico marino – Roccia/ciottoli/ghiaia sciolti subtidali,suitable,yes,unknown,,,1.0,150.0
1058,1058,Sparus Aurata,Orata,Gilthead Seabream,1302459,ok,9.6,Neritico marino – Subtidale fangoso,suitable,yes,unknown,,,1.0,150.0
1058,1058,Sparus Aurata,Orata,Gilthead Seabream,1302459,ok,9.10,Estuari,suitable,yes,unknown,,,1.0,150.0
1058,1058,Sparus Aurata,Orata,Gilthead Seabream,1302459,ok,9.7,Neritico marino – Macroalghe/alghe,suitable,yes,unknown,,,1.0,150.0
1058,1058,Sparus Aurata,Orata,Gilthead Seabream,1302459,ok,9.2,Neritica marina – Rocce e scogliere rocciose subtidali,suitable,yes,unknown,,,1.0,150.0
1058,1058,Sparus Aurata,Orata,Gilthead Seabream,1302459,ok,9.9,Erba marina sommersa,suitable,yes,unknown,,,1.0,150.0
1059,1059,Sphenodon Punctatus,Tuatara,Tuatara,120191347,ok,1.4,Foresta – Temperata,suitable,yes,resident,1.0,722.0,,
1059,1059,Sphenodon Punctatus,Tuatara,Tuatara,120191347,ok,3.4,Arbusti – Temperati,suitable,yes,resident,1.0,722.0,,
1059,1059,Sphenodon Punctatus,Tuatara,Tuatara,120191347,ok,14.2,Pascoli,suitable,yes,resident,1.0,722.0,,
1060,1060,Sphyraena Barracuda,Barracuda Gigante,Great Barracuda,115319634,ok,9.8,Neritica marina – Barriera corallina,suitable,yes,resident,,,0.0,110.0
1061,1061,Sphyrna Lewini,Squalo Martello Smerlato,Scalloped Hammerhead,2918526,ok,10.1,Epipelagico (0–200 m),suitable,yes,resident,,,0.0,1043.0
1061,1061,Sphyrna Lewini,Squalo Martello Smerlato,Scalloped Hammerhead,2918526,ok,9.1,Neritico marino – Pelagico,suitable,yes,resident,,,0.0,1043.0
1061,1061,Sphyrna Lewini,Squalo Martello Smerlato,Scalloped Hammerhead,2918526,ok,10.2,Mesopelagico (200–1.000 m),suitable,yes,resident,,,0.0,1043.0
1061,1061,Sphyrna Lewini,Squalo Martello Smerlato,Scalloped Hammerhead,2918526,ok,10.3,Batipelagico (1.000–4.000 m),suitable,yes,resident,,,0.0,1043.0
1061,1061,Sphyrna Lewini,Squalo Martello Smerlato,Scalloped Hammerhead,2918526,ok,9.4,Neritico marino – Sabbioso subtidale,suitable,yes,resident,,,0.0,1043.0
1061,1061,Sphyrna Lewini,Squalo Martello Smerlato,Scalloped Hammerhead,2918526,ok,9.5,Neritico marino – Fango sabbioso subtidale,suitable,yes,resident,,,0.0,1043.0
1061,1061,Sphyrna Lewini,Squalo Martello Smerlato,Scalloped Hammerhead,2918526,ok,9.6,Neritico marino – Subtidale fangoso,suitable,yes,resident,,,0.0,1043.0
1062,1062,Sphyrna Mokarran,Squalo Martello Gigante,Great Hammerhead,2920499,ok,10.1,Epipelagico (0–200 m),suitable,yes,resident,,,0.0,300.0
1062,1062,Sphyrna Mokarran,Squalo Martello Gigante,Great Hammerhead,2920499,ok,9.1,Neritico marino – Pelagico,suitable,yes,resident,,,0.0,300.0
1062,1062,Sphyrna Mokarran,Squalo Martello Gigante,Great Hammerhead,2920499,ok,10.2,Mesopelagico (200–1.000 m),suitable,yes,resident,,,0.0,300.0
1062,1062,Sphyrna Mokarran,Squalo Martello Gigante,Great Hammerhead,2920499,ok,9.4,Neritico marino – Sabbioso subtidale,suitable,yes,resident,,,0.0,300.0
1062,1062,Sphyrna Mokarran,Squalo Martello Gigante,Great Hammerhead,2920499,ok,9.5,Neritico marino – Fango sabbioso subtidale,suitable,yes,resident,,,0.0,300.0
1062,1062,Sphyrna Mokarran,Squalo Martello Gigante,Great Hammerhead,2920499,ok,9.6,Neritico marino – Subtidale fangoso,suitable,yes,resident,,,0.0,300.0
1063,1063,Sphyrna Zygaena,Squalo Martello Liscio,Smooth Hammerhead,2921825,ok,9.1,Neritico marino – Pelagico,suitable,yes,resident,,,1.0,200.0
1063,1063,Sphyrna Zygaena,Squalo Martello Liscio,Smooth Hammerhead,2921825,ok,10.1,Epipelagico (0–200 m),suitable,yes,resident,,,1.0,200.0
1063,1063,Sphyrna Zygaena,Squalo Martello Liscio,Smooth Hammerhead,2921825,ok,9.4,Neritico marino – Sabbioso subtidale,suitable,yes,resident,,,1.0,200.0
1063,1063,Sphyrna Zygaena,Squalo Martello Liscio,Smooth Hammerhead,2921825,ok,9.5,Neritico marino – Fango sabbioso subtidale,suitable,yes,resident,,,1.0,200.0
1063,1063,Sphyrna Zygaena,Squalo Martello Liscio,Smooth Hammerhead,2921825,ok,9.6,Neritico marino – Subtidale fangoso,suitable,yes,resident,,,1.0,200.0
1064,1064,Stegostoma Fasciatum,Squalo Zebra,Zebra Shark,,assessment_not_found,,,unknown,unknown,unknown,,,,
1065,1065,Symphysodon Aequifasciatus,Discus Azzurro,Blue Discus,141105884,ok,1.8,Foresta – Palude subtropicale/tropicale,suitable,unknown,resident,,,,
1065,1065,Symphysodon Aequifasciatus,Discus Azzurro,Blue Discus,141105884,ok,5.5,Zone umide (interne) – Laghi permanenti di acqua dolce (oltre 8 ettari),suitable,unknown,resident,,,,
1065,1065,Symphysodon Aequifasciatus,Discus Azzurro,Blue Discus,141105884,ok,5.1,Zone umide (interne) – Fiumi/torrenti/cascate permanenti,suitable,unknown,resident,,,,
1066,1066,Synanceia Verrucosa,Pesce Pietra,Reef Stonefish,116389039,ok,9.8,Neritica marina – Barriera corallina,suitable,unknown,unknown,,,1.0,20.0
1066,1066,Synanceia Verrucosa,Pesce Pietra,Reef Stonefish,116389039,ok,9.4,Neritico marino – Sabbioso subtidale,suitable,unknown,unknown,,,1.0,20.0
1066,1066,Synanceia Verrucosa,Pesce Pietra,Reef Stonefish,116389039,ok,9.2,Neritica marina – Rocce e scogliere rocciose subtidali,suitable,unknown,unknown,,,1.0,20.0
1067,1067,Taeniura Lymma,Razza A Coda Blu,Bluespotted Ribbontail Ray,116851089,ok,9.8,Neritica marina – Barriera corallina,suitable,yes,resident,,,0.0,50.0
1067,1067,Taeniura Lymma,Razza A Coda Blu,Bluespotted Ribbontail Ray,116851089,ok,12.7,Radici sommerse delle mangrovie,suitable,no,resident,,,0.0,50.0
1068,1068,Takifugu Rubripes,Torafugu,Torafugu,2247747,ok,9.4,Neritico marino – Sabbioso subtidale,unknown,unknown,unknown,,,10.0,135.0
1068,1068,Takifugu Rubripes,Torafugu,Torafugu,2247747,ok,9.5,Neritico marino – Fango sabbioso subtidale,unknown,unknown,unknown,,,10.0,135.0
1068,1068,Takifugu Rubripes,Torafugu,Torafugu,2247747,ok,9.10,Estuari,unknown,unknown,unknown,,,10.0,135.0
1068,1068,Takifugu Rubripes,Torafugu,Torafugu,2247747,ok,9.2,Neritica marina – Rocce e scogliere rocciose subtidali,unknown,unknown,unknown,,,10.0,135.0
1069,1069,Tarentola Mauritanica,Tarantola Muraiola,Moorish Gecko,210764472,ok,14.4,Orti rurali,suitable,unknown,resident,0.0,2500.0,,
1069,1069,Tarentola Mauritanica,Tarantola Muraiola,Moorish Gecko,210764472,ok,14.5,Aree urbane,suitable,unknown,resident,0.0,2500.0,,
1069,1069,Tarentola Mauritanica,Tarantola Muraiola,Moorish Gecko,210764472,ok,3.8,Arbusti – Vegetazione arbustiva di tipo mediterraneo,suitable,unknown,resident,0.0,2500.0,,
1069,1069,Tarentola Mauritanica,Tarantola Muraiola,Moorish Gecko,210764472,ok,14.1,Terreno arabile,suitable,unknown,resident,0.0,2500.0,,
1069,1069,Tarentola Mauritanica,Tarantola Muraiola,Moorish Gecko,210764472,ok,3.4,Arbusti – Temperati,suitable,unknown,resident,0.0,2500.0,,
1069,1069,Tarentola Mauritanica,Tarantola Muraiola,Moorish Gecko,210764472,ok,14.3,Piantagioni,suitable,unknown,resident,0.0,2500.0,,
1069,1069,Tarentola Mauritanica,Tarantola Muraiola,Moorish Gecko,210764472,ok,6,Zone rocciose,suitable,unknown,resident,0.0,2500.0,,
1069,1069,Tarentola Mauritanica,Tarantola Muraiola,Moorish Gecko,210764472,ok,14.2,Pascoli,suitable,unknown,resident,0.0,2500.0,,
1070,1070,Tetraodon Lineatus,Pesce Palla Lineato,Fahaka Pufferfish,135032367,ok,5.5,Zone umide (interne) – Laghi permanenti di acqua dolce (oltre 8 ettari),suitable,unknown,unknown,,,,
1070,1070,Tetraodon Lineatus,Pesce Palla Lineato,Fahaka Pufferfish,135032367,ok,5.1,Zone umide (interne) – Fiumi/torrenti/cascate permanenti,suitable,unknown,unknown,,,,
1071,1071,Thalassoma Bifasciatum,Labride Testablu,Bluehead Wrasse,8590861,ok,9.3,Neritico marino – Roccia/ciottoli/ghiaia sciolti subtidali,marginal,unknown,unknown,,,0.0,40.0
1071,1071,Thalassoma Bifasciatum,Labride Testablu,Bluehead Wrasse,8590861,ok,12.2,"Coste sabbiose e/o spiagge, banchi di sabbia, lingue di sabbia",marginal,unknown,unknown,,,0.0,40.0
1071,1071,Thalassoma Bifasciatum,Labride Testablu,Bluehead Wrasse,8590861,ok,9.7,Neritico marino – Macroalghe/alghe,marginal,unknown,unknown,,,0.0,40.0
1071,1071,Thalassoma Bifasciatum,Labride Testablu,Bluehead Wrasse,8590861,ok,9.8.2,Pendio posteriore,suitable,unknown,unknown,,,0.0,40.0
1071,1071,Thalassoma Bifasciatum,Labride Testablu,Bluehead Wrasse,8590861,ok,9.9,Erba marina sommersa,suitable,unknown,unknown,,,0.0,40.0
1072,1072,Thamnophis Sirtalis,Serpente Giarrettiera,Common Garter Snake,68308267,ok,1.4,Foresta – Temperata,suitable,unknown,unknown,,,,
1072,1072,Thamnophis Sirtalis,Serpente Giarrettiera,Common Garter Snake,68308267,ok,5.9,Zone umide (interne) – Sorgenti di acqua dolce e oasi,suitable,unknown,unknown,,,,
1072,1072,Thamnophis Sirtalis,Serpente Giarrettiera,Common Garter Snake,68308267,ok,5.8,Zone umide (interne) – Paludi/stagni d'acqua dolce stagionali/intermittenti (inferiori a 8 ettari),suitable,unknown,unknown,,,,
1072,1072,Thamnophis Sirtalis,Serpente Giarrettiera,Common Garter Snake,68308267,ok,5.7,Zone umide (interne) – Paludi/stagni d'acqua dolce permanenti (inferiori a 8 ettari),suitable,unknown,unknown,,,,
1072,1072,Thamnophis Sirtalis,Serpente Giarrettiera,Common Garter Snake,68308267,ok,5.6,Zone umide (interne) – Laghi d'acqua dolce stagionali/intermittenti (oltre 8 ha),suitable,unknown,unknown,,,,
1072,1072,Thamnophis Sirtalis,Serpente Giarrettiera,Common Garter Snake,68308267,ok,5.5,Zone umide (interne) – Laghi permanenti di acqua dolce (oltre 8 ettari),suitable,unknown,unknown,,,,
1072,1072,Thamnophis Sirtalis,Serpente Giarrettiera,Common Garter Snake,68308267,ok,5.4,"Zone umide (interne) – Paludi, acquitrini, torbiere",suitable,unknown,unknown,,,,
1072,1072,Thamnophis Sirtalis,Serpente Giarrettiera,Common Garter Snake,68308267,ok,5.3,Zone umide (interne) – Zone umide dominate da arbusti,suitable,unknown,unknown,,,,
1072,1072,Thamnophis Sirtalis,Serpente Giarrettiera,Common Garter Snake,68308267,ok,14.2,Pascoli,marginal,unknown,unknown,,,,
1072,1072,Thamnophis Sirtalis,Serpente Giarrettiera,Common Garter Snake,68308267,ok,14.4,Orti rurali,suitable,unknown,unknown,,,,
1072,1072,Thamnophis Sirtalis,Serpente Giarrettiera,Common Garter Snake,68308267,ok,15.2,Stagni sotto gli 8 ettari,suitable,unknown,unknown,,,,
1072,1072,Thamnophis Sirtalis,Serpente Giarrettiera,Common Garter Snake,68308267,ok,15.3,Stagni per l'acquacoltura,suitable,unknown,unknown,,,,
1072,1072,Thamnophis Sirtalis,Serpente Giarrettiera,Common Garter Snake,68308267,ok,15.7,"Terreni irrigati, compresi i canali di irrigazione",suitable,unknown,unknown,,,,
1072,1072,Thamnophis Sirtalis,Serpente Giarrettiera,Common Garter Snake,68308267,ok,15.8,Terreni agricoli soggetti a inondazioni stagionali,marginal,unknown,unknown,,,,
1072,1072,Thamnophis Sirtalis,Serpente Giarrettiera,Common Garter Snake,68308267,ok,15.9,Canali e fossi di drenaggio,suitable,unknown,unknown,,,,
1072,1072,Thamnophis Sirtalis,Serpente Giarrettiera,Common Garter Snake,68308267,ok,2.2,Savana - Umida,suitable,unknown,unknown,,,,
1072,1072,Thamnophis Sirtalis,Serpente Giarrettiera,Common Garter Snake,68308267,ok,3.4,Arbusti – Temperati,suitable,unknown,unknown,,,,
1072,1072,Thamnophis Sirtalis,Serpente Giarrettiera,Common Garter Snake,68308267,ok,1.1,Foresta boreale,marginal,unknown,unknown,,,,
1072,1072,Thamnophis Sirtalis,Serpente Giarrettiera,Common Garter Snake,68308267,ok,4.4,Prateria – Temperata,marginal,unknown,unknown,,,,
1072,1072,Thamnophis Sirtalis,Serpente Giarrettiera,Common Garter Snake,68308267,ok,5.1,Zone umide (interne) – Fiumi/torrenti/cascate permanenti,suitable,unknown,unknown,,,,
1072,1072,Thamnophis Sirtalis,Serpente Giarrettiera,Common Garter Snake,68308267,ok,5.2,Zone umide (interne) – Fiumi/torrenti/canali stagionali/intermittenti/irregolari,suitable,unknown,unknown,,,,
1073,1073,Thunnus Thynnus,Tonno Rosso,Atlantic Bluefin Tuna,46913402,ok,10.2,Mesopelagico (200–1.000 m),suitable,unknown,unknown,,,0.0,1015.0
1073,1073,Thunnus Thynnus,Tonno Rosso,Atlantic Bluefin Tuna,46913402,ok,9.1,Neritico marino – Pelagico,suitable,unknown,unknown,,,0.0,1015.0
1073,1073,Thunnus Thynnus,Tonno Rosso,Atlantic Bluefin Tuna,46913402,ok,10.1,Epipelagico (0–200 m),suitable,unknown,unknown,,,0.0,1015.0
1074,1074,Tinca Tinca,Tinca,Tench,2780110,ok,5.7,Zone umide (interne) – Paludi/stagni d'acqua dolce permanenti (inferiori a 8 ettari),suitable,yes,resident,,,,
1074,1074,Tinca Tinca,Tinca,Tench,2780110,ok,5.5,Zone umide (interne) – Laghi permanenti di acqua dolce (oltre 8 ettari),suitable,yes,resident,,,,
1074,1074,Tinca Tinca,Tinca,Tench,2780110,ok,15.1,Aree di stoccaggio dell'acqua oltre 8 ettari,suitable,no,resident,,,,
1074,1074,Tinca Tinca,Tinca,Tench,2780110,ok,15.2,Stagni sotto gli 8 ettari,suitable,no,resident,,,,
1074,1074,Tinca Tinca,Tinca,Tench,2780110,ok,15.9,Canali e fossi di drenaggio,suitable,no,resident,,,,
1074,1074,Tinca Tinca,Tinca,Tench,2780110,ok,5.1,Zone umide (interne) – Fiumi/torrenti/cascate permanenti,suitable,yes,resident,,,,
1074,1074,Tinca Tinca,Tinca,Tench,2780110,ok,5.13,Zone umide (interne) – Delta interni permanenti,suitable,yes,resident,,,,
1075,1075,Torpedo Marmorata,Torpedine Marmorata,Marbled Electric Ray,124466265,ok,9.5,Neritico marino – Fango sabbioso subtidale,suitable,yes,resident,,,0.0,370.0
1075,1075,Torpedo Marmorata,Torpedine Marmorata,Marbled Electric Ray,124466265,ok,9.6,Neritico marino – Subtidale fangoso,suitable,yes,resident,,,0.0,370.0
1075,1075,Torpedo Marmorata,Torpedine Marmorata,Marbled Electric Ray,124466265,ok,9.4,Neritico marino – Sabbioso subtidale,suitable,yes,resident,,,0.0,370.0
1075,1075,Torpedo Marmorata,Torpedine Marmorata,Marbled Electric Ray,124466265,ok,11.1.1,Pendio continentale/Zona batilica – Substrato rigido,suitable,yes,resident,,,0.0,370.0
1075,1075,Torpedo Marmorata,Torpedine Marmorata,Marbled Electric Ray,124466265,ok,11.1.2,Pendio continentale/Zona batilica – Substrato morbido,suitable,yes,resident,,,0.0,370.0
1076,1076,Toxotes Jaculatrix,Pesce Arciere,Banded Archerfish,2458352,ok,5.1,Zone umide (interne) – Fiumi/torrenti/cascate permanenti,suitable,unknown,unknown,,,,
1076,1076,Toxotes Jaculatrix,Pesce Arciere,Banded Archerfish,2458352,ok,9.8,Neritica marina – Barriera corallina,suitable,unknown,unknown,,,,
1076,1076,Toxotes Jaculatrix,Pesce Arciere,Banded Archerfish,2458352,ok,12.7,Radici sommerse delle mangrovie,suitable,yes,unknown,,,,
1076,1076,Toxotes Jaculatrix,Pesce Arciere,Banded Archerfish,2458352,ok,9.10,Estuari,suitable,yes,unknown,,,,
1077,1077,Trachinus Draco,Pesce Ragno Maggiore,Greater Weever,42691954,ok,10.2,Mesopelagico (200–1.000 m),suitable,unknown,unknown,,,0.0,200.0
1078,1078,Trachurus Trachurus,Suro Atlantico,Atlantic Horse Mackerel,43157137,ok,10.1,Epipelagico (0–200 m),marginal,unknown,unknown,,,0.0,1050.0
1078,1078,Trachurus Trachurus,Suro Atlantico,Atlantic Horse Mackerel,43157137,ok,9.6,Neritico marino – Subtidale fangoso,suitable,unknown,unknown,,,0.0,1050.0
1078,1078,Trachurus Trachurus,Suro Atlantico,Atlantic Horse Mackerel,43157137,ok,9.1,Neritico marino – Pelagico,suitable,unknown,unknown,,,0.0,1050.0
1079,1079,Tupinambis Teguixin,Tegù Dorato,Gold Tegu,44579792,ok,1.8,Foresta – Palude subtropicale/tropicale,suitable,yes,resident,0.0,600.0,,
1079,1079,Tupinambis Teguixin,Tegù Dorato,Gold Tegu,44579792,ok,1.6,Foresta – Pianura umida subtropicale/tropicale,suitable,yes,resident,0.0,600.0,,
1079,1079,Tupinambis Teguixin,Tegù Dorato,Gold Tegu,44579792,ok,2.2,Savana - Umida,unknown,unknown,unknown,0.0,600.0,,
1079,1079,Tupinambis Teguixin,Tegù Dorato,Gold Tegu,44579792,ok,14.4,Orti rurali,unknown,unknown,resident,0.0,600.0,,
1079,1079,Tupinambis Teguixin,Tegù Dorato,Gold Tegu,44579792,ok,12.2,"Coste sabbiose e/o spiagge, banchi di sabbia, lingue di sabbia",unknown,unknown,resident,0.0,600.0,,
1079,1079,Tupinambis Teguixin,Tegù Dorato,Gold Tegu,44579792,ok,14.5,Aree urbane,suitable,unknown,unknown,0.0,600.0,,
1079,1079,Tupinambis Teguixin,Tegù Dorato,Gold Tegu,44579792,ok,14.6,Foresta subtropicale/tropicale fortemente degradata,suitable,unknown,unknown,0.0,600.0,,
1082,1082,Uranoscopus Scaber,Pesce Prete,Atlantic Stargazer,42691994,ok,10.2,Mesopelagico (200–1.000 m),suitable,yes,resident,,,15.0,400.0
1082,1082,Uranoscopus Scaber,Pesce Prete,Atlantic Stargazer,42691994,ok,10.1,Epipelagico (0–200 m),suitable,yes,resident,,,15.0,400.0
1083,1083,Xiphias Gladius,Pesce Spada,Swordfish,46625751,ok,10.2,Mesopelagico (200–1.000 m),suitable,unknown,unknown,,,0.0,2878.0
1083,1083,Xiphias Gladius,Pesce Spada,Swordfish,46625751,ok,9.1,Neritico marino – Pelagico,suitable,unknown,unknown,,,0.0,2878.0
1083,1083,Xiphias Gladius,Pesce Spada,Swordfish,46625751,ok,10.1,Epipelagico (0–200 m),suitable,unknown,unknown,,,0.0,2878.0
1083,1083,Xiphias Gladius,Pesce Spada,Swordfish,46625751,ok,10.3,Batipelagico (1.000–4.000 m),suitable,unknown,unknown,,,0.0,2878.0
1084,1084,Zanclus Cornutus,Pesce Idolo Moresco,Moorish Idol,69742744,ok,9.8,Neritica marina – Barriera corallina,suitable,yes,resident,,,1.0,180.0
1084,1084,Zanclus Cornutus,Pesce Idolo Moresco,Moorish Idol,69742744,ok,9.2,Neritica marina – Rocce e scogliere rocciose subtidali,suitable,yes,resident,,,1.0,180.0
1084,1084,Zanclus Cornutus,Pesce Idolo Moresco,Moorish Idol,69742744,ok,9.8.4,Laguna,suitable,yes,resident,,,1.0,180.0
1085,1085,Zeus Faber,Pesce San Pietro,John Dory,42390771,ok,9.6,Neritico marino – Subtidale fangoso,suitable,unknown,unknown,,,25.0,400.0
1085,1085,Zeus Faber,Pesce San Pietro,John Dory,42390771,ok,9.5,Neritico marino – Fango sabbioso subtidale,suitable,unknown,unknown,,,25.0,400.0
1085,1085,Zeus Faber,Pesce San Pietro,John Dory,42390771,ok,9.4,Neritico marino – Sabbioso subtidale,suitable,unknown,unknown,,,25.0,400.0
1085,1085,Zeus Faber,Pesce San Pietro,John Dory,42390771,ok,9.3,Neritico marino – Roccia/ciottoli/ghiaia sciolti subtidali,suitable,unknown,unknown,,,25.0,400.0
